年月日,場所,R,馬番,レース名,芝・ダ,距離,馬名,性別,騎手,調教師,所属,父,芝・ダ,コースID,所属,日にち判定,前日判定,水曜日判定,木曜日判定,先週の土曜日判定,先週の日曜日判定,2w前の土曜日判定,2w前の日曜日判定,坂2w前 土 TIME1,坂2w前 土 LAP1,坂2w前 土 LAP2,坂2w前 日 TIME1,坂2w前 日 LAP1,坂2w前 日 LAP2,坂1w前 土 TIME1,坂1w前 土 LAP1,坂1w前 土 LAP2,坂1w前 日 TIME1,坂1w前 日 LAP1,坂1w前 日 LAP2, 坂 水 TIME1, 坂 水 LAP1, 坂 水 LAP2, 坂 水 LAP3, 坂 水 LAP4, 坂 木 TIME1, 坂 木 LAP1, 坂 木 LAP2, 坂 木 LAP3, 坂 木 LAP4, 坂 前日 TIME1,ウ2w前 土 １F,ウ2w前 日 １F,ウ1w前 土 １F,ウ1w前 土 5F,ウ1w前 日 １F,ウ1w前 日 5F,ウ 水 1F,ウ 水 4F,ウ 水 5F,ウ 水 6F,ウ 木 1F,ウ 木 4F,ウ 木 5F,ウ 木 6F,調教師判定,ウ 水1F,ウ 木1F,ウ 1F判定,ウ 前日 5F,水曜日A3,木曜日A3,A3LAP判定,水曜日B3,木曜日B3,B3LAP判定,前日坂路時計,前日坂路TIME１判定,水曜坂路爆速,木曜坂路爆速,坂路爆速判定,水曜地雷ラップ,木曜地雷ラップ,地雷ラップ判定,コース判定,A3高勝率Lap,本命候補判定,相手候補判定,ZI,脚質,枠,レースID,血統登録番号
20260829,札幌,1,1,未勝利,ダ,1700,アズライトアスール,牡,河原田菜,鈴木孝志,栗,ミッキーアイル,1,札幌ダ1700,2,R8.8.29,アズライトアスール46262,アズライトアスール46260,アズライトアスール46261,アズライトアスール46256,アズライトアスール46257,アズライトアスール46249,アズライトアスール46250,なし,なし,なし,なし,なし,なし,なし,なし,なし,なし,なし,なし,なし,なし,なし,なし,なし,なし,なし,なし,なし,なし,なし,なし,なし,なし,なし,なし,なし,なし,なし,なし,なし,なし,なし,なし,なし,なし,なし,なし,なし,なし,なし,なし,なし,なし,なし,なし,なし,なし,なし,なし,なし,なし,なし,なし,なし,なし,なし,なし,97,追,1,2.02608E+17,23100785
20260829,札幌,1,2,未勝利,ダ,1700,ロードステラート,牡,横山和生,武英智,栗,キタサンブラック,1,札幌ダ1700,2,R8.8.29,ロードステラート46262,ロードステラート46260,ロードステラート46261,ロードステラート46256,ロードステラート46257,ロードステラート46249,ロードステラート46250,なし,なし,なし,なし,なし,なし,なし,なし,なし,なし,なし,なし,なし,なし,なし,なし,なし,なし,なし,なし,なし,なし,なし,なし,なし,なし,なし,なし,なし,なし,なし,なし,なし,なし,なし,なし,なし,FALSE,なし,なし,なし,なし,なし,なし,なし,なし,なし,なし,なし,なし,なし,なし,なし,なし,なし,なし,TRUE,なし,〇,なし,104,先,2,2.02608E+17,23105838
20260829,札幌,1,3,未勝利,ダ,1700,アスコットダンス,牝,古川奈穂,高橋康之,栗,モズアスコット,1,札幌ダ1700,2,R8.8.29,アスコットダンス46262,アスコットダンス46260,アスコットダンス46261,アスコットダンス46256,アスコットダンス46257,アスコットダンス46249,アスコットダンス46250,なし,なし,なし,なし,なし,なし,なし,なし,なし,なし,なし,なし,なし,なし,なし,なし,なし,なし,なし,なし,なし,なし,なし,なし,なし,なし,なし,なし,なし,なし,なし,なし,なし,なし,なし,なし,なし,なし,なし,なし,なし,なし,なし,なし,なし,なし,なし,なし,なし,なし,なし,なし,なし,なし,なし,なし,なし,なし,なし,なし,88,逃,3,2.02608E+17,23105144
20260829,札幌,1,4,未勝利,ダ,1700,ショウナンタヅナ,牡,池添謙一,武市康男,美,ドレフォン,1,札幌ダ1700,1,R8.8.29,ショウナンタヅナ46262,ショウナンタヅナ46260,ショウナンタヅナ46261,ショウナンタヅナ46256,ショウナンタヅナ46257,ショウナンタヅナ46249,ショウナンタヅナ46250,なし,なし,なし,なし,なし,なし,なし,なし,なし,なし,なし,なし,なし,なし,なし,なし,なし,なし,なし,なし,なし,なし,なし,なし,なし,なし,なし,なし,なし,なし,なし,なし,なし,なし,なし,なし,なし,なし,なし,なし,なし,なし,なし,なし,なし,なし,なし,なし,なし,なし,なし,なし,なし,なし,なし,なし,なし,なし,なし,なし,112,追,3,2.02608E+17,23100531
20260829,札幌,1,5,未勝利,ダ,1700,フロムザムーン,牡,石川倭,畑端省吾,栗,ルヴァンスレーヴ,1,札幌ダ1700,2,R8.8.29,フロムザムーン46262,フロムザムーン46260,フロムザムーン46261,フロムザムーン46256,フロムザムーン46257,フロムザムーン46249,フロムザムーン46250,なし,なし,なし,なし,なし,なし,なし,なし,なし,なし,なし,なし,なし,なし,なし,なし,なし,なし,なし,なし,なし,なし,なし,なし,なし,なし,なし,なし,なし,なし,なし,なし,なし,なし,なし,なし,なし,なし,なし,なし,なし,なし,なし,なし,なし,なし,なし,なし,なし,なし,なし,なし,なし,なし,なし,なし,なし,なし,なし,なし,99,追,4,2.02608E+17,23102369
20260829,札幌,1,6,未勝利,ダ,1700,ワンダーアスク,牝,川又賢治,笹田和秀,栗,オルフェーヴル,1,札幌ダ1700,2,R8.8.29,ワンダーアスク46262,ワンダーアスク46260,ワンダーアスク46261,ワンダーアスク46256,ワンダーアスク46257,ワンダーアスク46249,ワンダーアスク46250,なし,なし,なし,なし,なし,なし,なし,なし,なし,なし,なし,なし,なし,なし,なし,なし,なし,なし,なし,なし,なし,なし,なし,なし,なし,なし,なし,なし,なし,なし,なし,なし,なし,なし,なし,なし,なし,なし,なし,なし,なし,なし,なし,なし,なし,なし,なし,なし,なし,なし,なし,なし,なし,なし,なし,なし,なし,なし,なし,なし,109,差,4,2.02608E+17,23103191
20260829,札幌,1,7,未勝利,ダ,1700,ダリアフレイバー,牝,鮫島克駿,河嶋宏樹,栗,ルヴァンスレーヴ,1,札幌ダ1700,2,R8.8.29,ダリアフレイバー46262,ダリアフレイバー46260,ダリアフレイバー46261,ダリアフレイバー46256,ダリアフレイバー46257,ダリアフレイバー46249,ダリアフレイバー46250,なし,なし,なし,なし,なし,なし,なし,なし,なし,なし,なし,なし,なし,なし,なし,なし,なし,なし,なし,なし,なし,なし,なし,なし,なし,なし,なし,なし,なし,なし,なし,なし,なし,なし,なし,なし,なし,なし,なし,なし,なし,なし,なし,なし,なし,なし,なし,なし,なし,なし,なし,なし,なし,なし,なし,なし,TRUE,なし,〇,なし,91,差,5,2.02608E+17,23102197
20260829,札幌,1,8,未勝利,ダ,1700,アイムスティルミー,セ,古川吉洋,奥平雅士,美,ダノンバラード,1,札幌ダ1700,1,R8.8.29,アイムスティルミー46262,アイムスティルミー46260,アイムスティルミー46261,アイムスティルミー46256,アイムスティルミー46257,アイムスティルミー46249,アイムスティルミー46250,なし,なし,なし,なし,なし,なし,なし,なし,なし,なし,なし,なし,なし,なし,なし,なし,なし,なし,なし,なし,なし,なし,なし,なし,11.5,なし,なし,なし,なし,なし,なし,なし,なし,なし,なし,なし,なし,なし,なし,なし,なし,なし,なし,なし,なし,なし,なし,なし,なし,なし,なし,なし,なし,なし,なし,なし,なし,なし,なし,なし,99,差,5,2.02608E+17,23106595
20260829,札幌,1,9,未勝利,ダ,1700,ゴールデンダガー,牡,横山琉人,中舘英二,美,フィエールマン,1,札幌ダ1700,1,R8.8.29,ゴールデンダガー46262,ゴールデンダガー46260,ゴールデンダガー46261,ゴールデンダガー46256,ゴールデンダガー46257,ゴールデンダガー46249,ゴールデンダガー46250,なし,なし,なし,なし,なし,なし,なし,なし,なし,なし,なし,なし,なし,なし,なし,なし,なし,なし,なし,なし,なし,なし,なし,なし,なし,なし,なし,なし,なし,なし,なし,なし,なし,なし,なし,なし,なし,なし,なし,なし,なし,なし,なし,なし,なし,なし,なし,なし,なし,なし,なし,なし,なし,なし,なし,なし,なし,なし,なし,なし,117,差,6,2.02608E+17,23105726
20260829,札幌,1,10,未勝利,ダ,1700,クールフィデル,牡,落合玄太,和田勇介,美,サートゥルナーリア,1,札幌ダ1700,1,R8.8.29,クールフィデル46262,クールフィデル46260,クールフィデル46261,クールフィデル46256,クールフィデル46257,クールフィデル46249,クールフィデル46250,なし,なし,なし,なし,なし,なし,なし,なし,なし,なし,なし,なし,なし,なし,なし,なし,なし,なし,なし,なし,なし,なし,なし,なし,なし,なし,なし,なし,なし,なし,なし,なし,なし,なし,なし,なし,なし,なし,なし,なし,なし,なし,なし,なし,なし,なし,なし,なし,なし,なし,なし,なし,なし,なし,なし,なし,TRUE,なし,〇,なし,106,先,6,2.02608E+17,23103483
20260829,札幌,1,11,未勝利,ダ,1700,メイショウタイザン,牡,小沢大仁,高橋義忠,栗,ミッキーアイル,1,札幌ダ1700,2,R8.8.29,メイショウタイザン46262,メイショウタイザン46260,メイショウタイザン46261,メイショウタイザン46256,メイショウタイザン46257,メイショウタイザン46249,メイショウタイザン46250,なし,なし,なし,なし,なし,なし,なし,なし,なし,なし,なし,なし,なし,なし,なし,なし,なし,なし,なし,なし,なし,なし,なし,なし,なし,なし,なし,なし,なし,なし,なし,なし,なし,なし,なし,なし,なし,なし,なし,なし,なし,なし,なし,なし,なし,なし,なし,なし,なし,なし,なし,なし,なし,なし,なし,なし,なし,なし,なし,なし,109,先,7,2.02608E+17,23106570
20260829,札幌,1,12,未勝利,ダ,1700,サンオブザサン,牡,斎藤新,高橋一哉,栗,タニノフランケル,1,札幌ダ1700,2,R8.8.29,サンオブザサン46262,サンオブザサン46260,サンオブザサン46261,サンオブザサン46256,サンオブザサン46257,サンオブザサン46249,サンオブザサン46250,なし,なし,なし,なし,なし,なし,なし,なし,なし,なし,なし,なし,なし,なし,なし,なし,なし,なし,なし,なし,なし,なし,なし,なし,なし,なし,なし,なし,なし,なし,なし,なし,なし,なし,なし,なし,なし,なし,なし,なし,なし,なし,なし,なし,なし,なし,なし,なし,なし,なし,なし,なし,なし,なし,なし,なし,なし,なし,なし,なし,119,マ,7,2.02608E+17,23101979
20260829,札幌,1,13,未勝利,ダ,1700,ベルアズーロ,牡,小林美駒,西村真幸,栗,フィレンツェファイア,1,札幌ダ1700,2,R8.8.29,ベルアズーロ46262,ベルアズーロ46260,ベルアズーロ46261,ベルアズーロ46256,ベルアズーロ46257,ベルアズーロ46249,ベルアズーロ46250,65,14.7,15.8,61.8,13.4,14.3,なし,なし,なし,なし,なし,なし,なし,なし,なし,なし,なし,なし,なし,なし,なし,なし,なし,なし,なし,なし,なし,なし,なし,なし,なし,なし,なし,なし,なし,なし,なし,なし,なし,なし,なし,なし,なし,なし,なし,なし,なし,なし,なし,なし,なし,なし,なし,なし,なし,なし,なし,なし,なし,なし,106,先,8,2.02608E+17,23103168
20260829,札幌,1,14,未勝利,ダ,1700,アーデルブリックス,牡,北村友一,坂口智康,栗,ブリックスアンドモルタル,1,札幌ダ1700,2,R8.8.29,アーデルブリックス46262,アーデルブリックス46260,アーデルブリックス46261,アーデルブリックス46256,アーデルブリックス46257,アーデルブリックス46249,アーデルブリックス46250,なし,なし,なし,なし,なし,なし,なし,なし,なし,なし,なし,なし,なし,なし,なし,なし,なし,なし,なし,なし,なし,なし,なし,なし,なし,なし,なし,なし,なし,なし,なし,なし,なし,なし,なし,なし,なし,なし,なし,なし,なし,なし,なし,なし,なし,なし,なし,なし,なし,なし,なし,なし,なし,なし,なし,なし,なし,なし,なし,なし,97,逃,8,2.02608E+17,23106863
20260829,札幌,2,1,未勝利・牝*,芝,1500,セールデュクール,牝,和田陽希,深山雅史,美,ベンバトル,2,札幌芝1500,1,R8.8.29,セールデュクール46262,セールデュクール46260,セールデュクール46261,セールデュクール46256,セールデュクール46257,セールデュクール46249,セールデュクール46250,なし,なし,なし,なし,なし,なし,なし,なし,なし,なし,なし,なし,なし,なし,なし,なし,なし,なし,なし,なし,なし,なし,なし,なし,なし,なし,なし,なし,なし,なし,なし,なし,なし,なし,なし,なし,なし,なし,なし,なし,なし,なし,なし,なし,なし,なし,なし,なし,なし,なし,なし,なし,なし,なし,なし,なし,なし,なし,なし,なし,93,　,1,2.02608E+17,24103622
20260829,札幌,2,2,未勝利・牝*,芝,1500,ロゼハイスクール,牝,古川奈穂,小崎憲,栗,ミスチヴィアスアレックス,2,札幌芝1500,2,R8.8.29,ロゼハイスクール46262,ロゼハイスクール46260,ロゼハイスクール46261,ロゼハイスクール46256,ロゼハイスクール46257,ロゼハイスクール46249,ロゼハイスクール46250,なし,なし,なし,なし,なし,なし,なし,なし,なし,なし,なし,なし,なし,なし,なし,なし,なし,なし,なし,なし,なし,なし,なし,なし,なし,なし,なし,なし,なし,なし,なし,なし,なし,なし,なし,なし,なし,なし,なし,なし,なし,なし,なし,なし,なし,なし,なし,なし,なし,なし,なし,なし,なし,なし,なし,なし,なし,なし,なし,なし,86,先,2,2.02608E+17,24105019
20260829,札幌,2,3,未勝利・牝*,芝,1500,フォルトゥナロッサ,牝,浜中俊,武幸四郎,栗,サートゥルナーリア,2,札幌芝1500,2,R8.8.29,フォルトゥナロッサ46262,フォルトゥナロッサ46260,フォルトゥナロッサ46261,フォルトゥナロッサ46256,フォルトゥナロッサ46257,フォルトゥナロッサ46249,フォルトゥナロッサ46250,なし,なし,なし,なし,なし,なし,なし,なし,なし,なし,なし,なし,なし,なし,なし,なし,なし,なし,なし,なし,なし,なし,なし,なし,なし,なし,なし,なし,なし,なし,なし,なし,なし,なし,なし,なし,なし,FALSE,なし,なし,なし,なし,なし,なし,なし,なし,なし,なし,なし,なし,なし,なし,なし,なし,なし,なし,なし,なし,なし,なし,116,　,3,2.02608E+17,24105934
20260829,札幌,2,4,未勝利・牝*,芝,1500,セイレイカ,牝,横山典弘,昆貢,栗,エフフォーリア,2,札幌芝1500,2,R8.8.29,セイレイカ46262,セイレイカ46260,セイレイカ46261,セイレイカ46256,セイレイカ46257,セイレイカ46249,セイレイカ46250,なし,なし,なし,なし,なし,なし,なし,なし,なし,なし,なし,なし,なし,なし,なし,なし,なし,なし,なし,なし,なし,なし,なし,なし,なし,なし,なし,なし,なし,なし,なし,なし,なし,なし,なし,なし,なし,なし,なし,なし,なし,なし,なし,なし,なし,なし,なし,なし,なし,なし,なし,なし,なし,なし,なし,なし,なし,なし,なし,なし,112,　,4,2.02608E+17,24105494
20260829,札幌,2,5,未勝利・牝*,芝,1500,タプティ,牝,小沢大仁,岡田稲男,栗,ダノンスマッシュ,2,札幌芝1500,2,R8.8.29,タプティ46262,タプティ46260,タプティ46261,タプティ46256,タプティ46257,タプティ46249,タプティ46250,なし,なし,なし,なし,なし,なし,なし,なし,なし,なし,なし,なし,なし,なし,なし,なし,なし,なし,なし,なし,なし,なし,なし,なし,なし,なし,なし,なし,なし,なし,なし,なし,なし,なし,なし,なし,なし,なし,なし,なし,なし,なし,なし,なし,なし,なし,なし,なし,なし,なし,なし,なし,なし,なし,なし,なし,なし,なし,なし,なし,104,　,4,2.02608E+17,24100935
20260829,札幌,2,6,未勝利・牝*,芝,1500,ルギッドドランジュ,牝,北村友一,秋本大介,美,ジャンダルム,2,札幌芝1500,1,R8.8.29,ルギッドドランジュ46262,ルギッドドランジュ46260,ルギッドドランジュ46261,ルギッドドランジュ46256,ルギッドドランジュ46257,ルギッドドランジュ46249,ルギッドドランジュ46250,なし,なし,なし,なし,なし,なし,なし,なし,なし,なし,なし,なし,なし,なし,なし,なし,なし,なし,なし,なし,なし,なし,なし,なし,なし,なし,なし,なし,なし,なし,なし,なし,なし,なし,なし,なし,なし,なし,なし,なし,なし,なし,なし,なし,なし,なし,なし,なし,なし,なし,なし,なし,なし,なし,なし,なし,なし,なし,なし,なし,108,先,5,2.02608E+17,24100800
20260829,札幌,2,7,未勝利・牝*,芝,1500,コイゾラ,牝,河原田菜,浅利英明,美,インディチャンプ,2,札幌芝1500,1,R8.8.29,コイゾラ46262,コイゾラ46260,コイゾラ46261,コイゾラ46256,コイゾラ46257,コイゾラ46249,コイゾラ46250,なし,なし,なし,なし,なし,なし,なし,なし,なし,なし,なし,なし,なし,なし,なし,なし,なし,なし,なし,なし,なし,なし,なし,なし,なし,なし,なし,なし,なし,なし,なし,なし,なし,なし,なし,なし,なし,なし,なし,なし,なし,なし,なし,なし,なし,なし,なし,なし,なし,なし,なし,なし,なし,なし,なし,なし,なし,なし,なし,なし,91,　,5,2.02608E+17,24103350
20260829,札幌,2,8,未勝利・牝*,芝,1500,リラカリス,牝,丹内祐次,新谷功一,栗,レイデオロ,2,札幌芝1500,2,R8.8.29,リラカリス46262,リラカリス46260,リラカリス46261,リラカリス46256,リラカリス46257,リラカリス46249,リラカリス46250,なし,なし,なし,なし,なし,なし,なし,なし,なし,なし,なし,なし,なし,なし,なし,なし,なし,なし,なし,なし,なし,なし,なし,なし,なし,なし,なし,なし,なし,なし,なし,なし,なし,なし,なし,なし,なし,なし,なし,なし,なし,なし,なし,なし,なし,なし,なし,なし,なし,なし,なし,なし,なし,なし,なし,なし,なし,なし,なし,なし,90,追,6,2.02608E+17,24102008
20260829,札幌,2,9,未勝利・牝*,芝,1500,ソーハッピー,牝,小林美駒,松下武士,栗,モズアスコット,2,札幌芝1500,2,R8.8.29,ソーハッピー46262,ソーハッピー46260,ソーハッピー46261,ソーハッピー46256,ソーハッピー46257,ソーハッピー46249,ソーハッピー46250,なし,なし,なし,なし,なし,なし,なし,なし,なし,なし,なし,なし,なし,なし,なし,なし,なし,なし,なし,なし,なし,なし,なし,なし,なし,なし,なし,なし,なし,なし,なし,なし,なし,なし,なし,なし,なし,なし,なし,なし,なし,なし,なし,なし,なし,なし,なし,なし,なし,なし,なし,なし,なし,なし,なし,なし,なし,なし,なし,なし,97,　,6,2.02608E+17,24101900
20260829,札幌,2,10,未勝利・牝*,芝,1500,アヴレディール,牝,吉田隼人,松永幹夫,栗,ジャスタウェイ,2,札幌芝1500,2,R8.8.29,アヴレディール46262,アヴレディール46260,アヴレディール46261,アヴレディール46256,アヴレディール46257,アヴレディール46249,アヴレディール46250,なし,なし,なし,なし,なし,なし,なし,なし,なし,なし,なし,なし,なし,なし,なし,なし,なし,なし,なし,なし,なし,なし,なし,なし,なし,なし,なし,なし,なし,なし,なし,なし,なし,なし,なし,なし,なし,なし,なし,なし,なし,なし,なし,なし,なし,なし,なし,なし,なし,なし,なし,なし,なし,なし,なし,なし,なし,なし,なし,なし,108,　,7,2.02608E+17,24105638
20260829,札幌,2,11,未勝利・牝*,芝,1500,ルイスイメル,牝,遠藤汰月,本田優,栗,モズアスコット,2,札幌芝1500,2,R8.8.29,ルイスイメル46262,ルイスイメル46260,ルイスイメル46261,ルイスイメル46256,ルイスイメル46257,ルイスイメル46249,ルイスイメル46250,なし,なし,なし,なし,なし,なし,なし,なし,なし,なし,なし,なし,なし,なし,なし,なし,なし,なし,なし,なし,なし,なし,なし,なし,なし,なし,なし,なし,なし,なし,なし,なし,なし,なし,なし,なし,なし,なし,なし,なし,なし,なし,なし,なし,なし,なし,なし,なし,なし,なし,なし,なし,なし,なし,なし,なし,なし,なし,なし,なし,94,　,7,2.02608E+17,24105051
20260829,札幌,2,12,未勝利・牝*,芝,1500,バタフライ,牝,原田和真,松山将樹,美,タワーオブロンドン,2,札幌芝1500,1,R8.8.29,バタフライ46262,バタフライ46260,バタフライ46261,バタフライ46256,バタフライ46257,バタフライ46249,バタフライ46250,なし,なし,なし,なし,なし,なし,なし,なし,なし,なし,なし,なし,なし,なし,なし,なし,なし,なし,なし,なし,なし,なし,なし,なし,なし,なし,なし,なし,なし,なし,なし,なし,なし,なし,なし,なし,なし,なし,なし,なし,なし,なし,なし,なし,なし,なし,なし,なし,なし,なし,なし,なし,なし,なし,なし,なし,なし,なし,なし,なし,100,　,8,2.02608E+17,24107318
20260829,札幌,2,13,未勝利・牝*,芝,1500,サトノパラディ,牝,鮫島克駿,平田修,栗,サトノクラウン,2,札幌芝1500,2,R8.8.29,サトノパラディ46262,サトノパラディ46260,サトノパラディ46261,サトノパラディ46256,サトノパラディ46257,サトノパラディ46249,サトノパラディ46250,なし,なし,なし,なし,なし,なし,なし,なし,なし,なし,なし,なし,なし,なし,なし,なし,なし,なし,なし,なし,なし,なし,なし,なし,なし,なし,なし,なし,なし,なし,なし,なし,なし,なし,なし,なし,なし,なし,なし,なし,なし,なし,なし,なし,なし,なし,なし,なし,なし,なし,なし,なし,なし,なし,なし,なし,なし,なし,なし,なし,88,先,8,2.02608E+17,24106326
20260829,札幌,3,1,未勝利*,芝,1800,ダノンキューブ,牝,武豊,橋口慎介,栗,キタサンブラック,2,札幌芝1800,2,R8.8.29,ダノンキューブ46262,ダノンキューブ46260,ダノンキューブ46261,ダノンキューブ46256,ダノンキューブ46257,ダノンキューブ46249,ダノンキューブ46250,なし,なし,なし,なし,なし,なし,なし,なし,なし,なし,なし,なし,なし,なし,なし,なし,なし,なし,なし,なし,なし,なし,なし,なし,なし,なし,なし,なし,なし,なし,なし,なし,なし,なし,なし,なし,なし,なし,なし,なし,なし,なし,なし,なし,なし,なし,なし,なし,なし,なし,なし,なし,なし,なし,なし,なし,なし,なし,なし,なし,113,逃,1,2.02608E+17,24106180
20260829,札幌,3,2,未勝利*,芝,1800,サンゴート,牝,河原田菜,村田一誠,美,インディチャンプ,2,札幌芝1800,1,R8.8.29,サンゴート46262,サンゴート46260,サンゴート46261,サンゴート46256,サンゴート46257,サンゴート46249,サンゴート46250,なし,なし,なし,なし,なし,なし,なし,なし,なし,なし,なし,なし,なし,なし,なし,なし,なし,なし,なし,なし,なし,なし,なし,なし,なし,なし,なし,なし,なし,なし,なし,なし,なし,なし,なし,なし,なし,なし,なし,なし,なし,なし,なし,なし,なし,なし,なし,なし,なし,なし,なし,なし,なし,なし,なし,なし,なし,なし,なし,なし,80,　,2,2.02608E+17,24100004
20260829,札幌,3,3,未勝利*,芝,1800,エコロナイン,牡,鮫島克駿,加藤征弘,美,St Mark's Basilica,2,札幌芝1800,1,R8.8.29,エコロナイン46262,エコロナイン46260,エコロナイン46261,エコロナイン46256,エコロナイン46257,エコロナイン46249,エコロナイン46250,なし,なし,なし,なし,なし,なし,なし,なし,なし,なし,なし,なし,なし,なし,なし,なし,なし,なし,なし,なし,なし,なし,なし,なし,なし,なし,なし,なし,なし,なし,なし,なし,なし,なし,なし,なし,なし,なし,なし,なし,なし,なし,なし,なし,なし,なし,なし,なし,なし,なし,なし,なし,なし,なし,なし,なし,なし,なし,なし,なし,110,先,3,2.02608E+17,24106427
20260829,札幌,3,4,未勝利*,芝,1800,アイアムツヨスギル,牡,池添謙一,奥平雅士,美,ロードカナロア,2,札幌芝1800,1,R8.8.29,アイアムツヨスギル46262,アイアムツヨスギル46260,アイアムツヨスギル46261,アイアムツヨスギル46256,アイアムツヨスギル46257,アイアムツヨスギル46249,アイアムツヨスギル46250,なし,なし,なし,なし,なし,なし,なし,なし,なし,なし,なし,なし,なし,なし,なし,なし,なし,なし,なし,なし,なし,なし,なし,なし,なし,なし,なし,なし,なし,なし,なし,なし,なし,なし,なし,なし,なし,なし,なし,なし,なし,なし,なし,なし,なし,なし,なし,なし,なし,なし,なし,なし,なし,なし,なし,なし,なし,なし,なし,なし,99,　,4,2.02608E+17,24106018
20260829,札幌,3,5,未勝利*,芝,1800,ロマノヴェリテ,牡,北村友一,中竹和也,栗,コントレイル,2,札幌芝1800,2,R8.8.29,ロマノヴェリテ46262,ロマノヴェリテ46260,ロマノヴェリテ46261,ロマノヴェリテ46256,ロマノヴェリテ46257,ロマノヴェリテ46249,ロマノヴェリテ46250,なし,なし,なし,なし,なし,なし,なし,なし,なし,なし,なし,なし,なし,なし,なし,なし,なし,なし,なし,なし,なし,なし,なし,なし,なし,なし,なし,なし,なし,なし,なし,なし,なし,なし,なし,なし,なし,なし,なし,なし,なし,なし,なし,なし,なし,なし,なし,なし,なし,なし,なし,なし,なし,なし,なし,なし,なし,なし,なし,なし,111,　,5,2.02608E+17,24103490
20260829,札幌,3,6,未勝利*,芝,1800,チェッリーニ,牝,古川奈穂,羽月友彦,栗,オルフェーヴル,2,札幌芝1800,2,R8.8.29,チェッリーニ46262,チェッリーニ46260,チェッリーニ46261,チェッリーニ46256,チェッリーニ46257,チェッリーニ46249,チェッリーニ46250,なし,なし,なし,なし,なし,なし,なし,なし,なし,なし,なし,なし,なし,なし,なし,なし,なし,なし,なし,なし,なし,なし,なし,なし,なし,なし,なし,なし,なし,なし,なし,なし,なし,なし,なし,なし,なし,なし,なし,なし,なし,なし,なし,なし,なし,なし,なし,なし,なし,なし,なし,なし,なし,なし,なし,なし,なし,なし,なし,なし,93,　,6,2.02608E+17,24100609
20260829,札幌,3,7,未勝利*,芝,1800,マシュマロデイズ,牝,横山和生,武英智,栗,ホットロッドチャーリー,2,札幌芝1800,2,R8.8.29,マシュマロデイズ46262,マシュマロデイズ46260,マシュマロデイズ46261,マシュマロデイズ46256,マシュマロデイズ46257,マシュマロデイズ46249,マシュマロデイズ46250,なし,なし,なし,なし,なし,なし,なし,なし,なし,なし,なし,なし,なし,なし,なし,なし,なし,なし,なし,なし,なし,なし,なし,なし,なし,なし,なし,なし,なし,なし,なし,なし,なし,なし,なし,なし,なし,FALSE,なし,なし,なし,なし,なし,なし,なし,なし,なし,なし,なし,なし,なし,なし,なし,なし,なし,なし,なし,なし,なし,なし,111,　,6,2.02608E+17,24106580
20260829,札幌,3,8,未勝利*,芝,1800,トルネードサンダー,牝,丹内祐次,安達昭夫,栗,ヘンリーバローズ,2,札幌芝1800,2,R8.8.29,トルネードサンダー46262,トルネードサンダー46260,トルネードサンダー46261,トルネードサンダー46256,トルネードサンダー46257,トルネードサンダー46249,トルネードサンダー46250,なし,なし,なし,なし,なし,なし,なし,なし,なし,なし,なし,なし,なし,なし,なし,なし,なし,なし,なし,なし,なし,なし,なし,なし,なし,なし,なし,なし,なし,なし,なし,なし,なし,なし,なし,なし,なし,なし,なし,なし,なし,なし,なし,なし,なし,なし,なし,なし,なし,なし,なし,なし,なし,なし,なし,なし,なし,なし,なし,なし,102,先,7,2.02608E+17,24100245
20260829,札幌,3,9,未勝利*,芝,1800,イドム,牡,松本大輝,高橋康之,栗,サトノクラウン,2,札幌芝1800,2,R8.8.29,イドム46262,イドム46260,イドム46261,イドム46256,イドム46257,イドム46249,イドム46250,なし,なし,なし,なし,なし,なし,なし,なし,なし,なし,なし,なし,なし,なし,なし,なし,なし,なし,なし,なし,なし,なし,なし,なし,なし,なし,なし,なし,なし,なし,なし,なし,なし,なし,なし,なし,なし,なし,なし,なし,なし,なし,なし,なし,なし,なし,なし,なし,なし,なし,なし,なし,なし,なし,なし,なし,なし,なし,なし,なし,104,　,7,2.02608E+17,24102908
20260829,札幌,3,10,未勝利*,芝,1800,マイネルサリーレ,牡,斎藤新,田島俊明,美,ゴールドシップ,2,札幌芝1800,1,R8.8.29,マイネルサリーレ46262,マイネルサリーレ46260,マイネルサリーレ46261,マイネルサリーレ46256,マイネルサリーレ46257,マイネルサリーレ46249,マイネルサリーレ46250,なし,なし,なし,なし,なし,なし,なし,なし,なし,なし,なし,なし,なし,なし,なし,なし,なし,なし,なし,なし,なし,なし,なし,なし,なし,なし,なし,なし,なし,なし,なし,なし,なし,なし,なし,なし,なし,なし,なし,なし,なし,なし,なし,なし,なし,なし,なし,なし,なし,なし,なし,なし,なし,なし,なし,なし,なし,なし,なし,なし,87,　,8,2.02608E+17,24103571
20260829,札幌,3,11,未勝利*,芝,1800,シャイニーヒーロー,牡,大久保友,畠山吉宏,美,サトノアラジン,2,札幌芝1800,1,R8.8.29,シャイニーヒーロー46262,シャイニーヒーロー46260,シャイニーヒーロー46261,シャイニーヒーロー46256,シャイニーヒーロー46257,シャイニーヒーロー46249,シャイニーヒーロー46250,なし,なし,なし,なし,なし,なし,なし,なし,なし,なし,なし,なし,なし,なし,なし,なし,なし,なし,なし,なし,なし,なし,なし,なし,なし,なし,なし,なし,なし,なし,なし,なし,なし,なし,なし,なし,なし,なし,なし,なし,なし,なし,なし,なし,なし,なし,なし,なし,なし,なし,なし,なし,なし,なし,なし,なし,なし,なし,なし,なし,92,　,8,2.02608E+17,24101323
20260829,札幌,4,1,未勝利,ダ,1000,ニシノギャルズ,牝,石川倭,水野貴広,美,セイウンコウセイ,1,札幌ダ1000,1,R8.8.29,ニシノギャルズ46262,ニシノギャルズ46260,ニシノギャルズ46261,ニシノギャルズ46256,ニシノギャルズ46257,ニシノギャルズ46249,ニシノギャルズ46250,69.2,16.3,17.4,なし,なし,なし,なし,なし,なし,なし,なし,なし,なし,なし,なし,なし,なし,なし,なし,なし,なし,なし,なし,なし,なし,なし,なし,なし,なし,なし,なし,なし,なし,なし,なし,なし,なし,なし,なし,なし,なし,なし,なし,なし,なし,なし,なし,なし,なし,なし,なし,なし,なし,なし,なし,なし,なし,なし,なし,なし,104,差,1,2.02608E+17,23100360
20260829,札幌,4,2,未勝利,ダ,1000,ゲレイロ,牡,河原田菜,今野貞一,栗,ミスターメロディ,1,札幌ダ1000,2,R8.8.29,ゲレイロ46262,ゲレイロ46260,ゲレイロ46261,ゲレイロ46256,ゲレイロ46257,ゲレイロ46249,ゲレイロ46250,なし,なし,なし,なし,なし,なし,なし,なし,なし,なし,なし,なし,なし,なし,なし,なし,なし,なし,なし,なし,なし,なし,なし,なし,なし,なし,なし,なし,なし,なし,なし,なし,なし,なし,なし,なし,なし,なし,なし,なし,なし,なし,なし,なし,なし,なし,なし,なし,なし,なし,なし,なし,なし,なし,なし,なし,なし,なし,なし,なし,101,追,2,2.02608E+17,23104669
20260829,札幌,4,3,未勝利,ダ,1000,ハクサンレイホウ,牡,黛弘人,武藤善則,美,ハクサンムーン,1,札幌ダ1000,1,R8.8.29,ハクサンレイホウ46262,ハクサンレイホウ46260,ハクサンレイホウ46261,ハクサンレイホウ46256,ハクサンレイホウ46257,ハクサンレイホウ46249,ハクサンレイホウ46250,なし,なし,なし,なし,なし,なし,なし,なし,なし,なし,なし,なし,なし,なし,なし,なし,なし,なし,なし,なし,なし,なし,なし,なし,なし,なし,なし,なし,なし,なし,なし,なし,なし,なし,なし,なし,なし,なし,なし,なし,なし,なし,なし,なし,なし,なし,なし,なし,なし,なし,なし,なし,なし,なし,なし,なし,なし,なし,なし,なし,99,差,3,2.02608E+17,23105694
20260829,札幌,4,4,未勝利,ダ,1000,オスロクィーン,牝,遠藤汰月,武井亮,美,Liam's Map,1,札幌ダ1000,1,R8.8.29,オスロクィーン46262,オスロクィーン46260,オスロクィーン46261,オスロクィーン46256,オスロクィーン46257,オスロクィーン46249,オスロクィーン46250,なし,なし,なし,なし,なし,なし,なし,なし,なし,なし,なし,なし,なし,なし,なし,なし,なし,なし,なし,なし,なし,なし,なし,なし,なし,なし,なし,なし,なし,なし,なし,なし,なし,なし,なし,なし,なし,なし,なし,なし,なし,なし,なし,なし,なし,なし,なし,なし,なし,なし,なし,なし,なし,なし,なし,なし,なし,なし,なし,なし,92,先,4,2.02608E+17,23110048
20260829,札幌,4,5,未勝利,ダ,1000,アニマレイ,牡,小林美駒,須貝尚介,栗,ニューイヤーズデイ,1,札幌ダ1000,2,R8.8.29,アニマレイ46262,アニマレイ46260,アニマレイ46261,アニマレイ46256,アニマレイ46257,アニマレイ46249,アニマレイ46250,なし,なし,なし,なし,なし,なし,なし,なし,なし,なし,なし,なし,なし,なし,なし,なし,なし,なし,なし,なし,なし,なし,なし,なし,なし,なし,なし,なし,なし,なし,なし,なし,なし,なし,なし,なし,なし,なし,なし,なし,なし,なし,なし,なし,なし,なし,なし,なし,なし,なし,なし,なし,なし,なし,なし,なし,なし,なし,なし,なし,114,先,5,2.02608E+17,23105279
20260829,札幌,4,6,未勝利,ダ,1000,ハイティー,牝,武豊,木村哲也,美,ミスターメロディ,1,札幌ダ1000,1,R8.8.29,ハイティー46262,ハイティー46260,ハイティー46261,ハイティー46256,ハイティー46257,ハイティー46249,ハイティー46250,なし,なし,なし,なし,なし,なし,なし,なし,なし,なし,なし,なし,なし,なし,なし,なし,なし,なし,なし,なし,なし,なし,なし,なし,なし,なし,なし,なし,なし,なし,なし,なし,なし,なし,なし,なし,なし,FALSE,なし,なし,なし,なし,なし,なし,なし,なし,なし,なし,なし,なし,なし,なし,なし,なし,なし,なし,TRUE,なし,〇,なし,104,先,5,2.02608E+17,23107310
20260829,札幌,4,7,未勝利,ダ,1000,フェイスリフト,牡,古川吉洋,嘉藤貴行,美,フォーウィールドライブ,1,札幌ダ1000,1,R8.8.29,フェイスリフト46262,フェイスリフト46260,フェイスリフト46261,フェイスリフト46256,フェイスリフト46257,フェイスリフト46249,フェイスリフト46250,なし,なし,なし,なし,なし,なし,なし,なし,なし,なし,なし,なし,なし,なし,なし,なし,なし,なし,なし,なし,なし,なし,なし,なし,なし,なし,なし,なし,なし,なし,なし,なし,なし,なし,なし,なし,なし,なし,なし,なし,なし,なし,なし,なし,なし,なし,なし,なし,なし,なし,なし,なし,なし,なし,なし,なし,なし,なし,なし,なし,113,差,6,2.02608E+17,23106605
20260829,札幌,4,8,未勝利,ダ,1000,ジューンマロン,牝,川又賢治,武英智,栗,ダノンキングリー,1,札幌ダ1000,2,R8.8.29,ジューンマロン46262,ジューンマロン46260,ジューンマロン46261,ジューンマロン46256,ジューンマロン46257,ジューンマロン46249,ジューンマロン46250,なし,なし,なし,なし,なし,なし,なし,なし,なし,なし,なし,なし,なし,なし,なし,なし,なし,なし,なし,なし,なし,なし,なし,なし,なし,なし,なし,なし,なし,なし,なし,なし,なし,なし,なし,なし,なし,FALSE,なし,なし,なし,なし,なし,なし,なし,なし,なし,なし,なし,なし,なし,なし,なし,なし,なし,なし,なし,なし,なし,なし,89,先,6,2.02608E+17,23105278
20260829,札幌,4,9,未勝利,ダ,1000,ディースカウ,牡,吉田隼人,須貝尚介,栗,エピファネイア,1,札幌ダ1000,2,R8.8.29,ディースカウ46262,ディースカウ46260,ディースカウ46261,ディースカウ46256,ディースカウ46257,ディースカウ46249,ディースカウ46250,なし,なし,なし,なし,なし,なし,なし,なし,なし,なし,なし,なし,なし,なし,なし,なし,なし,なし,なし,なし,なし,なし,なし,なし,なし,なし,なし,なし,なし,なし,なし,なし,なし,なし,なし,なし,なし,なし,なし,なし,なし,なし,なし,なし,なし,なし,なし,なし,なし,なし,なし,なし,なし,なし,なし,なし,なし,なし,なし,なし,96,逃,7,2.02608E+17,23105366
20260829,札幌,4,10,未勝利,ダ,1000,マッシブショット,セ,横山琉人,武藤善則,美,ヴァンゴッホ,1,札幌ダ1000,1,R8.8.29,マッシブショット46262,マッシブショット46260,マッシブショット46261,マッシブショット46256,マッシブショット46257,マッシブショット46249,マッシブショット46250,なし,なし,なし,なし,なし,なし,なし,なし,なし,なし,なし,なし,なし,なし,なし,なし,なし,なし,なし,なし,なし,なし,なし,なし,なし,なし,なし,なし,なし,なし,なし,なし,なし,なし,なし,なし,なし,なし,なし,なし,なし,なし,なし,なし,なし,なし,なし,なし,なし,なし,なし,なし,なし,なし,なし,なし,なし,なし,なし,なし,94,逃,7,2.02608E+17,23101845
20260829,札幌,4,11,未勝利,ダ,1000,ミスマラッカ,牝,鮫島克駿,本間忍,美,マテラスカイ,1,札幌ダ1000,1,R8.8.29,ミスマラッカ46262,ミスマラッカ46260,ミスマラッカ46261,ミスマラッカ46256,ミスマラッカ46257,ミスマラッカ46249,ミスマラッカ46250,なし,なし,なし,なし,なし,なし,なし,なし,なし,なし,なし,なし,なし,なし,なし,なし,なし,なし,なし,なし,なし,なし,なし,なし,なし,なし,なし,なし,なし,なし,なし,なし,なし,なし,なし,なし,なし,なし,なし,なし,なし,なし,なし,なし,なし,なし,なし,なし,なし,なし,なし,なし,なし,なし,なし,なし,なし,なし,なし,なし,99,差,8,2.02608E+17,23103857
20260829,札幌,4,12,未勝利,ダ,1000,スマートコーラル,牝,古川奈穂,石坂公一,栗,マジェスティックウォリアー,1,札幌ダ1000,2,R8.8.29,スマートコーラル46262,スマートコーラル46260,スマートコーラル46261,スマートコーラル46256,スマートコーラル46257,スマートコーラル46249,スマートコーラル46250,なし,なし,なし,なし,なし,なし,なし,なし,なし,なし,なし,なし,なし,なし,なし,なし,なし,なし,なし,なし,なし,なし,なし,なし,なし,なし,なし,なし,なし,なし,なし,なし,なし,なし,なし,なし,なし,なし,なし,なし,なし,なし,なし,なし,なし,なし,なし,なし,なし,なし,なし,なし,なし,なし,なし,なし,なし,なし,なし,なし,109,逃,8,2.02608E+17,23106001
20260829,札幌,5,1,新馬,ダ,1700,ユーフォナイト,牡,武豊,加藤征弘,美,ドレフォン,1,札幌ダ1700,1,R8.8.29,ユーフォナイト46262,ユーフォナイト46260,ユーフォナイト46261,ユーフォナイト46256,ユーフォナイト46257,ユーフォナイト46249,ユーフォナイト46250,なし,なし,なし,なし,なし,なし,なし,なし,なし,なし,なし,なし,なし,なし,なし,なし,なし,なし,なし,なし,なし,なし,なし,なし,なし,なし,なし,なし,なし,なし,なし,なし,なし,なし,なし,なし,なし,なし,なし,なし,なし,なし,なし,なし,なし,なし,なし,なし,なし,なし,なし,なし,なし,なし,なし,なし,なし,なし,なし,なし,0,　,1,2.02608E+17,24106798
20260829,札幌,5,2,新馬,ダ,1700,ハイネスプラウド,牡,河原田菜,武井亮,美,クリソベリル,1,札幌ダ1700,1,R8.8.29,ハイネスプラウド46262,ハイネスプラウド46260,ハイネスプラウド46261,ハイネスプラウド46256,ハイネスプラウド46257,ハイネスプラウド46249,ハイネスプラウド46250,なし,なし,なし,55.1,13,13.5,なし,なし,なし,なし,なし,なし,なし,なし,なし,なし,なし,なし,なし,なし,なし,なし,なし,なし,なし,なし,なし,なし,なし,なし,なし,なし,なし,なし,なし,なし,なし,なし,なし,なし,なし,なし,なし,なし,なし,なし,なし,なし,なし,なし,なし,なし,なし,なし,なし,なし,なし,なし,なし,なし,0,　,2,2.02608E+17,24106566
20260829,札幌,5,3,新馬,ダ,1700,ロンバルディア,牡,丹内祐次,伊藤圭三,美,ルヴァンスレーヴ,1,札幌ダ1700,1,R8.8.29,ロンバルディア46262,ロンバルディア46260,ロンバルディア46261,ロンバルディア46256,ロンバルディア46257,ロンバルディア46249,ロンバルディア46250,なし,なし,なし,なし,なし,なし,なし,なし,なし,なし,なし,なし,なし,なし,なし,なし,なし,なし,なし,なし,なし,なし,なし,なし,なし,なし,なし,なし,なし,なし,なし,なし,なし,なし,なし,なし,なし,なし,なし,なし,なし,なし,なし,なし,なし,なし,なし,なし,なし,なし,なし,なし,なし,なし,なし,なし,なし,なし,なし,なし,0,　,3,2.02608E+17,24105349
20260829,札幌,5,4,新馬,ダ,1700,ウィナーズクロノ,牡,松本大輝,昆貢,栗,フィレンツェファイア,1,札幌ダ1700,2,R8.8.29,ウィナーズクロノ46262,ウィナーズクロノ46260,ウィナーズクロノ46261,ウィナーズクロノ46256,ウィナーズクロノ46257,ウィナーズクロノ46249,ウィナーズクロノ46250,なし,なし,なし,なし,なし,なし,なし,なし,なし,なし,なし,なし,なし,なし,なし,なし,なし,なし,なし,なし,なし,なし,なし,なし,なし,なし,なし,なし,なし,なし,なし,なし,なし,なし,なし,なし,なし,なし,なし,なし,なし,なし,なし,なし,なし,なし,なし,なし,なし,なし,なし,なし,なし,なし,なし,なし,なし,なし,なし,なし,0,　,3,2.02608E+17,24104203
20260829,札幌,5,5,新馬,ダ,1700,フィールザウィル,牝,小沢大仁,伊藤大士,美,ウィルテイクチャージ,1,札幌ダ1700,1,R8.8.29,フィールザウィル46262,フィールザウィル46260,フィールザウィル46261,フィールザウィル46256,フィールザウィル46257,フィールザウィル46249,フィールザウィル46250,なし,なし,なし,なし,なし,なし,なし,なし,なし,なし,なし,なし,なし,なし,なし,なし,なし,なし,なし,なし,なし,なし,なし,なし,なし,なし,なし,なし,なし,なし,なし,なし,なし,なし,なし,なし,なし,なし,なし,なし,なし,なし,なし,なし,なし,なし,なし,なし,なし,なし,なし,なし,なし,なし,なし,なし,なし,なし,なし,なし,0,　,4,2.02608E+17,24107117
20260829,札幌,5,6,新馬,ダ,1700,コスモセイント,牡,池添謙一,矢嶋大樹,美,クリソベリル,1,札幌ダ1700,1,R8.8.29,コスモセイント46262,コスモセイント46260,コスモセイント46261,コスモセイント46256,コスモセイント46257,コスモセイント46249,コスモセイント46250,なし,なし,なし,56.8,13.7,13.9,なし,なし,なし,なし,なし,なし,なし,なし,なし,なし,なし,なし,なし,なし,なし,なし,なし,なし,なし,なし,なし,なし,なし,なし,なし,なし,なし,なし,なし,なし,なし,なし,なし,なし,なし,なし,なし,なし,なし,なし,なし,なし,なし,なし,なし,なし,なし,なし,なし,なし,TRUE,なし,〇,なし,0,　,4,2.02608E+17,24105875
20260829,札幌,5,7,新馬,ダ,1700,フクノブロッサム,牝,遠藤汰月,竹内正洋,美,アルアイン,1,札幌ダ1700,1,R8.8.29,フクノブロッサム46262,フクノブロッサム46260,フクノブロッサム46261,フクノブロッサム46256,フクノブロッサム46257,フクノブロッサム46249,フクノブロッサム46250,なし,なし,なし,なし,なし,なし,なし,なし,なし,なし,なし,なし,なし,なし,なし,なし,なし,なし,なし,なし,なし,なし,なし,なし,なし,なし,なし,なし,なし,なし,なし,なし,なし,なし,なし,なし,なし,FALSE,なし,なし,なし,なし,なし,なし,なし,なし,なし,なし,なし,なし,なし,なし,なし,なし,なし,なし,TRUE,なし,〇,なし,0,　,5,2.02608E+17,24100211
20260829,札幌,5,8,新馬,ダ,1700,テンラッキーロード,牡,鮫島克駿,高柳大輔,栗,ドレフォン,1,札幌ダ1700,2,R8.8.29,テンラッキーロード46262,テンラッキーロード46260,テンラッキーロード46261,テンラッキーロード46256,テンラッキーロード46257,テンラッキーロード46249,テンラッキーロード46250,なし,なし,なし,なし,なし,なし,なし,なし,なし,なし,なし,なし,なし,なし,なし,なし,なし,なし,なし,なし,なし,なし,なし,なし,なし,なし,なし,なし,なし,なし,なし,なし,なし,なし,なし,なし,なし,なし,なし,なし,なし,なし,なし,なし,なし,なし,なし,なし,なし,なし,なし,なし,なし,なし,なし,なし,なし,なし,なし,なし,0,　,5,2.02608E+17,24106739
20260829,札幌,5,9,新馬,ダ,1700,ハリケンライズ,牡,石川倭,高柳大輔,栗,モーリス,1,札幌ダ1700,2,R8.8.29,ハリケンライズ46262,ハリケンライズ46260,ハリケンライズ46261,ハリケンライズ46256,ハリケンライズ46257,ハリケンライズ46249,ハリケンライズ46250,なし,なし,なし,なし,なし,なし,なし,なし,なし,なし,なし,なし,なし,なし,なし,なし,なし,なし,なし,なし,なし,なし,なし,なし,なし,なし,なし,なし,なし,なし,なし,なし,なし,なし,なし,なし,なし,なし,なし,なし,なし,なし,なし,なし,なし,なし,なし,なし,なし,なし,なし,なし,なし,なし,なし,なし,なし,なし,なし,なし,0,　,6,2.02608E+17,24104323
20260829,札幌,5,10,新馬,ダ,1700,ゴーストミステリー,牡,横山和生,黒岩陽一,美,Ghostzapper,1,札幌ダ1700,1,R8.8.29,ゴーストミステリー46262,ゴーストミステリー46260,ゴーストミステリー46261,ゴーストミステリー46256,ゴーストミステリー46257,ゴーストミステリー46249,ゴーストミステリー46250,なし,なし,なし,なし,なし,なし,なし,なし,なし,なし,なし,なし,なし,なし,なし,なし,なし,なし,なし,なし,なし,なし,なし,なし,なし,なし,なし,なし,なし,なし,なし,なし,なし,なし,なし,なし,なし,なし,なし,なし,なし,なし,なし,なし,なし,なし,なし,なし,なし,なし,なし,なし,なし,なし,なし,なし,TRUE,なし,〇,なし,0,　,6,2.02608E+17,24105699
20260829,札幌,5,11,新馬,ダ,1700,モントリオール,牡,横山武史,松尾卓哉,美,ニューイヤーズデイ,1,札幌ダ1700,1,R8.8.29,モントリオール46262,モントリオール46260,モントリオール46261,モントリオール46256,モントリオール46257,モントリオール46249,モントリオール46250,65.1,15.8,15.6,53.4,12.5,12.7,なし,なし,なし,なし,なし,なし,なし,なし,なし,なし,なし,なし,なし,なし,なし,なし,なし,なし,なし,なし,なし,なし,なし,なし,なし,なし,なし,なし,なし,なし,なし,なし,なし,なし,なし,なし,なし,なし,なし,なし,なし,なし,なし,なし,なし,なし,なし,なし,なし,なし,TRUE,なし,〇,なし,0,　,7,2.02608E+17,24106658
20260829,札幌,5,12,新馬,ダ,1700,リュウノタキノボリ,牡,横山琉人,堀内岳志,美,タワーオブロンドン,1,札幌ダ1700,1,R8.8.29,リュウノタキノボリ46262,リュウノタキノボリ46260,リュウノタキノボリ46261,リュウノタキノボリ46256,リュウノタキノボリ46257,リュウノタキノボリ46249,リュウノタキノボリ46250,なし,なし,なし,なし,なし,なし,69.9,16.1,17,なし,なし,なし,なし,なし,なし,なし,なし,なし,なし,なし,なし,なし,なし,なし,11.7,なし,なし,12,73.2,なし,なし,なし,なし,なし,なし,なし,なし,なし,なし,なし,なし,なし,なし,なし,なし,なし,なし,なし,なし,なし,なし,なし,なし,なし,なし,なし,なし,なし,なし,なし,0,　,7,2.02608E+17,24103223
20260829,札幌,5,13,新馬,ダ,1700,ルクシエル,牡,斎藤新,浜田多実,栗,シニスターミニスター,1,札幌ダ1700,2,R8.8.29,ルクシエル46262,ルクシエル46260,ルクシエル46261,ルクシエル46256,ルクシエル46257,ルクシエル46249,ルクシエル46250,なし,なし,なし,なし,なし,なし,なし,なし,なし,なし,なし,なし,なし,なし,なし,なし,なし,なし,なし,なし,なし,なし,なし,なし,なし,なし,なし,なし,なし,なし,なし,なし,なし,なし,なし,なし,なし,なし,なし,なし,なし,なし,なし,なし,なし,なし,なし,なし,なし,なし,なし,なし,なし,なし,なし,なし,なし,なし,なし,なし,0,　,8,2.02608E+17,24107227
20260829,札幌,5,14,新馬,ダ,1700,ルボワ,牡,北村友一,杉山佳明,栗,ブリックスアンドモルタル,1,札幌ダ1700,2,R8.8.29,ルボワ46262,ルボワ46260,ルボワ46261,ルボワ46256,ルボワ46257,ルボワ46249,ルボワ46250,なし,なし,なし,なし,なし,なし,なし,なし,なし,なし,なし,なし,なし,なし,なし,なし,なし,なし,なし,なし,なし,なし,なし,なし,なし,なし,なし,なし,なし,なし,なし,なし,なし,なし,なし,なし,なし,なし,なし,なし,なし,なし,なし,なし,なし,なし,なし,なし,なし,なし,なし,なし,なし,なし,なし,なし,なし,なし,なし,なし,0,　,8,2.02608E+17,24106761
20260829,札幌,6,1,未勝利,芝,1500,ヒルノボローニャ,セ,古川吉洋,昆貢,栗,アメリカンペイトリオット,2,札幌芝1500,2,R8.8.29,ヒルノボローニャ46262,ヒルノボローニャ46260,ヒルノボローニャ46261,ヒルノボローニャ46256,ヒルノボローニャ46257,ヒルノボローニャ46249,ヒルノボローニャ46250,なし,なし,なし,なし,なし,なし,なし,なし,なし,なし,なし,なし,なし,なし,なし,なし,なし,なし,なし,なし,なし,なし,なし,なし,なし,なし,なし,なし,なし,なし,なし,なし,なし,なし,なし,なし,なし,なし,なし,なし,なし,なし,なし,なし,なし,なし,なし,なし,なし,なし,なし,なし,なし,なし,なし,なし,TRUE,なし,〇,なし,110,追,1,2.02608E+17,23104474
20260829,札幌,6,2,未勝利,芝,1500,フレンチブラッサム,牝,横山典弘,柄崎将寿,美,ホッコータルマエ,2,札幌芝1500,1,R8.8.29,フレンチブラッサム46262,フレンチブラッサム46260,フレンチブラッサム46261,フレンチブラッサム46256,フレンチブラッサム46257,フレンチブラッサム46249,フレンチブラッサム46250,なし,なし,なし,なし,なし,なし,なし,なし,なし,なし,なし,なし,なし,なし,なし,なし,なし,なし,なし,なし,なし,なし,なし,なし,なし,なし,なし,なし,なし,なし,なし,なし,なし,なし,なし,なし,なし,なし,なし,なし,なし,なし,なし,なし,なし,なし,なし,なし,なし,なし,なし,なし,なし,なし,なし,なし,なし,なし,なし,なし,105,差,2,2.02608E+17,23105062
20260829,札幌,6,3,未勝利,芝,1500,イトシサ,牡,北村友一,田中博康,美,インディチャンプ,2,札幌芝1500,1,R8.8.29,イトシサ46262,イトシサ46260,イトシサ46261,イトシサ46256,イトシサ46257,イトシサ46249,イトシサ46250,なし,なし,なし,なし,なし,なし,なし,なし,なし,なし,なし,なし,なし,なし,なし,なし,なし,なし,なし,なし,なし,なし,なし,なし,なし,なし,なし,なし,なし,なし,なし,なし,なし,なし,なし,なし,なし,なし,なし,なし,なし,なし,なし,なし,なし,なし,なし,なし,なし,なし,なし,なし,なし,なし,なし,なし,なし,なし,なし,なし,113,差,3,2.02608E+17,23106849
20260829,札幌,6,4,未勝利,芝,1500,ヒメヒオウギ,牝,河原田菜,中竹和也,栗,コントレイル,2,札幌芝1500,2,R8.8.29,ヒメヒオウギ46262,ヒメヒオウギ46260,ヒメヒオウギ46261,ヒメヒオウギ46256,ヒメヒオウギ46257,ヒメヒオウギ46249,ヒメヒオウギ46250,なし,なし,なし,なし,なし,なし,なし,なし,なし,なし,なし,なし,なし,なし,なし,なし,なし,なし,なし,なし,なし,なし,なし,なし,なし,なし,なし,なし,なし,なし,なし,なし,なし,なし,なし,なし,なし,なし,なし,なし,なし,なし,なし,なし,なし,なし,なし,なし,なし,なし,なし,なし,なし,なし,なし,なし,なし,なし,なし,なし,106,差,3,2.02608E+17,23106148
20260829,札幌,6,5,未勝利,芝,1500,グリニッジローズ,牝,落合玄太,田中剛,美,タワーオブロンドン,2,札幌芝1500,1,R8.8.29,グリニッジローズ46262,グリニッジローズ46260,グリニッジローズ46261,グリニッジローズ46256,グリニッジローズ46257,グリニッジローズ46249,グリニッジローズ46250,なし,なし,なし,なし,なし,なし,なし,なし,なし,なし,なし,なし,なし,なし,なし,なし,なし,なし,なし,なし,なし,なし,なし,なし,なし,なし,なし,なし,なし,なし,なし,なし,なし,なし,なし,なし,なし,なし,なし,なし,なし,なし,なし,なし,なし,なし,なし,なし,なし,なし,なし,なし,なし,なし,なし,なし,TRUE,なし,〇,なし,94,差,4,2.02608E+17,23102038
20260829,札幌,6,6,未勝利,芝,1500,エイシンキーンラン,牝,横山琉人,田中剛,美,エイシンヒカリ,2,札幌芝1500,1,R8.8.29,エイシンキーンラン46262,エイシンキーンラン46260,エイシンキーンラン46261,エイシンキーンラン46256,エイシンキーンラン46257,エイシンキーンラン46249,エイシンキーンラン46250,なし,なし,なし,なし,なし,なし,なし,なし,なし,なし,なし,なし,なし,なし,なし,なし,なし,なし,なし,なし,なし,なし,なし,なし,なし,なし,なし,なし,なし,なし,なし,なし,なし,なし,なし,なし,なし,なし,なし,なし,なし,なし,なし,なし,なし,なし,なし,なし,なし,なし,なし,なし,なし,なし,なし,なし,TRUE,なし,〇,なし,115,先,4,2.02608E+17,23105530
20260829,札幌,6,7,未勝利,芝,1500,ランウェイミューズ,牝,丹内祐次,竹内正洋,美,シルバーステート,2,札幌芝1500,1,R8.8.29,ランウェイミューズ46262,ランウェイミューズ46260,ランウェイミューズ46261,ランウェイミューズ46256,ランウェイミューズ46257,ランウェイミューズ46249,ランウェイミューズ46250,なし,なし,なし,なし,なし,なし,なし,なし,なし,なし,なし,なし,なし,なし,なし,なし,なし,なし,なし,なし,なし,なし,なし,なし,なし,なし,なし,なし,なし,なし,なし,なし,なし,なし,なし,なし,なし,FALSE,なし,なし,なし,なし,なし,なし,なし,なし,なし,なし,なし,なし,なし,なし,なし,なし,なし,なし,TRUE,なし,〇,なし,103,先,5,2.02608E+17,23107304
20260829,札幌,6,8,未勝利,芝,1500,サートゥルチェア,牝,横山和生,嘉藤貴行,美,サートゥルナーリア,2,札幌芝1500,1,R8.8.29,サートゥルチェア46262,サートゥルチェア46260,サートゥルチェア46261,サートゥルチェア46256,サートゥルチェア46257,サートゥルチェア46249,サートゥルチェア46250,なし,なし,なし,なし,なし,なし,なし,なし,なし,なし,なし,なし,なし,なし,なし,なし,なし,なし,なし,なし,なし,なし,なし,なし,なし,なし,なし,なし,なし,なし,なし,なし,なし,なし,なし,なし,なし,なし,なし,なし,なし,なし,なし,なし,なし,なし,なし,なし,なし,なし,なし,なし,なし,なし,なし,なし,TRUE,なし,〇,なし,109,先,5,2.02608E+17,23104680
20260829,札幌,6,9,未勝利,芝,1500,ハイバーニアン,牡,長浜鴻緒,高橋文雅,美,タリスマニック,2,札幌芝1500,1,R8.8.29,ハイバーニアン46262,ハイバーニアン46260,ハイバーニアン46261,ハイバーニアン46256,ハイバーニアン46257,ハイバーニアン46249,ハイバーニアン46250,なし,なし,なし,なし,なし,なし,なし,なし,なし,なし,なし,なし,なし,なし,なし,なし,なし,なし,なし,なし,なし,なし,なし,なし,なし,なし,なし,なし,なし,なし,なし,なし,なし,なし,なし,なし,なし,なし,なし,なし,なし,なし,なし,なし,なし,なし,なし,なし,なし,なし,なし,なし,なし,なし,なし,なし,なし,なし,なし,なし,90,追,6,2.02608E+17,23101347
20260829,札幌,6,10,未勝利,芝,1500,ジャーナーリア,牡,池添謙一,本田優,栗,サートゥルナーリア,2,札幌芝1500,2,R8.8.29,ジャーナーリア46262,ジャーナーリア46260,ジャーナーリア46261,ジャーナーリア46256,ジャーナーリア46257,ジャーナーリア46249,ジャーナーリア46250,なし,なし,なし,なし,なし,なし,なし,なし,なし,なし,なし,なし,なし,なし,なし,なし,なし,なし,なし,なし,なし,なし,なし,なし,なし,なし,なし,なし,なし,なし,なし,なし,なし,なし,なし,なし,なし,なし,なし,なし,なし,なし,なし,なし,なし,なし,なし,なし,なし,なし,なし,なし,なし,なし,なし,なし,なし,なし,なし,なし,111,先,6,2.02608E+17,23100596
20260829,札幌,6,11,未勝利,芝,1500,ペカリーナ,牝,小林美駒,竹内正洋,美,ルーラーシップ,2,札幌芝1500,1,R8.8.29,ペカリーナ46262,ペカリーナ46260,ペカリーナ46261,ペカリーナ46256,ペカリーナ46257,ペカリーナ46249,ペカリーナ46250,なし,なし,なし,なし,なし,なし,なし,なし,なし,なし,なし,なし,なし,なし,なし,なし,なし,なし,なし,なし,なし,なし,なし,なし,なし,なし,なし,なし,なし,なし,なし,なし,なし,なし,なし,なし,なし,FALSE,なし,なし,なし,なし,なし,なし,なし,なし,なし,なし,なし,なし,なし,なし,なし,なし,なし,なし,なし,なし,なし,なし,117,逃,7,2.02608E+17,23106578
20260829,札幌,6,12,未勝利,芝,1500,サウンドファミリエ,牝,吉田隼人,和田正一,美,シルバーステート,2,札幌芝1500,1,R8.8.29,サウンドファミリエ46262,サウンドファミリエ46260,サウンドファミリエ46261,サウンドファミリエ46256,サウンドファミリエ46257,サウンドファミリエ46249,サウンドファミリエ46250,なし,なし,なし,なし,なし,なし,なし,なし,なし,なし,なし,なし,なし,なし,なし,なし,なし,なし,なし,なし,なし,なし,なし,なし,なし,なし,なし,なし,なし,なし,なし,なし,なし,なし,なし,なし,なし,なし,なし,なし,なし,なし,なし,なし,なし,なし,なし,なし,なし,なし,なし,なし,なし,なし,なし,なし,なし,なし,なし,なし,112,先,7,2.02608E+17,23104254
20260829,札幌,6,13,未勝利,芝,1500,シンデレラカラー,牝,原田和真,加藤和宏,美,ビーチパトロール,2,札幌芝1500,1,R8.8.29,シンデレラカラー46262,シンデレラカラー46260,シンデレラカラー46261,シンデレラカラー46256,シンデレラカラー46257,シンデレラカラー46249,シンデレラカラー46250,なし,なし,なし,なし,なし,なし,なし,なし,なし,なし,なし,なし,なし,なし,なし,なし,なし,なし,なし,なし,なし,なし,なし,なし,なし,なし,なし,なし,なし,なし,なし,なし,なし,なし,なし,なし,なし,なし,なし,なし,なし,なし,なし,なし,なし,なし,なし,なし,なし,なし,なし,なし,なし,なし,なし,なし,なし,なし,なし,なし,92,先,8,2.02608E+17,23101778
20260829,札幌,6,14,未勝利,芝,1500,ビロングトゥミー,牝,斎藤新,前川恭子,栗,ジャスタウェイ,2,札幌芝1500,2,R8.8.29,ビロングトゥミー46262,ビロングトゥミー46260,ビロングトゥミー46261,ビロングトゥミー46256,ビロングトゥミー46257,ビロングトゥミー46249,ビロングトゥミー46250,なし,なし,なし,なし,なし,なし,なし,なし,なし,なし,なし,なし,なし,なし,なし,なし,なし,なし,なし,なし,なし,なし,なし,なし,なし,なし,なし,なし,なし,なし,なし,なし,なし,なし,なし,なし,なし,なし,なし,なし,なし,なし,なし,なし,なし,なし,なし,なし,なし,なし,なし,なし,なし,なし,なし,なし,TRUE,なし,〇,なし,101,差,8,2.02608E+17,23105967
20260829,札幌,7,1,１勝ｸﾗｽ,芝,1200,ハッピーラッキー,牡,河原田菜,武市康男,美,ウインブライト,2,札幌芝1200,1,R8.8.29,ハッピーラッキー46262,ハッピーラッキー46260,ハッピーラッキー46261,ハッピーラッキー46256,ハッピーラッキー46257,ハッピーラッキー46249,ハッピーラッキー46250,なし,なし,なし,なし,なし,なし,なし,なし,なし,なし,なし,なし,なし,なし,なし,なし,なし,なし,なし,なし,なし,なし,なし,なし,なし,なし,なし,なし,なし,なし,なし,なし,なし,なし,なし,なし,なし,なし,なし,なし,なし,なし,なし,なし,なし,なし,なし,なし,なし,なし,なし,なし,なし,なし,なし,なし,なし,なし,なし,なし,116,差,1,2.02608E+17,23103137
20260829,札幌,7,2,１勝ｸﾗｽ,芝,1200,プリュノワール,牝,横山武史,浅利英明,美,ロードカナロア,2,札幌芝1200,1,R8.8.29,プリュノワール46262,プリュノワール46260,プリュノワール46261,プリュノワール46256,プリュノワール46257,プリュノワール46249,プリュノワール46250,なし,なし,なし,なし,なし,なし,なし,なし,なし,なし,なし,なし,なし,なし,なし,なし,なし,なし,なし,なし,なし,なし,なし,なし,なし,なし,なし,なし,なし,なし,なし,なし,なし,なし,なし,なし,なし,なし,なし,なし,なし,なし,なし,なし,なし,なし,なし,なし,なし,なし,なし,なし,なし,なし,なし,なし,なし,なし,なし,なし,112,先,1,2.02608E+17,21105747
20260829,札幌,7,3,１勝ｸﾗｽ,芝,1200,レッドカメリア,牝,古川吉洋,佐藤吉勝,美,レーヴミストラル,2,札幌芝1200,1,R8.8.29,レッドカメリア46262,レッドカメリア46260,レッドカメリア46261,レッドカメリア46256,レッドカメリア46257,レッドカメリア46249,レッドカメリア46250,なし,なし,なし,なし,なし,なし,なし,なし,なし,なし,なし,なし,なし,なし,なし,なし,なし,なし,なし,なし,なし,なし,なし,なし,なし,なし,なし,なし,なし,なし,なし,なし,なし,なし,なし,なし,なし,なし,なし,なし,なし,なし,なし,なし,なし,なし,なし,なし,なし,なし,なし,なし,なし,なし,なし,なし,なし,なし,なし,なし,92,差,2,2.02608E+17,20100084
20260829,札幌,7,4,１勝ｸﾗｽ,芝,1200,ニルマーネル,牝,横山和生,小島茂之,美,モーリス,2,札幌芝1200,1,R8.8.29,ニルマーネル46262,ニルマーネル46260,ニルマーネル46261,ニルマーネル46256,ニルマーネル46257,ニルマーネル46249,ニルマーネル46250,なし,なし,なし,なし,なし,なし,なし,なし,なし,なし,なし,なし,なし,なし,なし,なし,なし,なし,なし,なし,なし,なし,なし,なし,なし,なし,なし,なし,なし,なし,なし,なし,なし,なし,なし,なし,なし,なし,なし,なし,なし,なし,なし,なし,なし,なし,なし,なし,なし,なし,なし,なし,なし,なし,なし,なし,なし,なし,なし,なし,106,差,2,2.02608E+17,23107231
20260829,札幌,7,5,１勝ｸﾗｽ,芝,1200,グロリアスマーチ,牡,鮫島克駿,須貝尚介,栗,モーリス,2,札幌芝1200,2,R8.8.29,グロリアスマーチ46262,グロリアスマーチ46260,グロリアスマーチ46261,グロリアスマーチ46256,グロリアスマーチ46257,グロリアスマーチ46249,グロリアスマーチ46250,なし,なし,なし,なし,なし,なし,なし,なし,なし,なし,なし,なし,なし,なし,なし,なし,なし,なし,なし,なし,なし,なし,なし,なし,なし,なし,なし,なし,なし,なし,なし,なし,なし,なし,なし,なし,なし,なし,なし,なし,なし,なし,なし,なし,なし,なし,なし,なし,なし,なし,なし,なし,なし,なし,なし,なし,TRUE,なし,〇,なし,102,先,3,2.02608E+17,23103680
20260829,札幌,7,6,１勝ｸﾗｽ,芝,1200,ロードヴェルテクス,牡,和田陽希,奥村豊,栗,ドレフォン,2,札幌芝1200,2,R8.8.29,ロードヴェルテクス46262,ロードヴェルテクス46260,ロードヴェルテクス46261,ロードヴェルテクス46256,ロードヴェルテクス46257,ロードヴェルテクス46249,ロードヴェルテクス46250,なし,なし,なし,なし,なし,なし,なし,なし,なし,なし,なし,なし,なし,なし,なし,なし,なし,なし,なし,なし,なし,なし,なし,なし,なし,なし,なし,なし,なし,なし,なし,なし,なし,なし,なし,なし,なし,FALSE,なし,なし,なし,なし,なし,なし,なし,なし,なし,なし,なし,なし,なし,なし,なし,なし,なし,なし,なし,なし,なし,なし,94,差,3,2.02608E+17,23105813
20260829,札幌,7,7,１勝ｸﾗｽ,芝,1200,ミレニアルピンク,牝,斎藤新,安田翔伍,栗,ラブリーデイ,2,札幌芝1200,2,R8.8.29,ミレニアルピンク46262,ミレニアルピンク46260,ミレニアルピンク46261,ミレニアルピンク46256,ミレニアルピンク46257,ミレニアルピンク46249,ミレニアルピンク46250,なし,なし,なし,なし,なし,なし,なし,なし,なし,なし,なし,なし,なし,なし,なし,なし,なし,なし,なし,なし,なし,なし,なし,なし,なし,なし,なし,なし,なし,なし,なし,なし,なし,なし,なし,なし,なし,FALSE,なし,なし,なし,なし,なし,なし,なし,なし,なし,なし,なし,なし,なし,なし,なし,なし,なし,なし,なし,なし,なし,なし,90,差,4,2.02608E+17,23105679
20260829,札幌,7,8,１勝ｸﾗｽ,芝,1200,ジーティーエスピ,牡,丹内祐次,中村直也,栗,ドゥラメンテ,2,札幌芝1200,2,R8.8.29,ジーティーエスピ46262,ジーティーエスピ46260,ジーティーエスピ46261,ジーティーエスピ46256,ジーティーエスピ46257,ジーティーエスピ46249,ジーティーエスピ46250,なし,なし,なし,なし,なし,なし,なし,なし,なし,なし,なし,なし,なし,なし,なし,なし,なし,なし,なし,なし,なし,なし,なし,なし,なし,なし,なし,なし,なし,なし,なし,なし,なし,なし,なし,なし,なし,なし,なし,なし,なし,なし,なし,なし,なし,なし,なし,なし,なし,なし,なし,なし,なし,なし,なし,なし,TRUE,なし,〇,なし,119,先,4,2.02608E+17,22103991
20260829,札幌,7,9,１勝ｸﾗｽ,芝,1200,ラプランセス,牝,横山琉人,斎藤誠,美,エピファネイア,2,札幌芝1200,1,R8.8.29,ラプランセス46262,ラプランセス46260,ラプランセス46261,ラプランセス46256,ラプランセス46257,ラプランセス46249,ラプランセス46250,なし,なし,なし,なし,なし,なし,なし,なし,なし,なし,なし,なし,なし,なし,なし,なし,なし,なし,なし,なし,なし,なし,なし,なし,なし,なし,なし,なし,なし,なし,なし,なし,なし,なし,なし,なし,なし,FALSE,なし,なし,なし,なし,なし,なし,なし,なし,なし,なし,なし,なし,なし,なし,なし,なし,なし,なし,TRUE,なし,〇,なし,109,差,5,2.02608E+17,23103733
20260829,札幌,7,10,１勝ｸﾗｽ,芝,1200,ハルヒメ,牝,小林美駒,矢嶋大樹,美,マインドユアビスケッツ,2,札幌芝1200,1,R8.8.29,ハルヒメ46262,ハルヒメ46260,ハルヒメ46261,ハルヒメ46256,ハルヒメ46257,ハルヒメ46249,ハルヒメ46250,なし,なし,なし,なし,なし,なし,なし,なし,なし,なし,なし,なし,なし,なし,なし,なし,なし,なし,なし,なし,なし,なし,なし,なし,なし,なし,なし,なし,なし,なし,なし,なし,なし,なし,なし,なし,なし,なし,なし,なし,なし,なし,なし,なし,なし,なし,なし,なし,なし,なし,なし,なし,なし,なし,なし,なし,なし,なし,なし,なし,110,逃,5,2.02608E+17,23103400
20260829,札幌,7,11,１勝ｸﾗｽ,芝,1200,ペガサスノース,牝,落合玄太,高柳大輔,栗,ロードカナロア,2,札幌芝1200,2,R8.8.29,ペガサスノース46262,ペガサスノース46260,ペガサスノース46261,ペガサスノース46256,ペガサスノース46257,ペガサスノース46249,ペガサスノース46250,なし,なし,なし,なし,なし,なし,なし,なし,なし,なし,なし,なし,なし,なし,なし,なし,なし,なし,なし,なし,なし,なし,なし,なし,なし,なし,なし,なし,なし,なし,なし,なし,なし,なし,なし,なし,なし,なし,なし,なし,なし,なし,なし,なし,なし,なし,なし,なし,なし,なし,なし,なし,なし,なし,なし,なし,なし,なし,なし,なし,90,先,6,2.02608E+17,22101053
20260829,札幌,7,12,１勝ｸﾗｽ,芝,1200,ペイシャアーサー,牡,遠藤汰月,本間忍,美,ビッグアーサー,2,札幌芝1200,1,R8.8.29,ペイシャアーサー46262,ペイシャアーサー46260,ペイシャアーサー46261,ペイシャアーサー46256,ペイシャアーサー46257,ペイシャアーサー46249,ペイシャアーサー46250,なし,なし,なし,なし,なし,なし,なし,なし,なし,なし,なし,なし,なし,なし,なし,なし,なし,なし,なし,なし,なし,なし,なし,なし,なし,なし,なし,なし,なし,なし,なし,なし,なし,なし,なし,なし,なし,なし,なし,なし,なし,なし,なし,なし,なし,なし,なし,なし,なし,なし,なし,なし,なし,なし,なし,なし,TRUE,なし,〇,なし,87,先,6,2.02608E+17,22104221
20260829,札幌,7,13,１勝ｸﾗｽ,芝,1200,ナンナンプー,牝,石川倭,水野貴広,美,フィエールマン,2,札幌芝1200,1,R8.8.29,ナンナンプー46262,ナンナンプー46260,ナンナンプー46261,ナンナンプー46256,ナンナンプー46257,ナンナンプー46249,ナンナンプー46250,なし,なし,なし,なし,なし,なし,なし,なし,なし,なし,なし,なし,なし,なし,なし,なし,なし,なし,なし,なし,なし,なし,なし,なし,なし,なし,なし,なし,なし,なし,なし,なし,なし,なし,なし,なし,なし,なし,なし,なし,なし,なし,なし,なし,なし,なし,なし,なし,なし,なし,なし,なし,なし,なし,なし,なし,なし,なし,なし,なし,93,差,7,2.02608E+17,22102878
20260829,札幌,7,14,１勝ｸﾗｽ,芝,1200,マグネシアブリック,セ,北村友一,中舘英二,美,ブリックスアンドモルタル,2,札幌芝1200,1,R8.8.29,マグネシアブリック46262,マグネシアブリック46260,マグネシアブリック46261,マグネシアブリック46256,マグネシアブリック46257,マグネシアブリック46249,マグネシアブリック46250,なし,なし,なし,なし,なし,なし,なし,なし,なし,なし,なし,なし,なし,なし,なし,なし,なし,なし,なし,なし,なし,なし,なし,なし,なし,なし,なし,なし,なし,なし,なし,なし,なし,なし,なし,なし,なし,なし,なし,なし,なし,なし,なし,なし,なし,なし,なし,なし,なし,なし,なし,なし,なし,なし,なし,なし,なし,なし,なし,なし,115,先,7,2.02608E+17,22101920
20260829,札幌,7,15,１勝ｸﾗｽ,芝,1200,ツルノマイハシ,牝,武豊,杉浦宏昭,美,モーリス,2,札幌芝1200,1,R8.8.29,ツルノマイハシ46262,ツルノマイハシ46260,ツルノマイハシ46261,ツルノマイハシ46256,ツルノマイハシ46257,ツルノマイハシ46249,ツルノマイハシ46250,なし,なし,なし,なし,なし,なし,なし,なし,なし,なし,なし,なし,なし,なし,なし,なし,なし,なし,なし,なし,なし,なし,なし,なし,なし,なし,なし,なし,なし,なし,なし,なし,なし,なし,なし,なし,なし,なし,なし,なし,なし,なし,なし,なし,なし,なし,なし,なし,なし,なし,なし,なし,なし,なし,なし,なし,TRUE,なし,〇,なし,117,先,8,2.02608E+17,23103528
20260829,札幌,7,16,１勝ｸﾗｽ,芝,1200,スプリングデイ,牝,黛弘人,伊藤大士,美,ディスクリートキャット,2,札幌芝1200,1,R8.8.29,スプリングデイ46262,スプリングデイ46260,スプリングデイ46261,スプリングデイ46256,スプリングデイ46257,スプリングデイ46249,スプリングデイ46250,なし,なし,なし,なし,なし,なし,なし,なし,なし,なし,なし,なし,なし,なし,なし,なし,なし,なし,なし,なし,なし,なし,なし,なし,なし,なし,なし,なし,なし,なし,なし,なし,なし,なし,なし,なし,なし,なし,なし,なし,なし,なし,なし,なし,なし,なし,なし,なし,なし,なし,なし,なし,なし,なし,なし,なし,なし,なし,なし,なし,96,差,8,2.02608E+17,21103322
20260829,札幌,8,1,１勝ｸﾗｽ,ダ,1700,エコロゼルダ,牝,斎藤新,牧浦充徳,栗,ブラックタイド,1,札幌ダ1700,2,R8.8.29,エコロゼルダ46262,エコロゼルダ46260,エコロゼルダ46261,エコロゼルダ46256,エコロゼルダ46257,エコロゼルダ46249,エコロゼルダ46250,なし,なし,なし,なし,なし,なし,なし,なし,なし,なし,なし,なし,なし,なし,なし,なし,なし,なし,なし,なし,なし,なし,なし,なし,なし,なし,なし,なし,なし,なし,なし,なし,なし,なし,なし,なし,なし,FALSE,なし,なし,なし,なし,なし,なし,なし,なし,なし,なし,なし,なし,なし,なし,なし,なし,なし,なし,TRUE,なし,〇,なし,72,追,1,2.02608E+17,23103566
20260829,札幌,8,2,１勝ｸﾗｽ,ダ,1700,ガビーズメロディ,牡,原田和真,伊坂重信,美,ミスターメロディ,1,札幌ダ1700,1,R8.8.29,ガビーズメロディ46262,ガビーズメロディ46260,ガビーズメロディ46261,ガビーズメロディ46256,ガビーズメロディ46257,ガビーズメロディ46249,ガビーズメロディ46250,なし,なし,なし,なし,なし,なし,なし,なし,なし,なし,なし,なし,なし,なし,なし,なし,なし,なし,なし,なし,なし,なし,なし,なし,なし,なし,なし,なし,なし,なし,なし,なし,なし,なし,なし,なし,なし,なし,なし,なし,なし,なし,なし,なし,なし,なし,なし,なし,なし,なし,なし,なし,なし,なし,なし,なし,なし,なし,なし,なし,69,追,2,2.02608E+17,23106214
20260829,札幌,8,3,１勝ｸﾗｽ,ダ,1700,ロードアルディート,牡,横山和生,武幸四郎,栗,ドゥラメンテ,1,札幌ダ1700,2,R8.8.29,ロードアルディート46262,ロードアルディート46260,ロードアルディート46261,ロードアルディート46256,ロードアルディート46257,ロードアルディート46249,ロードアルディート46250,なし,なし,なし,なし,なし,なし,なし,なし,なし,なし,なし,なし,なし,なし,なし,なし,なし,なし,なし,なし,なし,なし,なし,なし,なし,なし,なし,なし,なし,なし,なし,なし,なし,なし,なし,なし,なし,FALSE,なし,なし,なし,なし,なし,なし,なし,なし,なし,なし,なし,なし,なし,なし,なし,なし,なし,なし,TRUE,なし,〇,なし,108,差,3,2.02608E+17,22100637
20260829,札幌,8,4,１勝ｸﾗｽ,ダ,1700,エタンセル,牡,小林美駒,高木登,美,ブリックスアンドモルタル,1,札幌ダ1700,1,R8.8.29,エタンセル46262,エタンセル46260,エタンセル46261,エタンセル46256,エタンセル46257,エタンセル46249,エタンセル46250,なし,なし,なし,なし,なし,なし,なし,なし,なし,なし,なし,なし,なし,なし,なし,なし,なし,なし,なし,なし,なし,なし,なし,なし,なし,なし,なし,なし,なし,なし,なし,なし,なし,なし,なし,なし,なし,なし,なし,なし,なし,なし,なし,なし,なし,なし,なし,なし,なし,なし,なし,なし,なし,なし,なし,なし,なし,なし,なし,なし,113,先,4,2.02608E+17,23102354
20260829,札幌,8,5,１勝ｸﾗｽ,ダ,1700,アチーヴァー,牡,丹内祐次,石坂公一,栗,ニューイヤーズデイ,1,札幌ダ1700,2,R8.8.29,アチーヴァー46262,アチーヴァー46260,アチーヴァー46261,アチーヴァー46256,アチーヴァー46257,アチーヴァー46249,アチーヴァー46250,なし,なし,なし,なし,なし,なし,なし,なし,なし,なし,なし,なし,なし,なし,なし,なし,なし,なし,なし,なし,なし,なし,なし,なし,なし,なし,なし,なし,なし,なし,なし,なし,なし,なし,なし,なし,なし,なし,なし,なし,なし,なし,なし,なし,なし,なし,なし,なし,なし,なし,なし,なし,なし,なし,なし,なし,TRUE,なし,〇,なし,115,先,5,2.02608E+17,23103750
20260829,札幌,8,6,１勝ｸﾗｽ,ダ,1700,レッドフロイデ,牡,河原田菜,大久保龍,栗,モーリス,1,札幌ダ1700,2,R8.8.29,レッドフロイデ46262,レッドフロイデ46260,レッドフロイデ46261,レッドフロイデ46256,レッドフロイデ46257,レッドフロイデ46249,レッドフロイデ46250,なし,なし,なし,なし,なし,なし,なし,なし,なし,なし,なし,なし,なし,なし,なし,なし,なし,なし,なし,なし,なし,なし,なし,なし,なし,なし,なし,なし,なし,なし,なし,なし,なし,なし,なし,なし,なし,なし,なし,なし,なし,なし,なし,なし,なし,なし,なし,なし,なし,なし,なし,なし,なし,なし,なし,なし,なし,なし,なし,なし,110,先,6,2.02608E+17,23103441
20260829,札幌,8,7,１勝ｸﾗｽ,ダ,1700,グローリーバローズ,セ,鮫島克駿,辻野泰之,栗,サートゥルナーリア,1,札幌ダ1700,2,R8.8.29,グローリーバローズ46262,グローリーバローズ46260,グローリーバローズ46261,グローリーバローズ46256,グローリーバローズ46257,グローリーバローズ46249,グローリーバローズ46250,なし,なし,なし,なし,なし,なし,なし,なし,なし,なし,なし,なし,なし,なし,なし,なし,なし,なし,なし,なし,なし,なし,なし,なし,なし,なし,なし,なし,なし,なし,なし,なし,なし,なし,なし,なし,なし,FALSE,なし,なし,なし,なし,なし,なし,なし,なし,なし,なし,なし,なし,なし,なし,なし,なし,なし,なし,なし,なし,なし,なし,85,差,6,2.02608E+17,23105470
20260829,札幌,8,8,１勝ｸﾗｽ,ダ,1700,ピエナオルカ,牡,古川吉洋,谷潔,栗,ゴールドドリーム,1,札幌ダ1700,2,R8.8.29,ピエナオルカ46262,ピエナオルカ46260,ピエナオルカ46261,ピエナオルカ46256,ピエナオルカ46257,ピエナオルカ46249,ピエナオルカ46250,なし,なし,なし,なし,なし,なし,なし,なし,なし,なし,なし,なし,なし,なし,なし,なし,なし,なし,なし,なし,なし,なし,なし,なし,なし,なし,なし,なし,なし,なし,なし,なし,なし,なし,なし,なし,なし,なし,なし,なし,なし,なし,なし,なし,なし,なし,なし,なし,なし,なし,なし,なし,なし,なし,なし,なし,なし,なし,なし,なし,110,逃,7,2.02608E+17,23100715
20260829,札幌,8,9,１勝ｸﾗｽ,ダ,1700,スターオブロンドン,牡,小沢大仁,矢作芳人,栗,タワーオブロンドン,1,札幌ダ1700,2,R8.8.29,スターオブロンドン46262,スターオブロンドン46260,スターオブロンドン46261,スターオブロンドン46256,スターオブロンドン46257,スターオブロンドン46249,スターオブロンドン46250,なし,なし,なし,なし,なし,なし,なし,なし,なし,なし,なし,なし,なし,なし,なし,なし,なし,なし,なし,なし,なし,なし,なし,なし,なし,なし,なし,なし,なし,なし,なし,なし,なし,なし,なし,なし,なし,なし,なし,なし,なし,なし,なし,なし,なし,なし,なし,なし,なし,なし,なし,なし,なし,なし,なし,なし,なし,なし,なし,なし,104,差,7,2.02608E+17,23105545
20260829,札幌,8,10,１勝ｸﾗｽ,ダ,1700,ルージュエピック,牝,松本大輝,田中克典,栗,クリソベリル,1,札幌ダ1700,2,R8.8.29,ルージュエピック46262,ルージュエピック46260,ルージュエピック46261,ルージュエピック46256,ルージュエピック46257,ルージュエピック46249,ルージュエピック46250,なし,なし,なし,なし,なし,なし,なし,なし,なし,なし,なし,なし,なし,なし,なし,なし,なし,なし,なし,なし,なし,なし,なし,なし,なし,なし,なし,なし,なし,なし,なし,なし,なし,なし,なし,なし,なし,なし,なし,なし,なし,なし,なし,なし,なし,なし,なし,なし,なし,なし,なし,なし,なし,なし,なし,なし,なし,なし,なし,なし,84,先,8,2.02608E+17,23106616
20260829,札幌,8,11,１勝ｸﾗｽ,ダ,1700,ノリノドラゴン,牡,吉田隼人,荒川義之,栗,ホッコータルマエ,1,札幌ダ1700,2,R8.8.29,ノリノドラゴン46262,ノリノドラゴン46260,ノリノドラゴン46261,ノリノドラゴン46256,ノリノドラゴン46257,ノリノドラゴン46249,ノリノドラゴン46250,なし,なし,なし,なし,なし,なし,なし,なし,なし,なし,なし,なし,なし,なし,なし,なし,なし,なし,なし,なし,なし,なし,なし,なし,なし,なし,なし,なし,なし,なし,なし,なし,なし,なし,なし,なし,なし,なし,なし,なし,なし,なし,なし,なし,なし,なし,なし,なし,なし,なし,なし,なし,なし,なし,なし,なし,なし,なし,なし,なし,92,先,8,2.02608E+17,23101721
20260829,札幌,9,1,１勝ｸﾗｽ,芝,1800,ミエノストロング,牡,横山和生,上原佑紀,美,シスキン,2,札幌芝1800,1,R8.8.29,ミエノストロング46262,ミエノストロング46260,ミエノストロング46261,ミエノストロング46256,ミエノストロング46257,ミエノストロング46249,ミエノストロング46250,63.1,14.7,15.4,54.8,12.8,13,なし,なし,なし,なし,なし,なし,なし,なし,なし,なし,なし,なし,なし,なし,なし,なし,なし,なし,なし,なし,なし,なし,なし,なし,なし,なし,なし,なし,なし,なし,なし,なし,なし,なし,なし,なし,なし,なし,なし,なし,なし,なし,なし,なし,なし,なし,なし,なし,なし,なし,TRUE,なし,〇,なし,104,差,1,2.02608E+17,23105257
20260829,札幌,9,2,１勝ｸﾗｽ,芝,1800,マイバラード,牡,遠藤汰月,松永康利,美,ダノンバラード,2,札幌芝1800,1,R8.8.29,マイバラード46262,マイバラード46260,マイバラード46261,マイバラード46256,マイバラード46257,マイバラード46249,マイバラード46250,なし,なし,なし,なし,なし,なし,なし,なし,なし,なし,なし,なし,なし,なし,なし,なし,なし,なし,なし,なし,なし,なし,なし,なし,なし,なし,なし,なし,なし,なし,なし,なし,なし,なし,なし,なし,なし,なし,なし,なし,なし,なし,なし,なし,なし,なし,なし,なし,なし,なし,なし,なし,なし,なし,なし,なし,なし,なし,なし,なし,96,追,2,2.02608E+17,20100621
20260829,札幌,9,3,１勝ｸﾗｽ,芝,1800,アイドクレース,牝,横山武史,金成貴史,美,ダノンバラード,2,札幌芝1800,1,R8.8.29,アイドクレース46262,アイドクレース46260,アイドクレース46261,アイドクレース46256,アイドクレース46257,アイドクレース46249,アイドクレース46250,なし,なし,なし,なし,なし,なし,なし,なし,なし,なし,なし,なし,なし,なし,なし,なし,なし,なし,なし,なし,なし,なし,なし,なし,なし,なし,なし,なし,なし,なし,なし,なし,なし,なし,なし,なし,なし,なし,なし,なし,なし,なし,なし,なし,なし,なし,なし,なし,なし,なし,なし,なし,なし,なし,なし,なし,なし,なし,なし,なし,122,差,3,2.02608E+17,23104487
20260829,札幌,9,4,１勝ｸﾗｽ,芝,1800,ウインイルネージュ,牝,黛弘人,和田正一,美,ゴールドシップ,2,札幌芝1800,1,R8.8.29,ウインイルネージュ46262,ウインイルネージュ46260,ウインイルネージュ46261,ウインイルネージュ46256,ウインイルネージュ46257,ウインイルネージュ46249,ウインイルネージュ46250,なし,なし,なし,なし,なし,なし,なし,なし,なし,なし,なし,なし,なし,なし,なし,なし,なし,なし,なし,なし,なし,なし,なし,なし,なし,なし,なし,なし,なし,なし,なし,なし,なし,なし,なし,なし,なし,なし,なし,なし,なし,なし,なし,なし,なし,なし,なし,なし,なし,なし,なし,なし,なし,なし,なし,なし,なし,なし,なし,なし,88,差,4,2.02608E+17,22106221
20260829,札幌,9,5,１勝ｸﾗｽ,芝,1800,カージオイド,牡,長浜鴻緒,黒岩陽一,美,サトノダイヤモンド,2,札幌芝1800,1,R8.8.29,カージオイド46262,カージオイド46260,カージオイド46261,カージオイド46256,カージオイド46257,カージオイド46249,カージオイド46250,なし,なし,なし,なし,なし,なし,なし,なし,なし,なし,なし,なし,なし,なし,なし,なし,なし,なし,なし,なし,なし,なし,なし,なし,なし,なし,なし,なし,なし,なし,なし,なし,なし,なし,なし,なし,なし,なし,なし,なし,なし,なし,なし,なし,なし,なし,なし,なし,なし,なし,なし,なし,なし,なし,なし,なし,TRUE,なし,〇,なし,112,差,5,2.02608E+17,22104062
20260829,札幌,9,6,１勝ｸﾗｽ,芝,1800,ブランドブラン,牡,鮫島克駿,杉山晴紀,栗,Frosted,2,札幌芝1800,2,R8.8.29,ブランドブラン46262,ブランドブラン46260,ブランドブラン46261,ブランドブラン46256,ブランドブラン46257,ブランドブラン46249,ブランドブラン46250,なし,なし,なし,なし,なし,なし,なし,なし,なし,なし,なし,なし,なし,なし,なし,なし,なし,なし,なし,なし,なし,なし,なし,なし,なし,なし,なし,なし,なし,なし,なし,なし,なし,なし,なし,なし,なし,FALSE,なし,なし,なし,なし,なし,なし,なし,なし,なし,なし,なし,なし,なし,なし,なし,なし,なし,なし,なし,なし,なし,なし,111,先,5,2.02608E+17,23105005
20260829,札幌,9,7,１勝ｸﾗｽ,芝,1800,グランセゾン,牝,武豊,栗田徹,美,オルフェーヴル,2,札幌芝1800,1,R8.8.29,グランセゾン46262,グランセゾン46260,グランセゾン46261,グランセゾン46256,グランセゾン46257,グランセゾン46249,グランセゾン46250,なし,なし,なし,なし,なし,なし,なし,なし,なし,なし,なし,なし,なし,なし,なし,なし,なし,なし,なし,なし,なし,なし,なし,なし,なし,なし,なし,なし,なし,なし,なし,なし,なし,なし,なし,なし,なし,なし,なし,なし,なし,なし,なし,なし,なし,なし,なし,なし,なし,なし,なし,なし,なし,なし,なし,なし,なし,なし,なし,なし,110,先,6,2.02608E+17,22106645
20260829,札幌,9,8,１勝ｸﾗｽ,芝,1800,キタノサリスカ,牝,和田陽希,羽月友彦,栗,タイセイレジェンド,2,札幌芝1800,2,R8.8.29,キタノサリスカ46262,キタノサリスカ46260,キタノサリスカ46261,キタノサリスカ46256,キタノサリスカ46257,キタノサリスカ46249,キタノサリスカ46250,なし,なし,なし,なし,なし,なし,なし,なし,なし,なし,なし,なし,なし,なし,なし,なし,なし,なし,なし,なし,なし,なし,なし,なし,なし,なし,なし,なし,なし,なし,なし,なし,なし,なし,なし,なし,なし,なし,なし,なし,なし,なし,なし,なし,なし,なし,なし,なし,なし,なし,なし,なし,なし,なし,なし,なし,なし,なし,なし,なし,107,先,6,2.02608E+17,23105977
20260829,札幌,9,9,１勝ｸﾗｽ,芝,1800,カイシンパジェント,牝,桑村真明,角川秀樹,地,デクラレーションオブウォー,2,札幌芝1800,#N/A,R8.8.29,カイシンパジェント46262,カイシンパジェント46260,カイシンパジェント46261,カイシンパジェント46256,カイシンパジェント46257,カイシンパジェント46249,カイシンパジェント46250,なし,なし,なし,なし,なし,なし,なし,なし,なし,なし,なし,なし,なし,なし,なし,なし,なし,なし,なし,なし,なし,なし,なし,なし,なし,なし,なし,なし,なし,なし,なし,なし,なし,なし,なし,なし,なし,なし,なし,なし,なし,なし,なし,なし,なし,なし,なし,なし,なし,なし,なし,なし,なし,なし,なし,なし,なし,なし,なし,なし,92,　,7,2.02608E+17,23102719
20260829,札幌,9,10,１勝ｸﾗｽ,芝,1800,エオアリイ,牡,丹内祐次,平岩大典,美,ドゥラメンテ,2,札幌芝1800,1,R8.8.29,エオアリイ46262,エオアリイ46260,エオアリイ46261,エオアリイ46256,エオアリイ46257,エオアリイ46249,エオアリイ46250,なし,なし,なし,なし,なし,なし,なし,なし,なし,なし,なし,なし,なし,なし,なし,なし,なし,なし,なし,なし,なし,なし,なし,なし,なし,なし,なし,なし,なし,なし,なし,なし,なし,なし,なし,なし,なし,なし,なし,なし,なし,なし,なし,なし,なし,なし,なし,なし,なし,なし,なし,なし,なし,なし,なし,なし,なし,なし,なし,なし,105,先,7,2.02608E+17,22103222
20260829,札幌,9,11,１勝ｸﾗｽ,芝,1800,エイトスターズ,牝,吉田隼人,坂口智康,栗,ジャスタウェイ,2,札幌芝1800,2,R8.8.29,エイトスターズ46262,エイトスターズ46260,エイトスターズ46261,エイトスターズ46256,エイトスターズ46257,エイトスターズ46249,エイトスターズ46250,なし,なし,なし,なし,なし,なし,なし,なし,なし,なし,なし,なし,なし,なし,なし,なし,なし,なし,なし,なし,なし,なし,なし,なし,なし,なし,なし,なし,なし,なし,なし,なし,なし,なし,なし,なし,なし,なし,なし,なし,なし,なし,なし,なし,なし,なし,なし,なし,なし,なし,なし,なし,なし,なし,なし,なし,TRUE,なし,〇,なし,92,差,8,2.02608E+17,20103772
20260829,札幌,9,12,１勝ｸﾗｽ,芝,1800,コスモキャバリエ,牡,石川倭,室井潔,美,ダノンバラード,2,札幌芝1800,1,R8.8.29,コスモキャバリエ46262,コスモキャバリエ46260,コスモキャバリエ46261,コスモキャバリエ46256,コスモキャバリエ46257,コスモキャバリエ46249,コスモキャバリエ46250,なし,なし,なし,なし,なし,なし,69.5,16.9,16.7,69.2,17.2,17.2,67.2,16.7,16.1,16.9,17.5,なし,なし,なし,なし,なし,なし,なし,なし,なし,なし,なし,なし,なし,なし,なし,なし,なし,なし,なし,なし,なし,なし,なし,なし,なし,×,なし,×,×,なし,×,なし,なし,×,なし,×,×,なし,×,なし,なし,なし,なし,101,先,8,2.02608E+17,22106832
20260829,札幌,10,1,すずらん,芝,1200,ルアシュエル,牡,落合玄太,田中淳司,地,シュウジ,2,札幌芝1200,#N/A,R8.8.29,ルアシュエル46262,ルアシュエル46260,ルアシュエル46261,ルアシュエル46256,ルアシュエル46257,ルアシュエル46249,ルアシュエル46250,なし,なし,なし,なし,なし,なし,なし,なし,なし,なし,なし,なし,なし,なし,なし,なし,なし,なし,なし,なし,なし,なし,なし,なし,なし,なし,なし,なし,なし,なし,なし,なし,なし,なし,なし,なし,なし,なし,なし,なし,なし,なし,なし,なし,なし,なし,なし,なし,なし,なし,なし,なし,なし,なし,なし,なし,なし,なし,なし,なし,0,　,1,2.02608E+17,24107393
20260829,札幌,10,2,すずらん,芝,1200,ルベルグラン,牝,桑村真明,角川秀樹,地,ダノンスマッシュ,2,札幌芝1200,#N/A,R8.8.29,ルベルグラン46262,ルベルグラン46260,ルベルグラン46261,ルベルグラン46256,ルベルグラン46257,ルベルグラン46249,ルベルグラン46250,なし,なし,なし,なし,なし,なし,なし,なし,なし,なし,なし,なし,なし,なし,なし,なし,なし,なし,なし,なし,なし,なし,なし,なし,なし,なし,なし,なし,なし,なし,なし,なし,なし,なし,なし,なし,なし,なし,なし,なし,なし,なし,なし,なし,なし,なし,なし,なし,なし,なし,なし,なし,なし,なし,なし,なし,なし,なし,なし,なし,0,　,2,2.02608E+17,24105383
20260829,札幌,10,3,すずらん,芝,1200,ワールドエンジェル,牝,横山和生,橋田宜長,栗,スワーヴリチャード,2,札幌芝1200,2,R8.8.29,ワールドエンジェル46262,ワールドエンジェル46260,ワールドエンジェル46261,ワールドエンジェル46256,ワールドエンジェル46257,ワールドエンジェル46249,ワールドエンジェル46250,なし,なし,なし,なし,なし,なし,なし,なし,なし,なし,なし,なし,なし,なし,なし,なし,なし,なし,なし,なし,なし,なし,なし,なし,なし,なし,なし,なし,なし,なし,なし,なし,なし,なし,なし,なし,なし,なし,なし,なし,なし,なし,なし,なし,なし,なし,なし,なし,なし,なし,なし,なし,なし,なし,なし,なし,なし,なし,なし,なし,104,逃,3,2.02608E+17,24107239
20260829,札幌,10,4,すずらん,芝,1200,スハッチェ,牝,宮内勇樹,川島洋人,地,タニノフランケル,2,札幌芝1200,#N/A,R8.8.29,スハッチェ46262,スハッチェ46260,スハッチェ46261,スハッチェ46256,スハッチェ46257,スハッチェ46249,スハッチェ46250,なし,なし,なし,なし,なし,なし,なし,なし,なし,なし,なし,なし,なし,なし,なし,なし,なし,なし,なし,なし,なし,なし,なし,なし,なし,なし,なし,なし,なし,なし,なし,なし,なし,なし,なし,なし,なし,なし,なし,なし,なし,なし,なし,なし,なし,なし,なし,なし,なし,なし,なし,なし,なし,なし,なし,なし,なし,なし,なし,なし,0,　,4,2.02608E+17,24105617
20260829,札幌,10,5,すずらん,芝,1200,ピンクゴールド,牝,小野楓馬,小野望,地,ヘンリーバローズ,2,札幌芝1200,#N/A,R8.8.29,ピンクゴールド46262,ピンクゴールド46260,ピンクゴールド46261,ピンクゴールド46256,ピンクゴールド46257,ピンクゴールド46249,ピンクゴールド46250,なし,なし,なし,なし,なし,なし,なし,なし,なし,なし,なし,なし,なし,なし,なし,なし,なし,なし,なし,なし,なし,なし,なし,なし,なし,なし,なし,なし,なし,なし,なし,なし,なし,なし,なし,なし,なし,なし,なし,なし,なし,なし,なし,なし,なし,なし,なし,なし,なし,なし,なし,なし,なし,なし,なし,なし,なし,なし,なし,なし,0,　,5,2.02608E+17,24109031
20260829,札幌,10,6,すずらん,芝,1200,トラデスカンティア,牝,服部茂史,松本隆宏,地,シルバーステート,2,札幌芝1200,#N/A,R8.8.29,トラデスカンティア46262,トラデスカンティア46260,トラデスカンティア46261,トラデスカンティア46256,トラデスカンティア46257,トラデスカンティア46249,トラデスカンティア46250,なし,なし,なし,なし,なし,なし,なし,なし,なし,なし,なし,なし,なし,なし,なし,なし,なし,なし,なし,なし,なし,なし,なし,なし,なし,なし,なし,なし,なし,なし,なし,なし,なし,なし,なし,なし,なし,なし,なし,なし,なし,なし,なし,なし,なし,なし,なし,なし,なし,なし,なし,なし,なし,なし,なし,なし,なし,なし,なし,なし,0,　,5,2.02608E+17,24101160
20260829,札幌,10,7,すずらん,芝,1200,ピクニックマーチ,牝,木幡初也,竹内正洋,美,シスキン,2,札幌芝1200,1,R8.8.29,ピクニックマーチ46262,ピクニックマーチ46260,ピクニックマーチ46261,ピクニックマーチ46256,ピクニックマーチ46257,ピクニックマーチ46249,ピクニックマーチ46250,なし,なし,なし,57.3,13.1,13.6,なし,なし,なし,なし,なし,なし,なし,なし,なし,なし,なし,なし,なし,なし,なし,なし,なし,なし,なし,なし,なし,なし,なし,なし,なし,なし,なし,なし,なし,なし,なし,FALSE,なし,なし,なし,なし,なし,なし,なし,なし,なし,なし,なし,なし,なし,なし,なし,なし,なし,なし,TRUE,なし,〇,なし,100,先,6,2.02608E+17,24101438
20260829,札幌,10,8,すずらん,芝,1200,タイフーンナイン,牝,斎藤新,柴田卓,栗,ダノンプレミアム,2,札幌芝1200,2,R8.8.29,タイフーンナイン46262,タイフーンナイン46260,タイフーンナイン46261,タイフーンナイン46256,タイフーンナイン46257,タイフーンナイン46249,タイフーンナイン46250,なし,なし,なし,なし,なし,なし,なし,なし,なし,なし,なし,なし,なし,なし,なし,なし,なし,なし,なし,なし,なし,なし,なし,なし,なし,なし,なし,なし,なし,なし,なし,なし,なし,なし,なし,なし,なし,なし,なし,なし,なし,なし,なし,なし,なし,なし,なし,なし,なし,なし,なし,なし,なし,なし,なし,なし,なし,なし,なし,なし,116,先,6,2.02608E+17,24105166
20260829,札幌,10,9,すずらん,芝,1200,ムーンベリル,牝,北村友一,西村真幸,栗,クリソベリル,2,札幌芝1200,2,R8.8.29,ムーンベリル46262,ムーンベリル46260,ムーンベリル46261,ムーンベリル46256,ムーンベリル46257,ムーンベリル46249,ムーンベリル46250,なし,なし,なし,なし,なし,なし,なし,なし,なし,なし,なし,なし,なし,なし,なし,なし,なし,なし,なし,なし,なし,なし,なし,14.7,12.1,なし,なし,なし,なし,なし,なし,なし,なし,なし,なし,なし,なし,なし,なし,なし,なし,なし,なし,なし,なし,なし,なし,なし,なし,なし,なし,なし,なし,なし,なし,なし,なし,なし,なし,なし,112,逃,7,2.02608E+17,24106276
20260829,札幌,10,10,すずらん,芝,1200,ヌーンベルク,牝,横山武史,武井亮,美,タワーオブロンドン,2,札幌芝1200,1,R8.8.29,ヌーンベルク46262,ヌーンベルク46260,ヌーンベルク46261,ヌーンベルク46256,ヌーンベルク46257,ヌーンベルク46249,ヌーンベルク46250,なし,なし,なし,なし,なし,なし,なし,なし,なし,なし,なし,なし,なし,なし,なし,なし,なし,なし,なし,なし,なし,なし,なし,なし,なし,なし,なし,なし,なし,なし,なし,なし,なし,なし,なし,なし,なし,なし,なし,なし,なし,なし,なし,なし,なし,なし,なし,なし,なし,なし,なし,なし,なし,なし,なし,なし,TRUE,なし,〇,なし,101,逃,7,2.02608E+17,24103505
20260829,札幌,10,11,すずらん,芝,1200,ラビリンスティアラ,牝,石川倭,村上正和,地,サブノジュニア,2,札幌芝1200,#N/A,R8.8.29,ラビリンスティアラ46262,ラビリンスティアラ46260,ラビリンスティアラ46261,ラビリンスティアラ46256,ラビリンスティアラ46257,ラビリンスティアラ46249,ラビリンスティアラ46250,なし,なし,なし,なし,なし,なし,なし,なし,なし,なし,なし,なし,なし,なし,なし,なし,なし,なし,なし,なし,なし,なし,なし,なし,なし,なし,なし,なし,なし,なし,なし,なし,なし,なし,なし,なし,なし,なし,なし,なし,なし,なし,なし,なし,なし,なし,なし,なし,なし,なし,なし,なし,なし,なし,なし,なし,なし,なし,なし,なし,0,　,8,2.02608E+17,24101636
20260829,札幌,10,12,すずらん,芝,1200,ウインガラハッド,牡,丹内祐次,宮徹,栗,ビッグアーサー,2,札幌芝1200,2,R8.8.29,ウインガラハッド46262,ウインガラハッド46260,ウインガラハッド46261,ウインガラハッド46256,ウインガラハッド46257,ウインガラハッド46249,ウインガラハッド46250,なし,なし,なし,なし,なし,なし,なし,なし,なし,なし,なし,なし,なし,なし,なし,なし,なし,なし,なし,なし,なし,なし,なし,なし,なし,なし,なし,なし,なし,なし,なし,なし,なし,なし,なし,なし,なし,なし,なし,なし,なし,なし,なし,なし,なし,なし,なし,なし,なし,なし,なし,なし,なし,なし,なし,なし,なし,なし,なし,なし,107,　,8,2.02608E+17,24103547
20260829,札幌,11,1,札幌日刊･2勝,芝,2000,エボルヴィング,牡,小沢大仁,藤原英昭,栗,ハーツクライ,2,札幌芝2000,2,R8.8.29,エボルヴィング46262,エボルヴィング46260,エボルヴィング46261,エボルヴィング46256,エボルヴィング46257,エボルヴィング46249,エボルヴィング46250,なし,なし,なし,なし,なし,なし,なし,なし,なし,なし,なし,なし,なし,なし,なし,なし,なし,なし,なし,なし,なし,なし,なし,なし,なし,なし,なし,なし,なし,なし,なし,なし,なし,なし,なし,なし,なし,なし,なし,なし,なし,なし,なし,なし,なし,なし,なし,なし,なし,なし,なし,なし,なし,なし,なし,なし,なし,なし,なし,なし,102,先,1,2.02608E+17,21105865
20260829,札幌,11,2,札幌日刊･2勝,芝,2000,マイネルバーテクス,牡,丹内祐次,水野貴広,美,エピファネイア,2,札幌芝2000,1,R8.8.29,マイネルバーテクス46262,マイネルバーテクス46260,マイネルバーテクス46261,マイネルバーテクス46256,マイネルバーテクス46257,マイネルバーテクス46249,マイネルバーテクス46250,なし,なし,なし,なし,なし,なし,なし,なし,なし,なし,なし,なし,なし,なし,なし,なし,なし,なし,なし,なし,なし,なし,なし,なし,なし,なし,なし,なし,なし,なし,なし,なし,なし,なし,なし,なし,なし,なし,なし,なし,なし,なし,なし,なし,なし,なし,なし,なし,なし,なし,なし,なし,なし,なし,なし,なし,なし,なし,なし,なし,106,先,2,2.02608E+17,21106827
20260829,札幌,11,3,札幌日刊･2勝,芝,2000,マイネルフォルツァ,牡,横山武史,金成貴史,美,ゴールドシップ,2,札幌芝2000,1,R8.8.29,マイネルフォルツァ46262,マイネルフォルツァ46260,マイネルフォルツァ46261,マイネルフォルツァ46256,マイネルフォルツァ46257,マイネルフォルツァ46249,マイネルフォルツァ46250,なし,なし,なし,なし,なし,なし,なし,なし,なし,なし,なし,なし,なし,なし,なし,なし,なし,なし,なし,なし,なし,なし,なし,なし,なし,なし,なし,なし,なし,なし,なし,なし,なし,なし,なし,なし,なし,なし,なし,なし,なし,なし,なし,なし,なし,なし,なし,なし,なし,なし,なし,なし,なし,なし,なし,なし,なし,なし,なし,なし,111,差,3,2.02608E+17,20105809
20260829,札幌,11,4,札幌日刊･2勝,芝,2000,ウィルサヴァイブ,牝,横山典弘,須貝尚介,栗,アルアイン,2,札幌芝2000,2,R8.8.29,ウィルサヴァイブ46262,ウィルサヴァイブ46260,ウィルサヴァイブ46261,ウィルサヴァイブ46256,ウィルサヴァイブ46257,ウィルサヴァイブ46249,ウィルサヴァイブ46250,なし,なし,なし,なし,なし,なし,なし,なし,なし,なし,なし,なし,なし,なし,なし,なし,なし,なし,なし,なし,なし,なし,なし,なし,なし,なし,なし,なし,なし,なし,なし,なし,なし,なし,なし,なし,なし,なし,なし,なし,なし,なし,なし,なし,なし,なし,なし,なし,なし,なし,なし,なし,なし,なし,なし,なし,TRUE,なし,〇,なし,109,差,3,2.02608E+17,22104748
20260829,札幌,11,5,札幌日刊･2勝,芝,2000,ハニードレス,牝,古川吉洋,牧光二,美,ブリックスアンドモルタル,2,札幌芝2000,1,R8.8.29,ハニードレス46262,ハニードレス46260,ハニードレス46261,ハニードレス46256,ハニードレス46257,ハニードレス46249,ハニードレス46250,なし,なし,なし,なし,なし,なし,なし,なし,なし,なし,なし,なし,なし,なし,なし,なし,なし,なし,なし,なし,なし,なし,なし,なし,なし,なし,なし,なし,なし,なし,なし,なし,なし,なし,なし,なし,なし,なし,なし,なし,なし,なし,なし,なし,なし,なし,なし,なし,なし,なし,なし,なし,なし,なし,なし,なし,TRUE,なし,〇,なし,101,差,4,2.02608E+17,22105394
20260829,札幌,11,6,札幌日刊･2勝,芝,2000,アリスメティーク,牝,横山和生,大竹正博,美,ミッキーアイル,2,札幌芝2000,1,R8.8.29,アリスメティーク46262,アリスメティーク46260,アリスメティーク46261,アリスメティーク46256,アリスメティーク46257,アリスメティーク46249,アリスメティーク46250,なし,なし,なし,なし,なし,なし,なし,なし,なし,なし,なし,なし,なし,なし,なし,なし,なし,なし,なし,なし,なし,なし,なし,なし,なし,なし,なし,なし,なし,なし,なし,なし,なし,なし,なし,なし,なし,FALSE,なし,なし,なし,なし,なし,なし,なし,なし,なし,なし,なし,なし,なし,なし,なし,なし,なし,なし,なし,なし,なし,なし,124,差,4,2.02608E+17,22105796
20260829,札幌,11,7,札幌日刊･2勝,芝,2000,メイショウアイル,牡,武豊,高橋義忠,栗,ミッキーアイル,2,札幌芝2000,2,R8.8.29,メイショウアイル46262,メイショウアイル46260,メイショウアイル46261,メイショウアイル46256,メイショウアイル46257,メイショウアイル46249,メイショウアイル46250,なし,なし,なし,なし,なし,なし,なし,なし,なし,なし,なし,なし,なし,なし,なし,なし,なし,なし,なし,なし,なし,なし,なし,なし,なし,なし,なし,なし,なし,なし,なし,なし,なし,なし,なし,なし,なし,なし,なし,なし,なし,なし,なし,なし,なし,なし,なし,なし,なし,なし,なし,なし,なし,なし,なし,なし,なし,なし,なし,なし,107,追,5,2.02608E+17,22102573
20260829,札幌,11,8,札幌日刊･2勝,芝,2000,レジェンドシップ,セ,浜中俊,佐藤悠太,栗,ゴールドシップ,2,札幌芝2000,2,R8.8.29,レジェンドシップ46262,レジェンドシップ46260,レジェンドシップ46261,レジェンドシップ46256,レジェンドシップ46257,レジェンドシップ46249,レジェンドシップ46250,なし,なし,なし,なし,なし,なし,なし,なし,なし,なし,なし,なし,なし,なし,なし,なし,なし,なし,なし,なし,なし,なし,なし,なし,なし,なし,なし,なし,なし,なし,なし,なし,なし,なし,なし,なし,なし,FALSE,なし,なし,なし,なし,なし,なし,なし,なし,なし,なし,なし,なし,なし,なし,なし,なし,なし,なし,TRUE,なし,〇,なし,108,先,5,2.02608E+17,20103910
20260829,札幌,11,9,札幌日刊･2勝,芝,2000,ナグルファル,セ,落合玄太,中舘英二,美,エピファネイア,2,札幌芝2000,1,R8.8.29,ナグルファル46262,ナグルファル46260,ナグルファル46261,ナグルファル46256,ナグルファル46257,ナグルファル46249,ナグルファル46250,65.1,14.9,16.1,なし,なし,なし,なし,なし,なし,なし,なし,なし,なし,なし,なし,なし,なし,なし,なし,なし,なし,なし,なし,なし,なし,なし,なし,なし,なし,なし,なし,なし,なし,なし,なし,なし,なし,なし,なし,なし,なし,なし,なし,なし,なし,なし,なし,なし,なし,なし,なし,なし,なし,なし,なし,なし,TRUE,なし,〇,なし,94,逃,6,2.02608E+17,22105552
20260829,札幌,11,10,札幌日刊･2勝,芝,2000,ドッビアーコ,セ,和田陽希,奥村豊,栗,Street Boss,2,札幌芝2000,2,R8.8.29,ドッビアーコ46262,ドッビアーコ46260,ドッビアーコ46261,ドッビアーコ46256,ドッビアーコ46257,ドッビアーコ46249,ドッビアーコ46250,なし,なし,なし,なし,なし,なし,なし,なし,なし,なし,なし,なし,なし,なし,なし,なし,なし,なし,なし,なし,なし,なし,なし,なし,なし,なし,なし,なし,なし,なし,なし,なし,なし,なし,なし,なし,なし,FALSE,なし,なし,なし,なし,なし,なし,なし,なし,なし,なし,なし,なし,なし,なし,なし,なし,なし,なし,なし,なし,なし,なし,99,逃,6,2.02608E+17,21110130
20260829,札幌,11,11,札幌日刊･2勝,芝,2000,フォルテフィオーレ,牡,鮫島克駿,上原佑紀,美,ドゥラメンテ,2,札幌芝2000,1,R8.8.29,フォルテフィオーレ46262,フォルテフィオーレ46260,フォルテフィオーレ46261,フォルテフィオーレ46256,フォルテフィオーレ46257,フォルテフィオーレ46249,フォルテフィオーレ46250,なし,なし,なし,なし,なし,なし,なし,なし,なし,なし,なし,なし,なし,なし,なし,なし,なし,なし,なし,なし,なし,なし,なし,なし,なし,なし,なし,なし,なし,なし,なし,なし,なし,なし,なし,なし,なし,なし,なし,なし,なし,なし,なし,なし,なし,なし,なし,なし,なし,なし,なし,なし,なし,なし,なし,なし,なし,なし,なし,なし,91,差,7,2.02608E+17,21100165
20260829,札幌,11,12,札幌日刊･2勝,芝,2000,バルティカ,牡,北村友一,高橋亮,栗,ルーラーシップ,2,札幌芝2000,2,R8.8.29,バルティカ46262,バルティカ46260,バルティカ46261,バルティカ46256,バルティカ46257,バルティカ46249,バルティカ46250,なし,なし,なし,なし,なし,なし,なし,なし,なし,なし,なし,なし,なし,なし,なし,なし,なし,なし,なし,なし,なし,なし,なし,なし,なし,なし,なし,なし,なし,なし,なし,なし,なし,なし,なし,なし,なし,なし,なし,なし,なし,なし,なし,なし,なし,なし,なし,なし,なし,なし,なし,なし,なし,なし,なし,なし,なし,なし,なし,なし,112,差,7,2.02608E+17,22105018
20260829,札幌,11,13,札幌日刊･2勝,芝,2000,コリカンチャ,セ,斎藤新,井上智史,栗,ブリックスアンドモルタル,2,札幌芝2000,2,R8.8.29,コリカンチャ46262,コリカンチャ46260,コリカンチャ46261,コリカンチャ46256,コリカンチャ46257,コリカンチャ46249,コリカンチャ46250,なし,なし,なし,55,12.8,13.1,なし,なし,なし,なし,なし,なし,なし,なし,なし,なし,なし,なし,なし,なし,なし,なし,なし,14.4,なし,なし,なし,なし,なし,なし,なし,なし,なし,なし,なし,なし,なし,なし,なし,なし,なし,なし,なし,なし,なし,なし,なし,なし,なし,なし,なし,なし,なし,なし,なし,なし,TRUE,なし,〇,なし,104,追,8,2.02608E+17,22104623
20260829,札幌,11,14,札幌日刊･2勝,芝,2000,バースライト,牡,吉田隼人,武幸四郎,栗,モーリス,2,札幌芝2000,2,R8.8.29,バースライト46262,バースライト46260,バースライト46261,バースライト46256,バースライト46257,バースライト46249,バースライト46250,なし,なし,なし,なし,なし,なし,なし,なし,なし,なし,なし,なし,なし,なし,なし,なし,なし,なし,なし,なし,なし,なし,なし,なし,なし,なし,なし,なし,なし,なし,なし,なし,なし,なし,なし,なし,なし,FALSE,なし,なし,なし,なし,なし,なし,なし,なし,なし,なし,なし,なし,なし,なし,なし,なし,なし,なし,なし,なし,なし,なし,104,先,8,2.02608E+17,22104692
20260829,札幌,12,1,千歳特別･2勝,ダ,1700,エンプレスフレーム,牝,原田和真,上原博之,美,カリフォルニアクローム,1,札幌ダ1700,1,R8.8.29,エンプレスフレーム46262,エンプレスフレーム46260,エンプレスフレーム46261,エンプレスフレーム46256,エンプレスフレーム46257,エンプレスフレーム46249,エンプレスフレーム46250,なし,なし,なし,なし,なし,なし,なし,なし,なし,なし,なし,なし,なし,なし,なし,なし,なし,なし,なし,なし,なし,なし,なし,なし,なし,なし,なし,なし,なし,なし,なし,なし,なし,なし,なし,なし,なし,なし,なし,なし,なし,なし,なし,なし,なし,なし,なし,なし,なし,なし,なし,なし,なし,なし,なし,なし,なし,なし,なし,なし,97,先,1,2.02608E+17,22107254
20260829,札幌,12,2,千歳特別･2勝,ダ,1700,ルージュマローネ,牝,鮫島克駿,栗田徹,美,ダイワメジャー,1,札幌ダ1700,1,R8.8.29,ルージュマローネ46262,ルージュマローネ46260,ルージュマローネ46261,ルージュマローネ46256,ルージュマローネ46257,ルージュマローネ46249,ルージュマローネ46250,なし,なし,なし,なし,なし,なし,なし,なし,なし,なし,なし,なし,なし,なし,なし,なし,なし,なし,なし,なし,なし,なし,なし,なし,なし,なし,なし,なし,なし,なし,なし,なし,なし,なし,なし,なし,なし,なし,なし,なし,なし,なし,なし,なし,なし,なし,なし,なし,なし,なし,なし,なし,なし,なし,なし,なし,なし,なし,なし,なし,94,差,2,2.02608E+17,22105569
20260829,札幌,12,3,千歳特別･2勝,ダ,1700,ディアウス,牡,横山武史,吉岡辰弥,栗,シニスターミニスター,1,札幌ダ1700,2,R8.8.29,ディアウス46262,ディアウス46260,ディアウス46261,ディアウス46256,ディアウス46257,ディアウス46249,ディアウス46250,なし,なし,なし,なし,なし,なし,なし,なし,なし,なし,なし,なし,なし,なし,なし,なし,なし,なし,なし,なし,なし,なし,なし,なし,なし,なし,なし,なし,なし,なし,なし,なし,なし,なし,なし,なし,なし,FALSE,なし,なし,なし,なし,なし,なし,なし,なし,なし,なし,なし,なし,なし,なし,なし,なし,なし,なし,TRUE,なし,〇,なし,122,先,3,2.02608E+17,22102905
20260829,札幌,12,4,千歳特別･2勝,ダ,1700,アラナコア,牡,吉田隼人,田中克典,栗,ブリックスアンドモルタル,1,札幌ダ1700,2,R8.8.29,アラナコア46262,アラナコア46260,アラナコア46261,アラナコア46256,アラナコア46257,アラナコア46249,アラナコア46250,なし,なし,なし,なし,なし,なし,なし,なし,なし,なし,なし,なし,なし,なし,なし,なし,なし,なし,なし,なし,なし,なし,なし,なし,なし,なし,なし,なし,なし,なし,なし,なし,なし,なし,なし,なし,なし,なし,なし,なし,なし,なし,なし,なし,なし,なし,なし,なし,なし,なし,なし,なし,なし,なし,なし,なし,なし,なし,なし,なし,120,マ,4,2.02608E+17,21103002
20260829,札幌,12,5,千歳特別･2勝,ダ,1700,ホレーショ,牡,丹内祐次,西田雄一,美,リアルインパクト,1,札幌ダ1700,1,R8.8.29,ホレーショ46262,ホレーショ46260,ホレーショ46261,ホレーショ46256,ホレーショ46257,ホレーショ46249,ホレーショ46250,なし,なし,なし,なし,なし,なし,なし,なし,なし,なし,なし,なし,なし,なし,なし,なし,なし,なし,なし,なし,なし,なし,なし,なし,なし,なし,なし,なし,なし,なし,なし,なし,なし,なし,なし,なし,なし,なし,なし,なし,なし,なし,なし,なし,なし,なし,なし,なし,なし,なし,なし,なし,なし,なし,なし,なし,TRUE,なし,〇,なし,122,先,5,2.02608E+17,21102409
20260829,札幌,12,6,千歳特別･2勝,ダ,1700,レディゴディヴァ,牝,石川倭,小崎憲,栗,ルヴァンスレーヴ,1,札幌ダ1700,2,R8.8.29,レディゴディヴァ46262,レディゴディヴァ46260,レディゴディヴァ46261,レディゴディヴァ46256,レディゴディヴァ46257,レディゴディヴァ46249,レディゴディヴァ46250,なし,なし,なし,なし,なし,なし,なし,なし,なし,なし,なし,なし,なし,なし,なし,なし,なし,なし,なし,なし,なし,なし,なし,なし,なし,なし,なし,なし,なし,なし,なし,なし,なし,なし,なし,なし,なし,なし,なし,なし,なし,なし,なし,なし,なし,なし,なし,なし,なし,なし,なし,なし,なし,なし,なし,なし,TRUE,なし,〇,なし,96,追,5,2.02608E+17,22106851
20260829,札幌,12,7,千歳特別･2勝,ダ,1700,リメンバーヒム,牡,小沢大仁,浜田多実,栗,コパノリッキー,1,札幌ダ1700,2,R8.8.29,リメンバーヒム46262,リメンバーヒム46260,リメンバーヒム46261,リメンバーヒム46256,リメンバーヒム46257,リメンバーヒム46249,リメンバーヒム46250,なし,なし,なし,なし,なし,なし,なし,なし,なし,なし,なし,なし,なし,なし,なし,なし,なし,なし,なし,なし,なし,なし,なし,なし,なし,なし,なし,なし,なし,なし,なし,なし,なし,なし,なし,なし,なし,なし,なし,なし,なし,なし,なし,なし,なし,なし,なし,なし,なし,なし,なし,なし,なし,なし,なし,なし,なし,なし,なし,なし,108,追,6,2.02608E+17,22100321
20260829,札幌,12,8,千歳特別･2勝,ダ,1700,ヤコブセン,牡,横山琉人,斎藤誠,美,エピファネイア,1,札幌ダ1700,1,R8.8.29,ヤコブセン46262,ヤコブセン46260,ヤコブセン46261,ヤコブセン46256,ヤコブセン46257,ヤコブセン46249,ヤコブセン46250,なし,なし,なし,なし,なし,なし,なし,なし,なし,なし,なし,なし,なし,なし,なし,なし,なし,なし,なし,なし,なし,なし,なし,なし,なし,なし,なし,なし,なし,なし,なし,なし,なし,なし,なし,なし,なし,FALSE,なし,なし,なし,なし,なし,なし,なし,なし,なし,なし,なし,なし,なし,なし,なし,なし,なし,なし,なし,なし,なし,なし,97,先,6,2.02608E+17,22103288
20260829,札幌,12,9,千歳特別･2勝,ダ,1700,マーゴットサンズ,牝,武豊,伊坂重信,美,ミスチヴィアスアレックス,1,札幌ダ1700,1,R8.8.29,マーゴットサンズ46262,マーゴットサンズ46260,マーゴットサンズ46261,マーゴットサンズ46256,マーゴットサンズ46257,マーゴットサンズ46249,マーゴットサンズ46250,なし,なし,なし,なし,なし,なし,なし,なし,なし,なし,なし,なし,なし,なし,なし,なし,なし,なし,なし,なし,なし,なし,なし,なし,なし,なし,なし,なし,なし,なし,なし,なし,なし,なし,なし,なし,なし,なし,なし,なし,なし,なし,なし,なし,なし,なし,なし,なし,なし,なし,なし,なし,なし,なし,なし,なし,TRUE,なし,〇,なし,108,逃,7,2.02608E+17,23103696
20260829,札幌,12,10,千歳特別･2勝,ダ,1700,オンザムービー,牡,横山和生,牧田和弥,栗,サンダースノー,1,札幌ダ1700,2,R8.8.29,オンザムービー46262,オンザムービー46260,オンザムービー46261,オンザムービー46256,オンザムービー46257,オンザムービー46249,オンザムービー46250,なし,なし,なし,なし,なし,なし,なし,なし,なし,なし,なし,なし,なし,なし,なし,なし,なし,なし,なし,なし,なし,なし,なし,なし,なし,なし,なし,なし,なし,なし,なし,なし,なし,なし,なし,なし,なし,なし,なし,なし,なし,なし,なし,なし,なし,なし,なし,なし,なし,なし,なし,なし,なし,なし,なし,なし,なし,なし,なし,なし,121,マ,7,2.02608E+17,23102455
20260829,札幌,12,11,千歳特別･2勝,ダ,1700,タガノエルー,牡,古川吉洋,宮徹,栗,モズアスコット,1,札幌ダ1700,2,R8.8.29,タガノエルー46262,タガノエルー46260,タガノエルー46261,タガノエルー46256,タガノエルー46257,タガノエルー46249,タガノエルー46250,なし,なし,なし,なし,なし,なし,なし,なし,なし,なし,なし,なし,なし,なし,なし,なし,なし,なし,なし,なし,なし,なし,なし,なし,なし,なし,なし,なし,なし,なし,なし,なし,なし,なし,なし,なし,なし,なし,なし,なし,なし,なし,なし,なし,なし,なし,なし,なし,なし,なし,なし,なし,なし,なし,なし,なし,なし,なし,なし,なし,132,先,8,2.02608E+17,23104324
20260829,札幌,12,12,千歳特別･2勝,ダ,1700,シャンハイナイト,牝,河原田菜,村田一誠,美,シャンハイボビー,1,札幌ダ1700,1,R8.8.29,シャンハイナイト46262,シャンハイナイト46260,シャンハイナイト46261,シャンハイナイト46256,シャンハイナイト46257,シャンハイナイト46249,シャンハイナイト46250,なし,なし,なし,65.1,14.7,15.5,なし,なし,なし,なし,なし,なし,56.1,12.2,13.4,14.4,16.1,なし,なし,なし,なし,なし,なし,なし,なし,なし,なし,12.2,0,なし,なし,なし,なし,なし,なし,なし,なし,なし,なし,なし,なし,なし,×,なし,×,×,なし,×,なし,なし,×,なし,×,×,なし,×,なし,なし,なし,なし,96,追,8,2.02608E+17,22102347
20260829,新潟,1,1,障害未勝利,芝,2850,ウインシュクラン,セ,上野翔,和田正一,美,スクリーンヒーロー,2,新潟芝2850,1,R8.8.29,ウインシュクラン46262,ウインシュクラン46260,ウインシュクラン46261,ウインシュクラン46256,ウインシュクラン46257,ウインシュクラン46249,ウインシュクラン46250,なし,なし,なし,56.2,14,13.9,なし,なし,なし,56.3,13.5,13.6,なし,なし,なし,なし,なし,なし,なし,なし,なし,なし,なし,なし,なし,なし,なし,なし,なし,11.5,55,70.4,なし,なし,なし,なし,なし,なし,〇,なし,〇,なし,なし,なし,なし,なし,なし,なし,なし,なし,なし,なし,なし,なし,なし,なし,なし,なし,なし,なし,88,追,1,2.02608E+17,18101615
20260829,新潟,1,2,障害未勝利,芝,2850,ホウオウサンデー,牡,小野寺祐,井上智史,栗,キングカメハメハ,2,新潟芝2850,2,R8.8.29,ホウオウサンデー46262,ホウオウサンデー46260,ホウオウサンデー46261,ホウオウサンデー46256,ホウオウサンデー46257,ホウオウサンデー46249,ホウオウサンデー46250,なし,なし,なし,56.8,12.9,13.1,なし,なし,なし,56.4,13.1,13.1,なし,なし,なし,なし,なし,なし,なし,なし,なし,なし,なし,なし,なし,なし,なし,なし,なし,なし,なし,なし,なし,なし,なし,なし,なし,なし,なし,なし,なし,なし,なし,なし,なし,なし,なし,なし,なし,なし,なし,なし,なし,なし,なし,なし,なし,なし,なし,なし,0,差,2,2.02608E+17,18105047
20260829,新潟,1,3,障害未勝利,芝,2850,コスモグラニット,牡,大江原圭,清水英克,美,キタサンブラック,2,新潟芝2850,1,R8.8.29,コスモグラニット46262,コスモグラニット46260,コスモグラニット46261,コスモグラニット46256,コスモグラニット46257,コスモグラニット46249,コスモグラニット46250,なし,なし,なし,なし,なし,なし,なし,なし,なし,なし,なし,なし,なし,なし,なし,なし,なし,なし,なし,なし,なし,なし,なし,なし,なし,なし,なし,11.5,67.3,12.2,55.8,70.8,なし,なし,なし,なし,なし,なし,×,なし,×,なし,なし,なし,なし,なし,なし,なし,なし,なし,なし,なし,なし,なし,なし,なし,なし,なし,なし,なし,97,追,3,2.02608E+17,22106800
20260829,新潟,1,4,障害未勝利,芝,2850,アスクアットバット,セ,黒岩悠,加藤公太,栗,Caravaggio,2,新潟芝2850,2,R8.8.29,アスクアットバット46262,アスクアットバット46260,アスクアットバット46261,アスクアットバット46256,アスクアットバット46257,アスクアットバット46249,アスクアットバット46250,なし,なし,なし,61.1,14,14.8,なし,なし,なし,57.9,14,14.2,なし,なし,なし,なし,なし,なし,なし,なし,なし,なし,なし,なし,なし,なし,なし,なし,なし,なし,なし,なし,なし,なし,なし,なし,なし,なし,なし,なし,なし,なし,なし,なし,なし,なし,なし,なし,なし,なし,なし,なし,なし,なし,なし,なし,なし,なし,なし,なし,87,追,4,2.02608E+17,22110139
20260829,新潟,1,5,障害未勝利,芝,2850,ワールドシリーズ,牡,中村将之,秋山真一,栗,No Nay Never,2,新潟芝2850,2,R8.8.29,ワールドシリーズ46262,ワールドシリーズ46260,ワールドシリーズ46261,ワールドシリーズ46256,ワールドシリーズ46257,ワールドシリーズ46249,ワールドシリーズ46250,なし,なし,なし,68.3,16.4,17.1,なし,なし,なし,なし,なし,なし,54.4,13.2,13.1,13.3,14.8,なし,なし,なし,なし,なし,なし,なし,なし,なし,なし,なし,なし,なし,なし,なし,なし,なし,なし,なし,なし,なし,なし,なし,なし,なし,×,なし,×,×,なし,×,なし,なし,×,なし,×,〇,なし,〇,なし,なし,×,×,89,先,5,2.02608E+17,21110002
20260829,新潟,1,6,障害未勝利,芝,2850,リッケンバッカー,牡,小牧加矢,西村真幸,栗,ロードカナロア,2,新潟芝2850,2,R8.8.29,リッケンバッカー46262,リッケンバッカー46260,リッケンバッカー46261,リッケンバッカー46256,リッケンバッカー46257,リッケンバッカー46249,リッケンバッカー46250,66.3,15.8,15.9,66.1,15.1,15.5,64.6,14.9,15,61.1,14.4,14.9,なし,なし,なし,なし,なし,なし,なし,なし,なし,なし,なし,なし,なし,なし,なし,なし,なし,13.4,57.3,72.8,なし,なし,なし,なし,なし,なし,×,なし,×,なし,なし,なし,なし,なし,なし,なし,なし,なし,なし,なし,なし,なし,なし,なし,なし,なし,なし,なし,103,追,5,2.02608E+17,18103590
20260829,新潟,1,7,障害未勝利,芝,2850,マイネルニコラス,牡,草野太郎,畠山吉宏,美,キングカメハメハ,2,新潟芝2850,1,R8.8.29,マイネルニコラス46262,マイネルニコラス46260,マイネルニコラス46261,マイネルニコラス46256,マイネルニコラス46257,マイネルニコラス46249,マイネルニコラス46250,66.2,15.6,16,58.6,12.6,13.1,なし,なし,なし,65,15,15.7,なし,なし,なし,なし,なし,なし,なし,なし,なし,なし,なし,なし,なし,なし,なし,なし,なし,12.4,54.3,69.4,なし,なし,なし,なし,なし,なし,×,なし,×,なし,なし,なし,なし,なし,なし,なし,なし,なし,なし,なし,なし,なし,なし,なし,なし,なし,なし,なし,83,差,6,2.02608E+17,19100768
20260829,新潟,1,8,障害未勝利,芝,2850,エナジーグラン,牡,難波剛健,高橋康之,栗,ジャングルポケット,2,新潟芝2850,2,R8.8.29,エナジーグラン46262,エナジーグラン46260,エナジーグラン46261,エナジーグラン46256,エナジーグラン46257,エナジーグラン46249,エナジーグラン46250,なし,なし,なし,60.2,14.1,13.9,64.3,15.6,15.6,57.3,13.2,13.5,なし,なし,なし,なし,なし,なし,なし,なし,なし,なし,なし,なし,なし,なし,なし,なし,なし,なし,なし,なし,なし,なし,なし,なし,なし,なし,なし,なし,なし,なし,なし,なし,なし,なし,なし,なし,なし,なし,なし,なし,なし,なし,なし,なし,なし,なし,なし,なし,85,追,6,2.02608E+17,19104108
20260829,新潟,1,9,障害未勝利,芝,2850,フォーディアライフ,セ,高田潤,矢嶋大樹,美,ドレフォン,2,新潟芝2850,1,R8.8.29,フォーディアライフ46262,フォーディアライフ46260,フォーディアライフ46261,フォーディアライフ46256,フォーディアライフ46257,フォーディアライフ46249,フォーディアライフ46250,なし,なし,なし,65.3,15.2,15.3,なし,なし,なし,56.1,13,14,なし,なし,なし,なし,なし,なし,なし,なし,なし,なし,なし,なし,なし,なし,なし,なし,なし,12.6,51.6,65.9,なし,なし,なし,なし,なし,なし,×,なし,×,なし,なし,なし,なし,なし,なし,なし,なし,なし,なし,なし,なし,なし,なし,なし,なし,なし,なし,なし,109,差,7,2.02608E+17,21104770
20260829,新潟,1,10,障害未勝利,芝,2850,オリンポスカズマ,牡,小坂忠士,平田修,栗,ヴィクトワールピサ,2,新潟芝2850,2,R8.8.29,オリンポスカズマ46262,オリンポスカズマ46260,オリンポスカズマ46261,オリンポスカズマ46256,オリンポスカズマ46257,オリンポスカズマ46249,オリンポスカズマ46250,なし,なし,なし,なし,なし,なし,なし,なし,なし,なし,なし,なし,なし,なし,なし,なし,なし,なし,なし,なし,なし,なし,なし,なし,なし,なし,なし,15.7,88.1,12.4,54.9,70,なし,なし,なし,なし,なし,なし,×,なし,×,なし,なし,なし,なし,なし,なし,なし,なし,なし,なし,なし,なし,なし,なし,なし,なし,なし,なし,なし,109,　,7,2.02608E+17,20102013
20260829,新潟,1,11,障害未勝利,芝,2850,ラパンラピッド,セ,坂口智康,武井亮,美,ルーラーシップ,2,新潟芝2850,1,R8.8.29,ラパンラピッド46262,ラパンラピッド46260,ラパンラピッド46261,ラパンラピッド46256,ラパンラピッド46257,ラパンラピッド46249,ラパンラピッド46250,63.5,15.6,16,52.8,12.9,12.6,65.5,15.7,16.6,56.2,12.9,13.7,なし,なし,なし,なし,なし,なし,なし,なし,なし,なし,なし,なし,なし,なし,なし,なし,なし,11.9,52.5,67.2,なし,なし,なし,なし,なし,なし,〇,なし,〇,なし,なし,なし,なし,なし,なし,なし,なし,なし,なし,なし,なし,なし,なし,なし,なし,なし,なし,なし,106,差,8,2.02608E+17,20102648
20260829,新潟,1,12,障害未勝利,芝,2850,バダジェフスカ,牝,伴啓太,高橋文雅,美,デクラレーションオブウォー,2,新潟芝2850,1,R8.8.29,バダジェフスカ46262,バダジェフスカ46260,バダジェフスカ46261,バダジェフスカ46256,バダジェフスカ46257,バダジェフスカ46249,バダジェフスカ46250,なし,なし,なし,64.9,14.7,15.2,なし,なし,なし,なし,なし,なし,なし,なし,なし,なし,なし,なし,なし,なし,なし,なし,なし,なし,なし,なし,なし,なし,なし,11.6,51.1,0,なし,なし,なし,なし,なし,なし,〇,なし,〇,なし,なし,なし,なし,なし,なし,なし,なし,なし,なし,なし,なし,なし,なし,なし,なし,なし,なし,なし,87,差,8,2.02608E+17,22106590
20260829,新潟,2,1,未勝利,ダ,1800,ロマンス,牝,石橋脩,上原佑紀,美,エピファネイア,1,新潟ダ1800,1,R8.8.29,ロマンス46262,ロマンス46260,ロマンス46261,ロマンス46256,ロマンス46257,ロマンス46249,ロマンス46250,68.2,16.7,16.4,56.3,12.5,13,なし,なし,なし,56.2,13.4,13.6,なし,なし,なし,なし,なし,なし,なし,なし,なし,なし,なし,なし,なし,なし,なし,なし,なし,11.7,52.7,67.8,なし,なし,なし,なし,なし,なし,〇,なし,〇,なし,なし,なし,なし,なし,なし,なし,なし,なし,なし,なし,なし,なし,なし,なし,なし,なし,なし,なし,102,差,1,2.02608E+17,23102234
20260829,新潟,2,2,未勝利,ダ,1800,オーパパ,牡,佐藤翔馬,斎藤誠,美,アメリカンペイトリオット,1,新潟ダ1800,1,R8.8.29,オーパパ46262,オーパパ46260,オーパパ46261,オーパパ46256,オーパパ46257,オーパパ46249,オーパパ46250,なし,なし,なし,なし,なし,なし,なし,なし,なし,なし,なし,なし,56.6,13.1,14.1,14.5,14.9,なし,なし,なし,なし,なし,なし,なし,なし,なし,なし,なし,なし,なし,なし,なし,なし,なし,なし,なし,なし,FALSE,なし,なし,なし,なし,×,なし,×,×,なし,×,なし,なし,×,なし,×,〇,なし,〇,なし,なし,×,×,92,先,2,2.02608E+17,23103915
20260829,新潟,2,3,未勝利,ダ,1800,ネイティヴプライド,牡,松山弘平,高木登,美,クリソベリル,1,新潟ダ1800,1,R8.8.29,ネイティヴプライド46262,ネイティヴプライド46260,ネイティヴプライド46261,ネイティヴプライド46256,ネイティヴプライド46257,ネイティヴプライド46249,ネイティヴプライド46250,なし,なし,なし,54.9,13.1,13.4,なし,なし,なし,57.3,12.9,14.1,なし,なし,なし,なし,なし,なし,なし,なし,なし,なし,なし,なし,なし,なし,なし,なし,なし,11.9,52.6,68,なし,なし,なし,なし,なし,なし,〇,なし,〇,なし,なし,なし,なし,なし,なし,なし,なし,なし,なし,なし,なし,なし,なし,なし,なし,なし,なし,なし,112,差,2,2.02608E+17,23105319
20260829,新潟,2,4,未勝利,ダ,1800,ダイヒョウカーク,牡,杉原誠人,松山将樹,美,ダンカーク,1,新潟ダ1800,1,R8.8.29,ダイヒョウカーク46262,ダイヒョウカーク46260,ダイヒョウカーク46261,ダイヒョウカーク46256,ダイヒョウカーク46257,ダイヒョウカーク46249,ダイヒョウカーク46250,69.1,17,16.7,65.1,16,15.3,なし,なし,なし,66.9,16.4,16.2,なし,なし,なし,なし,なし,なし,なし,なし,なし,なし,なし,なし,なし,なし,なし,なし,なし,11.6,52.3,68.1,なし,なし,なし,なし,なし,なし,〇,なし,〇,なし,なし,なし,なし,なし,なし,なし,なし,なし,なし,なし,なし,なし,なし,なし,なし,なし,なし,なし,100,差,3,2.02608E+17,23105465
20260829,新潟,2,5,未勝利,ダ,1800,プリヴィマーク,牡,武藤雅,池上昌和,美,バゴ,1,新潟ダ1800,1,R8.8.29,プリヴィマーク46262,プリヴィマーク46260,プリヴィマーク46261,プリヴィマーク46256,プリヴィマーク46257,プリヴィマーク46249,プリヴィマーク46250,なし,なし,なし,68.6,16.3,16.4,なし,なし,なし,56.7,13,13.7,なし,なし,なし,なし,なし,なし,なし,なし,なし,なし,なし,なし,なし,なし,なし,なし,なし,12.1,53,67.5,なし,なし,なし,なし,なし,なし,×,なし,×,なし,なし,なし,なし,なし,なし,なし,なし,なし,なし,なし,なし,なし,なし,なし,なし,なし,なし,なし,91,差,3,2.02608E+17,23107367
20260829,新潟,2,6,未勝利,ダ,1800,ガードオブオナー,牡,津村明秀,林徹,美,サトノダイヤモンド,1,新潟ダ1800,1,R8.8.29,ガードオブオナー46262,ガードオブオナー46260,ガードオブオナー46261,ガードオブオナー46256,ガードオブオナー46257,ガードオブオナー46249,ガードオブオナー46250,58.9,15.1,15,56.5,12.4,13.9,なし,なし,なし,56.9,12.7,13.9,なし,なし,なし,なし,なし,なし,なし,なし,なし,なし,なし,なし,なし,なし,なし,なし,なし,11.4,52.8,67.7,なし,なし,なし,なし,なし,なし,〇,なし,〇,なし,なし,なし,なし,なし,なし,なし,なし,なし,なし,なし,なし,なし,なし,なし,なし,なし,なし,なし,119,逃,4,2.02608E+17,23107327
20260829,新潟,2,7,未勝利,ダ,1800,ゴールドプレイヤー,牡,戸崎圭太,古賀慎明,美,ゴールドアクター,1,新潟ダ1800,1,R8.8.29,ゴールドプレイヤー46262,ゴールドプレイヤー46260,ゴールドプレイヤー46261,ゴールドプレイヤー46256,ゴールドプレイヤー46257,ゴールドプレイヤー46249,ゴールドプレイヤー46250,なし,なし,なし,57.9,14,13.9,なし,なし,なし,54.5,12.4,12.6,なし,なし,なし,なし,なし,なし,なし,なし,なし,なし,なし,なし,なし,なし,なし,なし,なし,11.5,51.7,67.8,なし,なし,なし,なし,なし,なし,〇,なし,〇,なし,なし,なし,なし,なし,なし,なし,なし,なし,なし,なし,なし,なし,なし,なし,なし,なし,なし,なし,124,先,4,2.02608E+17,23104504
20260829,新潟,2,8,未勝利,ダ,1800,エターナルホープ,牡,原優介,鈴木慎太,美,エピカリス,1,新潟ダ1800,1,R8.8.29,エターナルホープ46262,エターナルホープ46260,エターナルホープ46261,エターナルホープ46256,エターナルホープ46257,エターナルホープ46249,エターナルホープ46250,なし,なし,なし,なし,なし,なし,66.7,15.6,16.5,なし,なし,なし,なし,なし,なし,なし,なし,なし,なし,なし,なし,なし,なし,なし,なし,なし,なし,なし,なし,11.9,54.1,68.9,なし,なし,なし,なし,なし,なし,〇,なし,〇,なし,なし,なし,なし,なし,なし,なし,なし,なし,なし,なし,なし,なし,なし,なし,なし,なし,なし,なし,111,差,5,2.02608E+17,23102555
20260829,新潟,2,9,未勝利,ダ,1800,オウケンサクラコ,牝,丸田恭介,田中勝春,美,レインボーライン,1,新潟ダ1800,1,R8.8.29,オウケンサクラコ46262,オウケンサクラコ46260,オウケンサクラコ46261,オウケンサクラコ46256,オウケンサクラコ46257,オウケンサクラコ46249,オウケンサクラコ46250,64.3,15.8,15.8,60.3,14.6,14.9,56.4,13.3,13.6,なし,なし,なし,56.9,13,14,14.1,15.8,なし,なし,なし,なし,なし,なし,なし,なし,なし,なし,なし,なし,なし,なし,なし,なし,なし,なし,なし,なし,なし,なし,なし,なし,なし,×,なし,×,×,なし,×,なし,なし,×,なし,×,〇,なし,〇,なし,なし,×,×,109,追,5,2.02608E+17,23105601
20260829,新潟,2,10,未勝利,ダ,1800,マーゴットライズ,牡,菊沢一樹,伊坂重信,美,インディチャンプ,1,新潟ダ1800,1,R8.8.29,マーゴットライズ46262,マーゴットライズ46260,マーゴットライズ46261,マーゴットライズ46256,マーゴットライズ46257,マーゴットライズ46249,マーゴットライズ46250,なし,なし,なし,なし,なし,なし,なし,なし,なし,なし,なし,なし,なし,なし,なし,なし,なし,なし,なし,なし,なし,なし,なし,なし,なし,なし,なし,なし,なし,なし,なし,なし,なし,なし,なし,なし,なし,なし,なし,なし,なし,なし,なし,なし,なし,なし,なし,なし,なし,なし,なし,なし,なし,なし,なし,なし,なし,なし,なし,なし,112,差,6,2.02608E+17,23106889
20260829,新潟,2,11,未勝利,ダ,1800,アデルフィー,牡,三浦皇成,金成貴史,美,モーニン,1,新潟ダ1800,1,R8.8.29,アデルフィー46262,アデルフィー46260,アデルフィー46261,アデルフィー46256,アデルフィー46257,アデルフィー46249,アデルフィー46250,68.9,17,16.9,68.7,16.8,17,65.8,15.6,16,なし,なし,なし,なし,なし,なし,なし,なし,なし,なし,なし,なし,なし,なし,なし,なし,なし,なし,11.1,72.8,11,51.1,67.3,なし,なし,なし,なし,なし,なし,〇,なし,〇,なし,なし,なし,なし,なし,なし,なし,なし,なし,なし,なし,なし,なし,なし,なし,TRUE,なし,〇,なし,114,差,6,2.02608E+17,23105753
20260829,新潟,2,12,未勝利,ダ,1800,ヌビアン,牡,石田拓郎,清水英克,美,シニスターミニスター,1,新潟ダ1800,1,R8.8.29,ヌビアン46262,ヌビアン46260,ヌビアン46261,ヌビアン46256,ヌビアン46257,ヌビアン46249,ヌビアン46250,なし,なし,なし,なし,なし,なし,68.9,17.2,16.1,69.9,17.2,16.9,54.9,12.8,12.8,14.4,14.9,なし,なし,なし,なし,なし,なし,なし,なし,なし,なし,なし,なし,なし,なし,なし,なし,なし,なし,なし,なし,なし,なし,なし,なし,なし,×,なし,×,×,なし,×,なし,なし,×,なし,×,×,なし,×,なし,なし,なし,なし,99,差,7,2.02608E+17,23103299
20260829,新潟,2,13,未勝利,ダ,1800,バターショコラ,牝,小崎綾也,戸田博文,美,マインドユアビスケッツ,1,新潟ダ1800,1,R8.8.29,バターショコラ46262,バターショコラ46260,バターショコラ46261,バターショコラ46256,バターショコラ46257,バターショコラ46249,バターショコラ46250,なし,なし,なし,なし,なし,なし,67.8,16.6,16.4,69.8,16.7,16.5,なし,なし,なし,なし,なし,なし,なし,なし,なし,なし,なし,なし,なし,なし,なし,なし,なし,11.8,54.1,69,なし,なし,なし,なし,なし,なし,〇,なし,〇,なし,なし,なし,なし,なし,なし,なし,なし,なし,なし,なし,なし,なし,なし,なし,なし,なし,なし,なし,97,追,7,2.02608E+17,23105240
20260829,新潟,2,14,未勝利,ダ,1800,ハチマン,牡,水沼元輝,柄崎将寿,美,アルアイン,1,新潟ダ1800,1,R8.8.29,ハチマン46262,ハチマン46260,ハチマン46261,ハチマン46256,ハチマン46257,ハチマン46249,ハチマン46250,67,16.3,15.8,65.6,15.8,16.1,65.8,15.3,16.1,61.8,14,14.4,55.4,13.2,13.6,14.1,14.5,なし,なし,なし,なし,なし,なし,なし,なし,なし,なし,なし,なし,なし,なし,なし,なし,なし,なし,なし,なし,なし,なし,なし,なし,なし,×,なし,×,×,なし,×,なし,なし,×,なし,×,〇,なし,〇,なし,なし,×,×,97,差,8,2.02608E+17,23101475
20260829,新潟,2,15,未勝利,ダ,1800,カシマライフウ,牡,大野拓弥,伊藤伸一,美,シュヴァルグラン,1,新潟ダ1800,1,R8.8.29,カシマライフウ46262,カシマライフウ46260,カシマライフウ46261,カシマライフウ46256,カシマライフウ46257,カシマライフウ46249,カシマライフウ46250,69.5,16.3,16.7,68.5,17.6,16.3,69.1,16.9,17,なし,なし,なし,58.7,13.9,14.6,14.9,15.3,なし,なし,なし,なし,なし,なし,なし,なし,なし,なし,なし,なし,なし,なし,なし,なし,なし,なし,なし,なし,なし,なし,なし,なし,なし,×,なし,×,×,なし,×,なし,なし,×,なし,×,〇,なし,〇,なし,なし,×,×,113,差,8,2.02608E+17,23105439
20260829,新潟,3,1,未勝利*,芝,1600,マムダッドベル,牝,谷原柚希,粕谷昌央,美,ゴールドドリーム,2,新潟芝1600,1,R8.8.29,マムダッドベル46262,マムダッドベル46260,マムダッドベル46261,マムダッドベル46256,マムダッドベル46257,マムダッドベル46249,マムダッドベル46250,なし,なし,なし,なし,なし,なし,65.3,15.2,16.1,64.9,16,15.5,54.9,13.4,13,13.7,14.8,なし,なし,なし,なし,なし,なし,なし,なし,なし,なし,なし,なし,なし,なし,なし,なし,なし,なし,なし,なし,なし,なし,なし,なし,なし,×,なし,×,×,なし,×,なし,なし,×,なし,×,〇,なし,〇,なし,なし,×,×,96,　,1,2.02608E+17,24105177
20260829,新潟,3,2,未勝利*,芝,1600,ノルトハウゼン,牡,三浦皇成,菊沢隆徳,美,イスラボニータ,2,新潟芝1600,1,R8.8.29,ノルトハウゼン46262,ノルトハウゼン46260,ノルトハウゼン46261,ノルトハウゼン46256,ノルトハウゼン46257,ノルトハウゼン46249,ノルトハウゼン46250,67.2,15.9,16.7,なし,なし,なし,66.5,15.2,16.9,なし,なし,なし,54.9,12.3,13.4,14.4,14.8,なし,なし,なし,なし,なし,なし,なし,12.6,なし,なし,13.9,75.5,なし,なし,なし,なし,なし,なし,なし,なし,なし,なし,なし,なし,なし,×,なし,×,×,なし,×,なし,なし,×,なし,×,×,なし,×,なし,なし,なし,なし,106,追,2,2.02608E+17,24105973
20260829,新潟,3,3,未勝利*,芝,1600,ルクスマグナ,牡,岩田康誠,高柳瑞樹,美,モーリス,2,新潟芝1600,1,R8.8.29,ルクスマグナ46262,ルクスマグナ46260,ルクスマグナ46261,ルクスマグナ46256,ルクスマグナ46257,ルクスマグナ46249,ルクスマグナ46250,68.1,16.5,17,57.5,13.2,14.8,67.7,16.7,16.5,57.2,12.6,14.3,なし,なし,なし,なし,なし,なし,なし,なし,なし,なし,なし,なし,なし,なし,なし,なし,なし,12.5,53.7,68.4,なし,なし,なし,なし,なし,なし,×,なし,×,なし,なし,なし,なし,なし,なし,なし,なし,なし,なし,なし,なし,なし,なし,なし,なし,なし,なし,なし,101,先,3,2.02608E+17,24100134
20260829,新潟,3,4,未勝利*,芝,1600,ビスクヴィート,牡,内田博幸,中舘英二,美,マインドユアビスケッツ,2,新潟芝1600,1,R8.8.29,ビスクヴィート46262,ビスクヴィート46260,ビスクヴィート46261,ビスクヴィート46256,ビスクヴィート46257,ビスクヴィート46249,ビスクヴィート46250,なし,なし,なし,なし,なし,なし,なし,なし,なし,なし,なし,なし,65.5,16.3,16.1,16.3,16.8,なし,なし,なし,なし,なし,なし,なし,なし,なし,なし,なし,なし,なし,なし,なし,なし,なし,なし,なし,なし,なし,なし,なし,なし,なし,×,なし,×,×,なし,×,なし,なし,×,なし,×,×,なし,×,なし,なし,なし,なし,93,　,4,2.02608E+17,24101728
20260829,新潟,3,5,未勝利*,芝,1600,アルアンダルス,牝,石橋脩,小野次郎,美,ジャスタウェイ,2,新潟芝1600,1,R8.8.29,アルアンダルス46262,アルアンダルス46260,アルアンダルス46261,アルアンダルス46256,アルアンダルス46257,アルアンダルス46249,アルアンダルス46250,なし,なし,なし,なし,なし,なし,なし,なし,なし,なし,なし,なし,なし,なし,なし,なし,なし,なし,なし,なし,なし,なし,なし,なし,なし,なし,なし,なし,なし,11.3,53.8,69.6,なし,なし,なし,なし,なし,なし,〇,なし,〇,なし,なし,なし,なし,なし,なし,なし,なし,なし,なし,なし,なし,なし,なし,なし,なし,なし,なし,なし,100,追,5,2.02608E+17,24100316
20260829,新潟,3,6,未勝利*,芝,1600,ホウオウビリーヴ,牡,戸崎圭太,木村哲也,美,インディチャンプ,2,新潟芝1600,1,R8.8.29,ホウオウビリーヴ46262,ホウオウビリーヴ46260,ホウオウビリーヴ46261,ホウオウビリーヴ46256,ホウオウビリーヴ46257,ホウオウビリーヴ46249,ホウオウビリーヴ46250,なし,なし,なし,55.5,13,13.2,なし,なし,なし,54.3,12.3,12.8,なし,なし,なし,なし,なし,なし,なし,なし,なし,なし,なし,15.4,なし,15,0,なし,なし,11.9,54.7,70,なし,なし,なし,なし,なし,FALSE,〇,なし,〇,なし,なし,なし,なし,なし,なし,なし,なし,なし,なし,なし,なし,なし,なし,なし,なし,なし,なし,なし,98,差,6,2.02608E+17,24106585
20260829,新潟,3,7,未勝利*,芝,1600,レーゲンシャウアー,牝,柴田大知,天間昭一,美,ディーマジェスティ,2,新潟芝1600,1,R8.8.29,レーゲンシャウアー46262,レーゲンシャウアー46260,レーゲンシャウアー46261,レーゲンシャウアー46256,レーゲンシャウアー46257,レーゲンシャウアー46249,レーゲンシャウアー46250,なし,なし,なし,なし,なし,なし,なし,なし,なし,なし,なし,なし,58.9,13.1,14.9,15,15.9,なし,なし,なし,なし,なし,なし,なし,なし,なし,なし,なし,なし,なし,なし,なし,なし,なし,なし,なし,なし,なし,なし,なし,なし,なし,×,なし,×,×,なし,×,なし,なし,×,なし,×,〇,なし,〇,なし,なし,×,×,92,　,6,2.02608E+17,24104453
20260829,新潟,3,8,未勝利*,芝,1600,アウアリイ,牡,菊沢一樹,奥村武,美,モーリス,2,新潟芝1600,1,R8.8.29,アウアリイ46262,アウアリイ46260,アウアリイ46261,アウアリイ46256,アウアリイ46257,アウアリイ46249,アウアリイ46250,なし,なし,なし,なし,なし,なし,68.6,17.6,16.7,なし,なし,なし,なし,なし,なし,なし,なし,なし,なし,なし,なし,なし,なし,なし,11.7,なし,なし,12.1,70.3,11.4,52.6,66.9,なし,なし,なし,なし,なし,なし,〇,なし,〇,なし,なし,なし,なし,なし,なし,なし,なし,なし,なし,なし,なし,なし,なし,なし,なし,なし,なし,なし,115,　,7,2.02608E+17,24106017
20260829,新潟,3,9,未勝利*,芝,1600,パープルタウン,牝,津村明秀,鈴木慎太,美,グレーターロンドン,2,新潟芝1600,1,R8.8.29,パープルタウン46262,パープルタウン46260,パープルタウン46261,パープルタウン46256,パープルタウン46257,パープルタウン46249,パープルタウン46250,なし,なし,なし,なし,なし,なし,65.7,15.9,15.7,66.4,15.6,15.9,なし,なし,なし,なし,なし,なし,なし,なし,なし,なし,なし,なし,なし,なし,なし,なし,なし,11.7,53,68.3,なし,なし,なし,なし,なし,なし,〇,なし,〇,なし,なし,なし,なし,なし,なし,なし,なし,なし,なし,なし,なし,なし,なし,なし,なし,なし,なし,なし,102,　,7,2.02608E+17,24102097
20260829,新潟,3,10,未勝利*,芝,1600,サウンドシェリー,牝,松山弘平,鈴木孝志,栗,シルバーステート,2,新潟芝1600,2,R8.8.29,サウンドシェリー46262,サウンドシェリー46260,サウンドシェリー46261,サウンドシェリー46256,サウンドシェリー46257,サウンドシェリー46249,サウンドシェリー46250,68.9,16.6,16.8,なし,なし,なし,なし,なし,なし,67.7,16.2,16.5,54.1,12.3,12.7,13.9,15.2,なし,なし,なし,なし,なし,なし,なし,なし,なし,なし,なし,なし,なし,なし,なし,なし,なし,なし,なし,なし,なし,なし,なし,なし,なし,×,なし,×,×,なし,×,なし,なし,×,なし,×,×,なし,×,なし,なし,なし,なし,105,　,8,2.02608E+17,24103035
20260829,新潟,3,11,未勝利*,芝,1600,キムケンシーサー,牡,今村聖奈,前川恭子,栗,グレーターロンドン,2,新潟芝1600,2,R8.8.29,キムケンシーサー46262,キムケンシーサー46260,キムケンシーサー46261,キムケンシーサー46256,キムケンシーサー46257,キムケンシーサー46249,キムケンシーサー46250,なし,なし,なし,なし,なし,なし,なし,なし,なし,なし,なし,なし,なし,なし,なし,なし,なし,なし,なし,なし,なし,なし,なし,なし,12.8,なし,なし,12.5,75.9,なし,なし,なし,なし,なし,なし,なし,なし,なし,なし,なし,なし,なし,なし,なし,なし,なし,なし,なし,なし,なし,なし,なし,なし,なし,なし,なし,なし,なし,なし,なし,106,先,8,2.02608E+17,24101140
20260829,新潟,4,1,新馬,芝,1400,ポケットブック,牡,小崎綾也,池上昌和,美,ステルヴィオ,2,新潟芝1400,1,R8.8.29,ポケットブック46262,ポケットブック46260,ポケットブック46261,ポケットブック46256,ポケットブック46257,ポケットブック46249,ポケットブック46250,なし,なし,なし,なし,なし,なし,なし,なし,なし,60.8,13.9,14.4,なし,なし,なし,なし,なし,なし,なし,なし,なし,なし,なし,なし,なし,なし,なし,なし,なし,11.5,52.9,68,なし,なし,なし,なし,なし,なし,〇,なし,〇,なし,なし,なし,なし,なし,なし,なし,なし,なし,なし,なし,なし,なし,なし,なし,なし,なし,なし,なし,0,　,1,2.02608E+17,24105018
20260829,新潟,4,2,新馬,芝,1400,ジェイエルキール,牝,江田照男,菊川正達,美,ノーブルミッション,2,新潟芝1400,1,R8.8.29,ジェイエルキール46262,ジェイエルキール46260,ジェイエルキール46261,ジェイエルキール46256,ジェイエルキール46257,ジェイエルキール46249,ジェイエルキール46250,なし,なし,なし,60.1,15,15,なし,なし,なし,59.9,15,14.7,なし,なし,なし,なし,なし,なし,なし,なし,なし,なし,なし,なし,なし,なし,なし,なし,なし,11.5,53.6,69.4,なし,なし,なし,なし,なし,なし,〇,なし,〇,なし,なし,なし,なし,なし,なし,なし,なし,なし,なし,なし,なし,なし,なし,なし,なし,なし,なし,なし,0,　,1,2.02608E+17,24100834
20260829,新潟,4,3,新馬,芝,1400,クラウンロムパイア,牡,木幡育也,松永康利,美,レッドファルクス,2,新潟芝1400,1,R8.8.29,クラウンロムパイア46262,クラウンロムパイア46260,クラウンロムパイア46261,クラウンロムパイア46256,クラウンロムパイア46257,クラウンロムパイア46249,クラウンロムパイア46250,67.2,15.7,15.9,62.7,15.2,15.5,65.4,15.5,16.1,64.4,15.4,15.5,なし,なし,なし,なし,なし,なし,なし,なし,なし,なし,なし,なし,なし,なし,なし,なし,なし,11.5,54.2,69.5,なし,なし,なし,なし,なし,なし,〇,なし,〇,なし,なし,なし,なし,なし,なし,なし,なし,なし,なし,なし,なし,なし,なし,なし,なし,なし,なし,なし,0,　,2,2.02608E+17,24100293
20260829,新潟,4,4,新馬,芝,1400,エクラドリオン,牡,ルメール,中舘英二,美,リオンディーズ,2,新潟芝1400,1,R8.8.29,エクラドリオン46262,エクラドリオン46260,エクラドリオン46261,エクラドリオン46256,エクラドリオン46257,エクラドリオン46249,エクラドリオン46250,68.1,16.2,16.3,56.9,13.9,14,68.3,16.4,16.7,60,15,15.2,なし,なし,なし,なし,なし,なし,なし,なし,なし,なし,なし,なし,なし,なし,なし,なし,なし,11.7,53.2,68.1,なし,なし,なし,なし,なし,なし,〇,なし,〇,なし,なし,なし,なし,なし,なし,なし,なし,なし,なし,なし,なし,なし,なし,なし,なし,なし,なし,なし,0,　,2,2.02608E+17,24106743
20260829,新潟,4,5,新馬,芝,1400,ショウナンバッカス,牡,岩田康誠,栗田徹,美,スワーヴリチャード,2,新潟芝1400,1,R8.8.29,ショウナンバッカス46262,ショウナンバッカス46260,ショウナンバッカス46261,ショウナンバッカス46256,ショウナンバッカス46257,ショウナンバッカス46249,ショウナンバッカス46250,68.4,16.3,16.4,56.9,13.2,13.7,64,15,15.2,58,13.8,14.3,55.4,12.8,13.6,14.1,14.9,なし,なし,なし,なし,なし,なし,なし,なし,なし,なし,なし,なし,なし,なし,なし,なし,なし,なし,なし,なし,なし,なし,なし,なし,なし,×,なし,×,×,なし,×,なし,なし,×,なし,×,×,なし,×,なし,なし,なし,なし,0,　,3,2.02608E+17,24101299
20260829,新潟,4,6,新馬,芝,1400,ヨツバ,牡,杉原誠人,本間忍,美,フォーウィールドライブ,2,新潟芝1400,1,R8.8.29,ヨツバ46262,ヨツバ46260,ヨツバ46261,ヨツバ46256,ヨツバ46257,ヨツバ46249,ヨツバ46250,なし,なし,なし,なし,なし,なし,なし,なし,なし,なし,なし,なし,なし,なし,なし,なし,なし,なし,なし,なし,なし,なし,なし,なし,12,なし,なし,なし,なし,12.4,53.6,68.2,なし,なし,なし,なし,なし,なし,×,なし,×,なし,なし,なし,なし,なし,なし,なし,なし,なし,なし,なし,なし,なし,なし,なし,なし,なし,なし,なし,0,　,3,2.02608E+17,24105478
20260829,新潟,4,7,新馬,芝,1400,タワーウマザンマイ,牡,原優介,青木孝文,美,タワーオブロンドン,2,新潟芝1400,1,R8.8.29,タワーウマザンマイ46262,タワーウマザンマイ46260,タワーウマザンマイ46261,タワーウマザンマイ46256,タワーウマザンマイ46257,タワーウマザンマイ46249,タワーウマザンマイ46250,66.6,15.7,16,58,13.8,13.7,67.3,16,16.4,58.5,14.4,14.7,なし,なし,なし,なし,なし,なし,なし,なし,なし,なし,なし,なし,なし,なし,なし,なし,なし,11.8,51.9,66,なし,なし,なし,なし,なし,なし,〇,なし,〇,なし,なし,なし,なし,なし,なし,なし,なし,なし,なし,なし,なし,なし,なし,なし,なし,なし,なし,なし,0,　,4,2.02608E+17,24104800
20260829,新潟,4,8,新馬,芝,1400,チョトツモウシン,牡,菅原隆一,小手川準,美,インティ,2,新潟芝1400,1,R8.8.29,チョトツモウシン46262,チョトツモウシン46260,チョトツモウシン46261,チョトツモウシン46256,チョトツモウシン46257,チョトツモウシン46249,チョトツモウシン46250,なし,なし,なし,55.7,13,13.6,66.2,15.7,15.6,55.4,12.9,13.3,なし,なし,なし,なし,なし,なし,なし,なし,なし,なし,なし,14.6,なし,なし,なし,なし,なし,12,51.9,68.3,なし,なし,なし,なし,なし,なし,×,なし,×,なし,なし,なし,なし,なし,なし,なし,なし,なし,なし,なし,なし,なし,なし,なし,なし,なし,なし,なし,0,　,4,2.02608E+17,24103008
20260829,新潟,4,9,新馬,芝,1400,ニシノムホウモノ,牡,ミシェル,村田一誠,美,ビッグアーサー,2,新潟芝1400,1,R8.8.29,ニシノムホウモノ46262,ニシノムホウモノ46260,ニシノムホウモノ46261,ニシノムホウモノ46256,ニシノムホウモノ46257,ニシノムホウモノ46249,ニシノムホウモノ46250,なし,なし,なし,なし,なし,なし,なし,なし,なし,なし,なし,なし,なし,なし,なし,なし,なし,なし,なし,なし,なし,なし,なし,なし,なし,なし,なし,なし,なし,11.1,52.3,66.8,なし,なし,なし,なし,なし,なし,〇,なし,〇,なし,なし,なし,なし,なし,なし,なし,なし,なし,なし,なし,なし,なし,なし,なし,なし,なし,なし,なし,0,　,5,2.02608E+17,24105422
20260829,新潟,4,10,新馬,芝,1400,レッドアバンドーネ,牡,津村明秀,上原佑紀,美,Minzaal,2,新潟芝1400,1,R8.8.29,レッドアバンドーネ46262,レッドアバンドーネ46260,レッドアバンドーネ46261,レッドアバンドーネ46256,レッドアバンドーネ46257,レッドアバンドーネ46249,レッドアバンドーネ46250,63.2,14.4,15.9,55.1,12.9,13.1,62.3,14.8,15.2,55.4,13,13.3,なし,なし,なし,なし,なし,なし,なし,なし,なし,なし,なし,なし,なし,なし,なし,なし,なし,11.8,52.6,67.6,なし,なし,なし,なし,なし,なし,〇,なし,〇,なし,なし,なし,なし,なし,なし,なし,なし,なし,なし,なし,なし,なし,なし,なし,なし,なし,なし,なし,0,　,5,2.02608E+17,24110006
20260829,新潟,4,11,新馬,芝,1400,アヴァンデセール,牝,佐藤翔馬,田中剛,美,タワーオブロンドン,2,新潟芝1400,1,R8.8.29,アヴァンデセール46262,アヴァンデセール46260,アヴァンデセール46261,アヴァンデセール46256,アヴァンデセール46257,アヴァンデセール46249,アヴァンデセール46250,なし,なし,なし,なし,なし,なし,なし,なし,なし,なし,なし,なし,55,12.7,13.4,13.8,15.1,なし,なし,なし,なし,なし,なし,なし,なし,なし,なし,なし,なし,なし,なし,なし,なし,なし,なし,なし,なし,なし,なし,なし,なし,なし,×,なし,×,×,なし,×,なし,なし,×,なし,×,×,なし,×,なし,なし,なし,なし,0,　,6,2.02608E+17,24107330
20260829,新潟,4,12,新馬,芝,1400,セレスティナ,牝,今村聖奈,高柳瑞樹,美,コントレイル,2,新潟芝1400,1,R8.8.29,セレスティナ46262,セレスティナ46260,セレスティナ46261,セレスティナ46256,セレスティナ46257,セレスティナ46249,セレスティナ46250,68,15.8,16.7,なし,なし,なし,67.6,15.9,17,57.2,12.6,14.8,53.8,12.4,13,13.4,15,なし,なし,なし,なし,なし,なし,なし,11.5,なし,なし,なし,なし,なし,なし,なし,なし,なし,なし,なし,なし,なし,なし,なし,なし,なし,×,なし,×,×,なし,×,なし,なし,×,なし,×,×,なし,×,なし,なし,なし,なし,0,　,6,2.02608E+17,24100017
20260829,新潟,4,13,新馬,芝,1400,イントリー,牝,武藤雅,尾形和幸,美,フィエールマン,2,新潟芝1400,1,R8.8.29,イントリー46262,イントリー46260,イントリー46261,イントリー46256,イントリー46257,イントリー46249,イントリー46250,65.7,16,16.1,なし,なし,なし,65.5,15.6,15.2,59.9,14.6,14.8,なし,なし,なし,なし,なし,なし,なし,なし,なし,なし,なし,15.3,11.4,なし,なし,なし,なし,11.4,53,67.9,なし,なし,なし,なし,なし,なし,〇,なし,〇,なし,なし,なし,なし,なし,なし,なし,なし,なし,なし,なし,なし,なし,なし,なし,なし,なし,なし,なし,0,　,7,2.02608E+17,24105539
20260829,新潟,4,14,新馬,芝,1400,イデアモッコス,牡,野中悠太,的場均,美,ビッグアーサー,2,新潟芝1400,1,R8.8.29,イデアモッコス46262,イデアモッコス46260,イデアモッコス46261,イデアモッコス46256,イデアモッコス46257,イデアモッコス46249,イデアモッコス46250,なし,なし,なし,67.8,16.7,17.1,なし,なし,なし,なし,なし,なし,なし,なし,なし,なし,なし,なし,なし,なし,なし,なし,なし,なし,12.4,16.6,0,11.5,71.2,12.6,51.4,66.3,なし,なし,なし,なし,なし,なし,×,なし,×,なし,なし,なし,なし,なし,なし,なし,なし,なし,なし,なし,なし,なし,なし,なし,なし,なし,なし,なし,0,　,7,2.02608E+17,24102094
20260829,新潟,4,15,新馬,芝,1400,コメットサン,牝,松山弘平,西園翔太,栗,ビッグアーサー,2,新潟芝1400,2,R8.8.29,コメットサン46262,コメットサン46260,コメットサン46261,コメットサン46256,コメットサン46257,コメットサン46249,コメットサン46250,67.8,16.1,16.4,59.1,13.7,14.5,68.6,16.4,16.6,59.5,13.9,14.6,54.8,12.5,13,14.2,15.1,なし,なし,なし,なし,なし,なし,なし,なし,なし,なし,なし,なし,なし,なし,なし,なし,なし,なし,なし,なし,なし,なし,なし,なし,なし,×,なし,×,×,なし,×,なし,なし,×,なし,×,×,なし,×,なし,なし,なし,なし,0,　,7,2.02608E+17,24102161
20260829,新潟,4,16,新馬,芝,1400,ホワイトホール,牝,嶋田純次,清水英克,美,ロジャーバローズ,2,新潟芝1400,1,R8.8.29,ホワイトホール46262,ホワイトホール46260,ホワイトホール46261,ホワイトホール46256,ホワイトホール46257,ホワイトホール46249,ホワイトホール46250,65.9,15.9,15.7,56.6,13.5,13.8,66.3,15.9,16,66.5,16.7,16.2,なし,なし,なし,なし,なし,なし,なし,なし,なし,なし,なし,なし,なし,なし,なし,11.6,68.7,11.8,52.2,67.1,なし,なし,なし,なし,なし,なし,〇,なし,〇,なし,なし,なし,なし,なし,なし,なし,なし,なし,なし,なし,なし,なし,なし,なし,なし,なし,なし,なし,0,　,8,2.02608E+17,24104300
20260829,新潟,4,17,新馬,芝,1400,モチロンコクラ,牝,小林凌大,伊藤伸一,美,ホークビル,2,新潟芝1400,1,R8.8.29,モチロンコクラ46262,モチロンコクラ46260,モチロンコクラ46261,モチロンコクラ46256,モチロンコクラ46257,モチロンコクラ46249,モチロンコクラ46250,69.5,17,16.9,なし,なし,なし,なし,なし,なし,なし,なし,なし,なし,なし,なし,なし,なし,なし,なし,なし,なし,なし,なし,なし,なし,なし,なし,なし,なし,11.9,53.7,69.6,なし,なし,なし,なし,なし,なし,〇,なし,〇,なし,なし,なし,なし,なし,なし,なし,なし,なし,なし,なし,なし,なし,なし,なし,なし,なし,なし,なし,0,　,8,2.02608E+17,24104659
20260829,新潟,4,18,新馬,芝,1400,ショウナンワンパク,牡,丸山元気,古賀大生,美,カラヴァッジオ,2,新潟芝1400,1,R8.8.29,ショウナンワンパク46262,ショウナンワンパク46260,ショウナンワンパク46261,ショウナンワンパク46256,ショウナンワンパク46257,ショウナンワンパク46249,ショウナンワンパク46250,なし,なし,なし,58.1,13.6,13.9,69.9,16.6,16.9,62,15.3,15.2,55.1,12.4,13.1,13.9,15.7,なし,なし,なし,なし,なし,なし,なし,なし,なし,なし,なし,なし,なし,なし,なし,なし,なし,なし,なし,なし,なし,なし,なし,なし,なし,×,なし,×,×,なし,×,なし,なし,×,なし,×,×,なし,×,なし,なし,なし,なし,0,　,8,2.02608E+17,24104480
20260829,新潟,5,1,未勝利,芝,2200,ローレルエース,牡,江田照男,松永康利,美,ヤマカツエース,2,新潟芝2200,1,R8.8.29,ローレルエース46262,ローレルエース46260,ローレルエース46261,ローレルエース46256,ローレルエース46257,ローレルエース46249,ローレルエース46250,67.5,15.7,15.8,なし,なし,なし,65.2,14.8,15.3,56.6,12.9,13,55.2,13,13.1,14,15.1,なし,なし,なし,なし,なし,67.2,なし,なし,なし,なし,なし,なし,なし,なし,なし,なし,なし,なし,なし,なし,なし,なし,なし,なし,なし,×,なし,×,×,なし,×,67.2,×,×,なし,×,〇,なし,〇,なし,なし,×,×,96,差,1,2.02608E+17,23104559
20260829,新潟,5,2,未勝利,芝,2200,イクオクコウネン,セ,ルメール,斉藤崇史,栗,スワーヴリチャード,2,新潟芝2200,2,R8.8.29,イクオクコウネン46262,イクオクコウネン46260,イクオクコウネン46261,イクオクコウネン46256,イクオクコウネン46257,イクオクコウネン46249,イクオクコウネン46250,なし,なし,なし,57.2,12.3,12.9,なし,なし,なし,57.4,12.3,14,なし,なし,なし,なし,なし,なし,なし,なし,なし,なし,なし,なし,なし,なし,なし,なし,なし,11.5,52.1,67.7,なし,なし,なし,なし,なし,FALSE,〇,なし,〇,なし,なし,なし,なし,なし,なし,なし,なし,なし,なし,なし,なし,なし,なし,なし,なし,なし,なし,なし,108,差,1,2.02608E+17,23105458
20260829,新潟,5,3,未勝利,芝,2200,レイランディ,牡,川須栄彦,古賀慎明,美,ジャスタウェイ,2,新潟芝2200,1,R8.8.29,レイランディ46262,レイランディ46260,レイランディ46261,レイランディ46256,レイランディ46257,レイランディ46249,レイランディ46250,なし,なし,なし,なし,なし,なし,なし,なし,なし,64.8,15.1,16.1,56.1,13,13.3,14.4,15.4,なし,なし,なし,なし,なし,なし,なし,なし,なし,なし,なし,なし,なし,なし,なし,なし,なし,なし,なし,なし,なし,なし,なし,なし,なし,×,なし,×,×,なし,×,なし,なし,×,なし,×,〇,なし,〇,なし,なし,×,×,96,追,2,2.02608E+17,23103506
20260829,新潟,5,4,未勝利,芝,2200,ブリックアブラック,牡,佐藤翔馬,高木登,美,ブリックスアンドモルタル,2,新潟芝2200,1,R8.8.29,ブリックアブラック46262,ブリックアブラック46260,ブリックアブラック46261,ブリックアブラック46256,ブリックアブラック46257,ブリックアブラック46249,ブリックアブラック46250,なし,なし,なし,なし,なし,なし,なし,なし,なし,56,12.5,13.1,54.7,12.7,12.9,13.8,15.3,なし,なし,なし,なし,なし,69.6,なし,なし,なし,なし,なし,なし,なし,なし,なし,なし,なし,なし,なし,なし,なし,なし,なし,なし,なし,×,なし,×,×,なし,×,69.6,×,×,なし,×,×,なし,×,なし,なし,なし,なし,86,追,2,2.02608E+17,23102410
20260829,新潟,5,5,未勝利,芝,2200,ピクシーゲイル,牡,木幡育也,松永康利,美,ダノンスマッシュ,2,新潟芝2200,1,R8.8.29,ピクシーゲイル46262,ピクシーゲイル46260,ピクシーゲイル46261,ピクシーゲイル46256,ピクシーゲイル46257,ピクシーゲイル46249,ピクシーゲイル46250,69.7,15.5,16.5,なし,なし,なし,なし,なし,なし,なし,なし,なし,なし,なし,なし,なし,なし,なし,なし,なし,なし,なし,なし,なし,11.7,なし,なし,なし,なし,なし,なし,なし,なし,なし,なし,なし,なし,なし,なし,なし,なし,なし,なし,なし,なし,なし,なし,なし,なし,なし,なし,なし,なし,なし,なし,なし,なし,なし,なし,なし,91,差,3,2.02608E+17,23104811
20260829,新潟,5,6,未勝利,芝,2200,サヴマ,牡,菊沢一樹,辻哲英,美,キセキ,2,新潟芝2200,1,R8.8.29,サヴマ46262,サヴマ46260,サヴマ46261,サヴマ46256,サヴマ46257,サヴマ46249,サヴマ46250,なし,なし,なし,なし,なし,なし,なし,なし,なし,なし,なし,なし,58.3,14,14,14.1,16.2,なし,なし,なし,なし,なし,なし,なし,なし,なし,なし,なし,なし,なし,なし,なし,なし,なし,なし,なし,なし,なし,なし,なし,なし,なし,×,なし,×,×,なし,×,なし,なし,×,なし,×,〇,なし,〇,なし,なし,×,×,108,マ,3,2.02608E+17,23106182
20260829,新潟,5,7,未勝利,芝,2200,ヤマメホープ,牡,戸崎圭太,久保田貴,美,コントレイル,2,新潟芝2200,1,R8.8.29,ヤマメホープ46262,ヤマメホープ46260,ヤマメホープ46261,ヤマメホープ46256,ヤマメホープ46257,ヤマメホープ46249,ヤマメホープ46250,なし,なし,なし,なし,なし,なし,なし,なし,なし,なし,なし,なし,なし,なし,なし,なし,なし,なし,なし,なし,なし,なし,なし,なし,なし,なし,なし,11.6,71.6,11.7,53,68.2,なし,なし,なし,なし,なし,なし,〇,なし,〇,なし,なし,なし,なし,なし,なし,なし,なし,なし,なし,なし,なし,なし,なし,なし,なし,なし,なし,なし,124,差,4,2.02608E+17,23103075
20260829,新潟,5,8,未勝利,芝,2200,ピグマリオン,牡,嶋田純次,室井潔,美,アメリカンペイトリオット,2,新潟芝2200,1,R8.8.29,ピグマリオン46262,ピグマリオン46260,ピグマリオン46261,ピグマリオン46256,ピグマリオン46257,ピグマリオン46249,ピグマリオン46250,67.4,16.5,16.5,56.8,13.6,13.6,66.3,15.8,16.1,なし,なし,なし,なし,なし,なし,なし,なし,なし,なし,なし,なし,なし,なし,なし,なし,なし,なし,12.8,70.1,12,54.8,69.9,なし,なし,なし,なし,なし,なし,×,なし,×,なし,なし,なし,なし,なし,なし,なし,なし,なし,なし,なし,なし,なし,なし,なし,なし,なし,なし,なし,86,追,4,2.02608E+17,23101391
20260829,新潟,5,9,未勝利,芝,2200,ゾネブルーム,牡,丸山元気,矢嶋大樹,美,ヴァンゴッホ,2,新潟芝2200,1,R8.8.29,ゾネブルーム46262,ゾネブルーム46260,ゾネブルーム46261,ゾネブルーム46256,ゾネブルーム46257,ゾネブルーム46249,ゾネブルーム46250,なし,なし,なし,なし,なし,なし,なし,なし,なし,なし,なし,なし,なし,なし,なし,なし,なし,なし,なし,なし,なし,なし,なし,なし,なし,なし,なし,なし,なし,12.4,53.8,69.1,なし,なし,なし,なし,なし,なし,×,なし,×,なし,なし,なし,なし,なし,なし,なし,なし,なし,なし,なし,なし,なし,なし,なし,なし,なし,なし,なし,117,差,5,2.02608E+17,23107195
20260829,新潟,5,10,未勝利,芝,2200,アルティマローネ,牝,武藤雅,武市康男,美,マインドユアビスケッツ,2,新潟芝2200,1,R8.8.29,アルティマローネ46262,アルティマローネ46260,アルティマローネ46261,アルティマローネ46256,アルティマローネ46257,アルティマローネ46249,アルティマローネ46250,なし,なし,なし,なし,なし,なし,68.6,16.8,16.7,68.1,17,17.6,58.1,13.5,14.7,14.8,15.1,なし,なし,なし,なし,なし,なし,なし,なし,なし,なし,なし,なし,なし,なし,なし,なし,なし,なし,なし,なし,なし,なし,なし,なし,なし,×,なし,×,×,なし,×,なし,なし,×,なし,×,〇,なし,〇,なし,なし,×,×,108,差,5,2.02608E+17,23106811
20260829,新潟,5,11,未勝利,芝,2200,キコリータ,牝,今村聖奈,田中勝春,美,レイデオロ,2,新潟芝2200,1,R8.8.29,キコリータ46262,キコリータ46260,キコリータ46261,キコリータ46256,キコリータ46257,キコリータ46249,キコリータ46250,なし,なし,なし,なし,なし,なし,64.1,16.5,16.4,60.3,15.6,15.2,59.1,14.6,14,14.4,16.1,なし,なし,なし,なし,なし,なし,なし,なし,なし,なし,なし,なし,なし,なし,なし,なし,なし,なし,なし,なし,なし,なし,なし,なし,なし,×,なし,×,×,なし,×,なし,なし,×,なし,×,〇,なし,〇,なし,なし,×,×,109,追,6,2.02608E+17,23103321
20260829,新潟,5,12,未勝利,芝,2200,アージェンタイド,牡,小崎綾也,秋本大介,美,ブラックタイド,2,新潟芝2200,1,R8.8.29,アージェンタイド46262,アージェンタイド46260,アージェンタイド46261,アージェンタイド46256,アージェンタイド46257,アージェンタイド46249,アージェンタイド46250,なし,なし,なし,59.8,14,15.5,なし,なし,なし,なし,なし,なし,なし,なし,なし,なし,なし,なし,なし,なし,なし,なし,なし,なし,なし,なし,なし,なし,なし,なし,なし,なし,なし,なし,なし,なし,なし,なし,なし,なし,なし,なし,なし,なし,なし,なし,なし,なし,なし,なし,なし,なし,なし,なし,なし,なし,なし,なし,なし,なし,89,追,6,2.02608E+17,23102411
20260829,新潟,5,13,未勝利,芝,2200,ゴールドエンバー,牡,大野拓弥,竹内正洋,美,バゴ,2,新潟芝2200,1,R8.8.29,ゴールドエンバー46262,ゴールドエンバー46260,ゴールドエンバー46261,ゴールドエンバー46256,ゴールドエンバー46257,ゴールドエンバー46249,ゴールドエンバー46250,なし,なし,なし,なし,なし,なし,なし,なし,なし,なし,なし,なし,なし,なし,なし,なし,なし,なし,なし,なし,なし,なし,なし,なし,なし,なし,なし,なし,なし,12,53.3,68.3,なし,なし,なし,なし,なし,FALSE,×,なし,×,なし,なし,なし,なし,なし,なし,なし,なし,なし,なし,なし,なし,なし,なし,なし,なし,なし,なし,なし,107,差,7,2.02608E+17,23102333
20260829,新潟,5,14,未勝利,芝,2200,アティラン,牝,原優介,寺島良,栗,ヴァンゴッホ,2,新潟芝2200,2,R8.8.29,アティラン46262,アティラン46260,アティラン46261,アティラン46256,アティラン46257,アティラン46249,アティラン46250,なし,なし,なし,なし,なし,なし,68.2,15.4,16.3,67.1,15.4,15.4,なし,なし,なし,なし,なし,なし,なし,なし,なし,なし,なし,なし,なし,なし,なし,なし,なし,12.9,58.2,0,なし,なし,なし,なし,なし,FALSE,×,なし,×,なし,なし,なし,なし,なし,なし,なし,なし,なし,なし,なし,なし,なし,なし,なし,なし,なし,なし,なし,96,差,7,2.02608E+17,23105641
20260829,新潟,5,15,未勝利,芝,2200,アンヴデット,牝,石神深道,高橋文雅,美,リアルスティール,2,新潟芝2200,1,R8.8.29,アンヴデット46262,アンヴデット46260,アンヴデット46261,アンヴデット46256,アンヴデット46257,アンヴデット46249,アンヴデット46250,なし,なし,なし,なし,なし,なし,なし,なし,なし,61.4,14.2,14.4,なし,なし,なし,なし,なし,なし,なし,なし,なし,なし,なし,なし,なし,なし,なし,なし,なし,11.3,53.5,69.1,なし,なし,なし,なし,なし,なし,〇,なし,〇,なし,なし,なし,なし,なし,なし,なし,なし,なし,なし,なし,なし,なし,なし,なし,なし,なし,なし,なし,108,追,7,2.02608E+17,23107044
20260829,新潟,5,16,未勝利,芝,2200,ルミナスレイナ,牝,石田拓郎,菊沢隆徳,美,デクラレーションオブウォー,2,新潟芝2200,1,R8.8.29,ルミナスレイナ46262,ルミナスレイナ46260,ルミナスレイナ46261,ルミナスレイナ46256,ルミナスレイナ46257,ルミナスレイナ46249,ルミナスレイナ46250,68.6,15.4,17,なし,なし,なし,なし,なし,なし,65.6,15.1,15.7,なし,なし,なし,なし,なし,なし,なし,なし,なし,なし,なし,なし,12.4,なし,なし,なし,なし,12.2,54.5,70.1,なし,なし,なし,なし,なし,なし,×,なし,×,なし,なし,なし,なし,なし,なし,なし,なし,なし,なし,なし,なし,なし,なし,なし,なし,なし,なし,なし,88,追,8,2.02608E+17,23100727
20260829,新潟,5,17,未勝利,芝,2200,ホウライブラック,牝,野中悠太,鈴木慎太,美,キタサンブラック,2,新潟芝2200,1,R8.8.29,ホウライブラック46262,ホウライブラック46260,ホウライブラック46261,ホウライブラック46256,ホウライブラック46257,ホウライブラック46249,ホウライブラック46250,65.5,15.3,15.5,58.4,14.1,14.1,68.2,16.2,16.6,57.7,13.8,14.2,なし,なし,なし,なし,なし,なし,なし,なし,なし,なし,なし,なし,なし,なし,なし,なし,なし,11.9,53.9,68.8,なし,なし,なし,なし,なし,なし,〇,なし,〇,なし,なし,なし,なし,なし,なし,なし,なし,なし,なし,なし,なし,なし,なし,なし,なし,なし,なし,なし,88,追,8,2.02608E+17,23106315
20260829,新潟,5,18,未勝利,芝,2200,オレンジフィールド,牝,松山弘平,北出成人,栗,サトノクラウン,2,新潟芝2200,2,R8.8.29,オレンジフィールド46262,オレンジフィールド46260,オレンジフィールド46261,オレンジフィールド46256,オレンジフィールド46257,オレンジフィールド46249,オレンジフィールド46250,68.8,16,16.5,62.6,14.9,15.3,67,16.1,16.4,56.1,13.2,13.3,55.3,12.4,12.9,14.5,15.5,なし,なし,なし,なし,なし,なし,なし,なし,なし,なし,なし,なし,なし,なし,なし,なし,なし,なし,なし,なし,なし,なし,なし,なし,なし,×,なし,×,×,なし,×,なし,なし,×,なし,×,×,なし,×,なし,なし,なし,なし,102,追,8,2.02608E+17,23102640
20260829,新潟,6,1,新発田城･1勝,ダ,1800,ボールドタワー,牡,ミシェル,鈴木慎太,美,タワーオブロンドン,1,新潟ダ1800,1,R8.8.29,ボールドタワー46262,ボールドタワー46260,ボールドタワー46261,ボールドタワー46256,ボールドタワー46257,ボールドタワー46249,ボールドタワー46250,なし,なし,なし,62.7,14.7,15.2,66.7,15,15.8,57.7,13.8,14.9,なし,なし,なし,なし,なし,なし,なし,なし,なし,なし,なし,なし,なし,なし,なし,なし,なし,12.1,52.8,67.1,なし,なし,なし,なし,なし,なし,×,なし,×,なし,なし,なし,なし,なし,なし,なし,なし,なし,なし,なし,なし,なし,なし,なし,なし,なし,なし,なし,105,差,1,2.02608E+17,23103016
20260829,新潟,6,2,新発田城･1勝,ダ,1800,コスモシェルベット,牡,武藤雅,水野貴広,美,マインドユアビスケッツ,1,新潟ダ1800,1,R8.8.29,コスモシェルベット46262,コスモシェルベット46260,コスモシェルベット46261,コスモシェルベット46256,コスモシェルベット46257,コスモシェルベット46249,コスモシェルベット46250,67.8,17,16.6,64,16.2,15.7,68.9,17.6,16.6,68.2,16.3,16.7,なし,なし,なし,なし,なし,なし,なし,なし,なし,なし,なし,なし,なし,なし,なし,なし,なし,11.7,52.5,67.1,なし,なし,なし,なし,なし,なし,〇,なし,〇,なし,なし,なし,なし,なし,なし,なし,なし,なし,なし,なし,なし,なし,なし,なし,なし,なし,なし,なし,104,先,2,2.02608E+17,22106785
20260829,新潟,6,3,新発田城･1勝,ダ,1800,ルーナディサングエ,牡,菅原隆一,天間昭一,美,リアルスティール,1,新潟ダ1800,1,R8.8.29,ルーナディサングエ46262,ルーナディサングエ46260,ルーナディサングエ46261,ルーナディサングエ46256,ルーナディサングエ46257,ルーナディサングエ46249,ルーナディサングエ46250,なし,なし,なし,なし,なし,なし,68.6,16.1,16.5,なし,なし,なし,58.9,14,15.1,15,14.8,なし,なし,なし,なし,なし,なし,なし,なし,なし,なし,なし,なし,なし,なし,なし,なし,なし,なし,なし,なし,なし,なし,なし,なし,なし,×,なし,×,×,なし,×,なし,なし,×,なし,×,〇,なし,〇,なし,なし,×,×,125,先,2,2.02608E+17,23103013
20260829,新潟,6,4,新発田城･1勝,ダ,1800,ヨドノタイヨウ,牡,松山弘平,室井潔,美,ミッキーロケット,1,新潟ダ1800,1,R8.8.29,ヨドノタイヨウ46262,ヨドノタイヨウ46260,ヨドノタイヨウ46261,ヨドノタイヨウ46256,ヨドノタイヨウ46257,ヨドノタイヨウ46249,ヨドノタイヨウ46250,なし,なし,なし,なし,なし,なし,なし,なし,なし,66.2,16.5,16.1,なし,なし,なし,なし,なし,なし,なし,なし,なし,なし,なし,なし,なし,なし,なし,なし,なし,11.5,53.8,68.9,なし,なし,なし,なし,なし,なし,〇,なし,〇,なし,なし,なし,なし,なし,なし,なし,なし,なし,なし,なし,なし,なし,なし,なし,なし,なし,なし,なし,108,先,3,2.02608E+17,22100348
20260829,新潟,6,5,新発田城･1勝,ダ,1800,トレベルオール,牡,大野拓弥,辻哲英,美,オルフェーヴル,1,新潟ダ1800,1,R8.8.29,トレベルオール46262,トレベルオール46260,トレベルオール46261,トレベルオール46256,トレベルオール46257,トレベルオール46249,トレベルオール46250,68.4,15.3,16.2,なし,なし,なし,69.7,15.8,16.3,なし,なし,なし,なし,なし,なし,なし,なし,なし,なし,なし,なし,なし,なし,なし,13.4,なし,なし,12.9,75.3,12,51.8,67.4,なし,なし,なし,なし,なし,なし,×,なし,×,なし,なし,なし,なし,なし,なし,なし,なし,なし,なし,なし,なし,なし,なし,なし,TRUE,なし,〇,なし,114,先,3,2.02608E+17,21102203
20260829,新潟,6,6,新発田城･1勝,ダ,1800,ルシャルムール,セ,原優介,古賀大生,美,ルヴァンスレーヴ,1,新潟ダ1800,1,R8.8.29,ルシャルムール46262,ルシャルムール46260,ルシャルムール46261,ルシャルムール46256,ルシャルムール46257,ルシャルムール46249,ルシャルムール46250,66.9,16.5,15.8,なし,なし,なし,64.6,14.8,15.8,56.6,13,13.9,55.5,12.5,13.3,14.5,15.2,なし,なし,なし,なし,なし,なし,なし,11.6,なし,なし,なし,なし,なし,なし,なし,なし,なし,なし,なし,なし,なし,なし,なし,なし,なし,×,なし,×,×,なし,×,なし,なし,×,なし,×,×,なし,×,なし,なし,なし,なし,115,先,4,2.02608E+17,22105863
20260829,新潟,6,7,新発田城･1勝,ダ,1800,アバレリュウ,牡,野中悠太,鈴木慎太,美,マクフィ,1,新潟ダ1800,1,R8.8.29,アバレリュウ46262,アバレリュウ46260,アバレリュウ46261,アバレリュウ46256,アバレリュウ46257,アバレリュウ46249,アバレリュウ46250,63.2,15.3,15.4,58.4,13.8,14,65.4,15.7,15.7,58.1,13.8,14.2,なし,なし,なし,なし,なし,なし,なし,なし,なし,なし,なし,なし,なし,なし,なし,なし,なし,12.1,52.8,67.2,なし,なし,なし,なし,なし,なし,×,なし,×,なし,なし,なし,なし,なし,なし,なし,なし,なし,なし,なし,なし,なし,なし,なし,なし,なし,なし,なし,107,先,4,2.02608E+17,22100390
20260829,新潟,6,8,新発田城･1勝,ダ,1800,アビヤント,牡,三浦皇成,鹿戸雄一,美,モーリス,1,新潟ダ1800,1,R8.8.29,アビヤント46262,アビヤント46260,アビヤント46261,アビヤント46256,アビヤント46257,アビヤント46249,アビヤント46250,なし,なし,なし,55.8,12.5,13.8,なし,なし,なし,55.8,12.7,13.4,54,12.4,12.5,13.9,15.2,なし,なし,なし,なし,なし,なし,なし,なし,なし,なし,なし,なし,なし,なし,なし,なし,なし,なし,なし,なし,FALSE,なし,なし,なし,なし,×,なし,×,×,なし,×,なし,なし,×,なし,×,×,なし,×,なし,なし,なし,なし,104,先,5,2.02608E+17,23104398
20260829,新潟,6,9,新発田城･1勝,ダ,1800,ゴットランド,牡,岩田康誠,斎藤誠,美,リオンディーズ,1,新潟ダ1800,1,R8.8.29,ゴットランド46262,ゴットランド46260,ゴットランド46261,ゴットランド46256,ゴットランド46257,ゴットランド46249,ゴットランド46250,67.7,16.6,16.7,57.1,14.1,14.4,なし,なし,なし,58.3,13.8,14.3,なし,なし,なし,なし,なし,なし,なし,なし,なし,なし,なし,なし,なし,なし,なし,なし,なし,11.4,51,65.8,なし,なし,なし,なし,なし,FALSE,〇,なし,〇,なし,なし,なし,なし,なし,なし,なし,なし,なし,なし,なし,なし,なし,なし,なし,なし,なし,なし,なし,105,差,5,2.02608E+17,22100162
20260829,新潟,6,10,新発田城･1勝,ダ,1800,リアライズオーラム,セ,石橋脩,上原佑紀,美,オルフェーヴル,1,新潟ダ1800,1,R8.8.29,リアライズオーラム46262,リアライズオーラム46260,リアライズオーラム46261,リアライズオーラム46256,リアライズオーラム46257,リアライズオーラム46249,リアライズオーラム46250,64.3,15.4,15.9,56.6,12.6,13.1,61.6,14,15.1,55.7,12.6,13,なし,なし,なし,なし,なし,なし,なし,なし,なし,なし,なし,なし,なし,なし,なし,なし,なし,11.2,51.1,66.2,なし,なし,なし,なし,なし,なし,〇,なし,〇,なし,なし,なし,なし,なし,なし,なし,なし,なし,なし,なし,なし,なし,なし,なし,なし,なし,なし,なし,96,先,6,2.02608E+17,22105773
20260829,新潟,6,11,新発田城･1勝,ダ,1800,ヴェーヌドール,牡,菊沢一樹,平岩大典,美,エピファネイア,1,新潟ダ1800,1,R8.8.29,ヴェーヌドール46262,ヴェーヌドール46260,ヴェーヌドール46261,ヴェーヌドール46256,ヴェーヌドール46257,ヴェーヌドール46249,ヴェーヌドール46250,なし,なし,なし,なし,なし,なし,なし,なし,なし,58.7,15.2,15.2,なし,なし,なし,なし,なし,なし,なし,なし,なし,なし,なし,なし,12.8,なし,なし,なし,なし,11.7,52.4,67.6,なし,なし,なし,なし,なし,なし,〇,なし,〇,なし,なし,なし,なし,なし,なし,なし,なし,なし,なし,なし,なし,なし,なし,なし,なし,なし,なし,なし,94,差,6,2.02608E+17,22105708
20260829,新潟,6,12,新発田城･1勝,ダ,1800,サウジバラード,牡,丸山元気,加藤征弘,美,ジャスタウェイ,1,新潟ダ1800,1,R8.8.29,サウジバラード46262,サウジバラード46260,サウジバラード46261,サウジバラード46256,サウジバラード46257,サウジバラード46249,サウジバラード46250,なし,なし,なし,59.9,15.1,14.9,なし,なし,なし,59.2,14.6,14.8,53.3,12.6,12.7,13.4,14.6,なし,なし,なし,なし,なし,なし,なし,なし,なし,なし,なし,なし,なし,なし,なし,なし,なし,なし,なし,なし,なし,なし,なし,なし,なし,×,なし,×,×,なし,×,なし,なし,×,なし,×,×,なし,×,なし,なし,なし,なし,98,先,7,2.02608E+17,23103519
20260829,新潟,6,13,新発田城･1勝,ダ,1800,マルカベント,牡,小林脩斗,浅利英明,美,ドレフォン,1,新潟ダ1800,1,R8.8.29,マルカベント46262,マルカベント46260,マルカベント46261,マルカベント46256,マルカベント46257,マルカベント46249,マルカベント46250,67,15.2,16.4,54.9,12.9,12.9,65.9,15.2,16.5,57.9,13.6,14,54,12.7,12.9,13.5,14.9,なし,なし,なし,なし,なし,なし,なし,なし,なし,なし,なし,なし,なし,なし,なし,なし,なし,なし,なし,なし,なし,なし,なし,なし,なし,×,なし,×,×,なし,×,なし,なし,×,なし,×,×,なし,×,なし,なし,なし,なし,0,差,7,2.02608E+17,22105362
20260829,新潟,6,14,新発田城･1勝,ダ,1800,ジンガー,牡,柴田大知,粕谷昌央,美,スワーヴリチャード,1,新潟ダ1800,1,R8.8.29,ジンガー46262,ジンガー46260,ジンガー46261,ジンガー46256,ジンガー46257,ジンガー46249,ジンガー46250,63.2,15.8,15.4,58.3,14.3,14.2,66.6,15.4,16,なし,なし,なし,なし,なし,なし,なし,なし,なし,なし,なし,なし,なし,なし,なし,なし,なし,なし,13.7,71.9,12.2,53,68.4,なし,なし,なし,なし,なし,なし,×,なし,×,なし,なし,なし,なし,なし,なし,なし,なし,なし,なし,なし,なし,なし,なし,なし,TRUE,なし,〇,なし,0,追,8,2.02608E+17,22100816
20260829,新潟,6,15,新発田城･1勝,ダ,1800,サトノラポール,セ,津村明秀,鹿戸雄一,美,サートゥルナーリア,1,新潟ダ1800,1,R8.8.29,サトノラポール46262,サトノラポール46260,サトノラポール46261,サトノラポール46256,サトノラポール46257,サトノラポール46249,サトノラポール46250,なし,なし,なし,65.4,15.6,15.8,なし,なし,なし,55.6,12.3,12.6,54.9,12.2,13.4,14,15.3,なし,なし,なし,なし,なし,なし,なし,なし,なし,なし,なし,なし,なし,なし,なし,なし,なし,なし,なし,なし,FALSE,なし,なし,なし,なし,×,なし,×,×,なし,×,なし,なし,×,なし,×,×,なし,×,なし,なし,なし,なし,100,差,8,2.02608E+17,22104786
20260829,新潟,7,1,赤倉特Ｈ･2勝,芝,2000,ハギノコラソン,牝,小崎綾也,寺島良,栗,ミッキーアイル,2,新潟芝2000,2,R8.8.29,ハギノコラソン46262,ハギノコラソン46260,ハギノコラソン46261,ハギノコラソン46256,ハギノコラソン46257,ハギノコラソン46249,ハギノコラソン46250,66.5,14.9,16.3,63.1,15.2,15.4,64.1,15.6,16.3,59.7,13.6,14.2,なし,なし,なし,なし,なし,なし,なし,なし,なし,なし,なし,なし,なし,なし,なし,なし,なし,11.6,55.3,71.6,なし,なし,なし,なし,なし,FALSE,〇,なし,〇,なし,なし,なし,なし,なし,なし,なし,なし,なし,なし,なし,なし,なし,なし,なし,なし,なし,なし,なし,105,先,1,2.02608E+17,22100439
20260829,新潟,7,2,赤倉特Ｈ･2勝,芝,2000,ボウウィンドウ,牝,ルメール,武井亮,美,サートゥルナーリア,2,新潟芝2000,1,R8.8.29,ボウウィンドウ46262,ボウウィンドウ46260,ボウウィンドウ46261,ボウウィンドウ46256,ボウウィンドウ46257,ボウウィンドウ46249,ボウウィンドウ46250,なし,なし,なし,62.8,15.4,15.3,61.3,15,14.9,54.3,12.4,13.3,なし,なし,なし,なし,なし,なし,なし,なし,なし,なし,なし,なし,なし,なし,なし,なし,なし,11.6,50.9,65.5,なし,なし,なし,なし,なし,なし,〇,なし,〇,なし,なし,なし,なし,なし,なし,なし,なし,なし,なし,なし,なし,なし,なし,なし,なし,なし,なし,なし,107,先,1,2.02608E+17,22105002
20260829,新潟,7,3,赤倉特Ｈ･2勝,芝,2000,バンフィエルド,牡,柴田大知,粕谷昌央,美,オルフェーヴル,2,新潟芝2000,1,R8.8.29,バンフィエルド46262,バンフィエルド46260,バンフィエルド46261,バンフィエルド46256,バンフィエルド46257,バンフィエルド46249,バンフィエルド46250,なし,なし,なし,なし,なし,なし,67.4,15.7,16.1,65.9,15.9,15.8,なし,なし,なし,なし,なし,なし,なし,なし,なし,なし,なし,なし,なし,なし,なし,なし,なし,12.2,53.4,68.8,なし,なし,なし,なし,なし,なし,×,なし,×,なし,なし,なし,なし,なし,なし,なし,なし,なし,なし,なし,なし,なし,なし,なし,なし,なし,なし,なし,84,先,2,2.02608E+17,19104531
20260829,新潟,7,4,赤倉特Ｈ･2勝,芝,2000,ツルマウカタチ,牡,嶋田純次,手塚貴久,美,ヤングマンパワー,2,新潟芝2000,1,R8.8.29,ツルマウカタチ46262,ツルマウカタチ46260,ツルマウカタチ46261,ツルマウカタチ46256,ツルマウカタチ46257,ツルマウカタチ46249,ツルマウカタチ46250,なし,なし,なし,56.4,13.4,13.5,なし,なし,なし,56.8,13.7,14.3,なし,なし,なし,なし,なし,なし,なし,なし,なし,なし,なし,なし,なし,なし,なし,なし,なし,11.5,52,67.4,なし,なし,なし,なし,なし,なし,〇,なし,〇,なし,なし,なし,なし,なし,なし,なし,なし,なし,なし,なし,なし,なし,なし,なし,なし,なし,なし,なし,99,追,2,2.02608E+17,21102106
20260829,新潟,7,5,赤倉特Ｈ･2勝,芝,2000,ロールザダイス,セ,ミシェル,池江泰寿,栗,エピファネイア,2,新潟芝2000,2,R8.8.29,ロールザダイス46262,ロールザダイス46260,ロールザダイス46261,ロールザダイス46256,ロールザダイス46257,ロールザダイス46249,ロールザダイス46250,65.1,15.3,14.9,59.9,14,14.1,66.9,16.1,16,59.3,13.4,14.4,54.6,12.6,13.1,14,14.9,なし,なし,なし,なし,なし,なし,なし,なし,なし,なし,なし,なし,なし,なし,なし,なし,なし,なし,なし,なし,なし,なし,なし,なし,なし,×,なし,×,×,なし,×,なし,なし,×,なし,×,×,なし,×,なし,なし,なし,なし,102,逃,3,2.02608E+17,22106626
20260829,新潟,7,6,赤倉特Ｈ･2勝,芝,2000,オリバナム,牝,戸崎圭太,斉藤崇史,栗,ロジャーバローズ,2,新潟芝2000,2,R8.8.29,オリバナム46262,オリバナム46260,オリバナム46261,オリバナム46256,オリバナム46257,オリバナム46249,オリバナム46250,なし,なし,なし,なし,なし,なし,69.3,15.9,16.4,69.1,16,16.6,なし,なし,なし,なし,なし,なし,なし,なし,なし,なし,なし,なし,なし,なし,なし,なし,なし,なし,なし,なし,なし,なし,なし,なし,なし,FALSE,なし,なし,なし,なし,なし,なし,なし,なし,なし,なし,なし,なし,なし,なし,なし,なし,なし,なし,なし,なし,なし,なし,105,先,3,2.02608E+17,22100381
20260829,新潟,7,7,赤倉特Ｈ･2勝,芝,2000,ジャンビ,牝,木幡育也,勢司和浩,美,スクリーンヒーロー,2,新潟芝2000,1,R8.8.29,ジャンビ46262,ジャンビ46260,ジャンビ46261,ジャンビ46256,ジャンビ46257,ジャンビ46249,ジャンビ46250,なし,なし,なし,なし,なし,なし,なし,なし,なし,なし,なし,なし,なし,なし,なし,なし,なし,なし,なし,なし,なし,なし,なし,なし,なし,なし,なし,13.5,72.7,13.7,55.9,71.1,なし,なし,なし,なし,なし,なし,×,なし,×,なし,なし,なし,なし,なし,なし,なし,なし,なし,なし,なし,なし,なし,なし,なし,なし,なし,なし,なし,92,差,4,2.02608E+17,21103878
20260829,新潟,7,8,赤倉特Ｈ･2勝,芝,2000,ホウオウタイタン,牝,丸山元気,須貝尚介,栗,キズナ,2,新潟芝2000,2,R8.8.29,ホウオウタイタン46262,ホウオウタイタン46260,ホウオウタイタン46261,ホウオウタイタン46256,ホウオウタイタン46257,ホウオウタイタン46249,ホウオウタイタン46250,64.3,14.5,15,なし,なし,なし,なし,なし,なし,63.1,14.6,15,55,12.5,12.8,14.1,15.6,なし,なし,なし,なし,なし,なし,なし,なし,なし,なし,なし,なし,なし,なし,なし,なし,なし,なし,なし,なし,なし,なし,なし,なし,なし,×,なし,×,×,なし,×,なし,なし,×,なし,×,×,なし,×,なし,なし,なし,なし,120,マ,4,2.02608E+17,22103278
20260829,新潟,7,9,赤倉特Ｈ･2勝,芝,2000,バガン,牡,岩田康誠,宮地貴稔,栗,バゴ,2,新潟芝2000,2,R8.8.29,バガン46262,バガン46260,バガン46261,バガン46256,バガン46257,バガン46249,バガン46250,なし,なし,なし,なし,なし,なし,64.5,15.2,16.6,55.9,13.1,13.4,55,12.7,12.9,14.6,14.8,なし,なし,なし,なし,なし,なし,なし,なし,なし,なし,なし,なし,なし,なし,なし,なし,なし,なし,なし,なし,なし,なし,なし,なし,なし,×,なし,×,×,なし,×,なし,なし,×,なし,×,×,なし,×,なし,なし,なし,なし,89,差,5,2.02608E+17,18106354
20260829,新潟,7,10,赤倉特Ｈ･2勝,芝,2000,ペッレグリーニ,セ,内田博幸,手塚貴久,美,レイデオロ,2,新潟芝2000,1,R8.8.29,ペッレグリーニ46262,ペッレグリーニ46260,ペッレグリーニ46261,ペッレグリーニ46256,ペッレグリーニ46257,ペッレグリーニ46249,ペッレグリーニ46250,なし,なし,なし,55.2,13,14,なし,なし,なし,55.5,12.7,13.6,53.7,12.4,13,13.5,14.8,なし,なし,なし,なし,なし,なし,15.8,なし,なし,なし,なし,なし,なし,なし,なし,なし,なし,なし,なし,なし,なし,なし,なし,なし,なし,×,なし,×,×,なし,×,なし,なし,×,なし,×,×,なし,×,なし,なし,なし,なし,112,先,5,2.02608E+17,21105647
20260829,新潟,7,11,赤倉特Ｈ･2勝,芝,2000,ティムール,牡,原優介,中竹和也,栗,キズナ,2,新潟芝2000,2,R8.8.29,ティムール46262,ティムール46260,ティムール46261,ティムール46256,ティムール46257,ティムール46249,ティムール46250,68.5,16.6,16.2,56,13.6,13.5,なし,なし,なし,57.4,14.5,13.9,53.6,13.2,12.7,13.2,14.5,なし,なし,なし,なし,なし,なし,なし,なし,なし,なし,なし,なし,なし,なし,なし,なし,なし,なし,なし,なし,なし,なし,なし,なし,なし,×,なし,×,×,なし,×,なし,なし,×,なし,×,〇,なし,〇,なし,なし,×,×,100,差,6,2.02608E+17,20103048
20260829,新潟,7,12,赤倉特Ｈ･2勝,芝,2000,マイネルアズーロ,牡,津村明秀,鹿戸雄一,美,ダノンバラード,2,新潟芝2000,1,R8.8.29,マイネルアズーロ46262,マイネルアズーロ46260,マイネルアズーロ46261,マイネルアズーロ46256,マイネルアズーロ46257,マイネルアズーロ46249,マイネルアズーロ46250,なし,なし,なし,57.3,12.7,13.6,なし,なし,なし,56,12.3,12.9,なし,なし,なし,なし,なし,なし,なし,なし,なし,なし,なし,なし,なし,なし,なし,なし,なし,11.8,52.4,68.4,なし,なし,なし,なし,なし,TRUE,〇,なし,〇,なし,なし,なし,なし,なし,なし,なし,なし,なし,なし,なし,なし,なし,なし,なし,なし,なし,〇,なし,117,追,6,2.02608E+17,22100274
20260829,新潟,7,13,赤倉特Ｈ･2勝,芝,2000,エリーナストーム,牝,三浦皇成,鹿戸雄一,美,サトノアラジン,2,新潟芝2000,1,R8.8.29,エリーナストーム46262,エリーナストーム46260,エリーナストーム46261,エリーナストーム46256,エリーナストーム46257,エリーナストーム46249,エリーナストーム46250,なし,なし,なし,54.6,11.9,12.7,なし,なし,なし,53.3,11.8,12.6,なし,なし,なし,なし,なし,なし,なし,なし,なし,なし,なし,なし,なし,なし,なし,なし,なし,11.7,52.7,68.8,なし,なし,なし,なし,なし,TRUE,〇,なし,〇,なし,なし,なし,なし,なし,なし,なし,なし,なし,なし,なし,なし,なし,なし,なし,なし,なし,〇,なし,103,差,7,2.02608E+17,22105030
20260829,新潟,7,14,赤倉特Ｈ･2勝,芝,2000,カフェアローロ,牝,石神深道,古賀慎明,美,ダンカーク,2,新潟芝2000,1,R8.8.29,カフェアローロ46262,カフェアローロ46260,カフェアローロ46261,カフェアローロ46256,カフェアローロ46257,カフェアローロ46249,カフェアローロ46250,なし,なし,なし,68,16.7,16.7,67.7,15.9,17,56,12.7,13.5,なし,なし,なし,なし,なし,なし,なし,なし,なし,なし,なし,なし,なし,なし,なし,なし,なし,11.6,52.5,68.4,なし,なし,なし,なし,なし,なし,〇,なし,〇,なし,なし,なし,なし,なし,なし,なし,なし,なし,なし,なし,なし,なし,なし,なし,なし,なし,なし,なし,92,差,7,2.02608E+17,21100469
20260829,新潟,7,15,赤倉特Ｈ･2勝,芝,2000,スピンザブラッド,牡,松山弘平,平岩大典,美,ブリックスアンドモルタル,2,新潟芝2000,1,R8.8.29,スピンザブラッド46262,スピンザブラッド46260,スピンザブラッド46261,スピンザブラッド46256,スピンザブラッド46257,スピンザブラッド46249,スピンザブラッド46250,なし,なし,なし,なし,なし,なし,なし,なし,なし,なし,なし,なし,なし,なし,なし,なし,なし,なし,なし,なし,なし,なし,なし,なし,13.4,なし,なし,11.9,72.7,11.4,52.6,68.5,なし,なし,なし,なし,なし,なし,〇,なし,〇,なし,なし,なし,なし,なし,なし,なし,なし,なし,なし,なし,なし,なし,なし,なし,なし,なし,なし,なし,100,差,8,2.02608E+17,21105244
20260829,新潟,7,16,赤倉特Ｈ･2勝,芝,2000,ピエナフェーヴル,牡,田辺裕信,萱野浩二,美,オルフェーヴル,2,新潟芝2000,1,R8.8.29,ピエナフェーヴル46262,ピエナフェーヴル46260,ピエナフェーヴル46261,ピエナフェーヴル46256,ピエナフェーヴル46257,ピエナフェーヴル46249,ピエナフェーヴル46250,なし,なし,なし,57.9,13.1,14.3,なし,なし,なし,61.6,15.2,14.6,53.4,12.3,12.8,13.5,14.8,なし,なし,なし,なし,なし,なし,なし,なし,なし,なし,なし,なし,なし,なし,なし,なし,なし,なし,なし,なし,なし,なし,なし,なし,なし,×,なし,×,×,なし,×,なし,なし,×,なし,×,×,なし,×,なし,なし,なし,なし,111,逃,8,2.02608E+17,22101175
20260829,新潟,7,17,赤倉特Ｈ･2勝,芝,2000,マイネルアレス,牡,菊沢一樹,相沢郁,美,スクリーンヒーロー,2,新潟芝2000,1,R8.8.29,マイネルアレス46262,マイネルアレス46260,マイネルアレス46261,マイネルアレス46256,マイネルアレス46257,マイネルアレス46249,マイネルアレス46250,65.5,15.4,16.3,なし,なし,なし,64,15.4,15.6,なし,なし,なし,なし,なし,なし,なし,なし,64.7,15.9,15.9,16.6,16.3,なし,なし,11.8,なし,なし,11.5,72.1,11.4,52.2,67.1,なし,なし,なし,なし,なし,なし,〇,なし,〇,なし,なし,×,×,なし,×,×,なし,なし,なし,×,×,なし,なし,なし,なし,なし,なし,なし,101,先,8,2.02608E+17,22106817
20260829,新潟,8,1,ＢＳＮ賞(L),ダ,1800,ピカピカサンダー,牡,三浦皇成,鹿戸雄一,美,アジアエクスプレス,1,新潟ダ1800,1,R8.8.29,ピカピカサンダー46262,ピカピカサンダー46260,ピカピカサンダー46261,ピカピカサンダー46256,ピカピカサンダー46257,ピカピカサンダー46249,ピカピカサンダー46250,なし,なし,なし,53.9,12.2,12.9,なし,なし,なし,54.2,12.4,13.3,54.7,12.2,13.2,14.1,15.2,なし,なし,なし,なし,なし,なし,なし,なし,なし,なし,なし,なし,なし,なし,なし,なし,なし,なし,なし,なし,FALSE,なし,なし,なし,なし,×,なし,×,×,なし,×,なし,なし,×,なし,×,×,なし,×,なし,なし,なし,なし,112,先,1,2.02608E+17,22105979
20260829,新潟,8,2,ＢＳＮ賞(L),ダ,1800,アムールドパリ,牝,田辺裕信,稲垣幸雄,美,マインドユアビスケッツ,1,新潟ダ1800,1,R8.8.29,アムールドパリ46262,アムールドパリ46260,アムールドパリ46261,アムールドパリ46256,アムールドパリ46257,アムールドパリ46249,アムールドパリ46250,なし,なし,なし,なし,なし,なし,なし,なし,なし,なし,なし,なし,なし,なし,なし,なし,なし,なし,なし,なし,なし,なし,なし,11.4,なし,16.8,86.1,なし,なし,11.6,54.9,71.1,なし,なし,なし,なし,なし,FALSE,〇,なし,〇,なし,なし,なし,なし,なし,なし,なし,なし,なし,なし,なし,なし,なし,なし,なし,なし,なし,なし,なし,114,逃,2,2.02608E+17,21105264
20260829,新潟,8,3,ＢＳＮ賞(L),ダ,1800,タガノバビロン,牡,松山弘平,西園翔太,栗,ヘニーヒューズ,1,新潟ダ1800,2,R8.8.29,タガノバビロン46262,タガノバビロン46260,タガノバビロン46261,タガノバビロン46256,タガノバビロン46257,タガノバビロン46249,タガノバビロン46250,なし,なし,なし,なし,なし,なし,68.7,16.1,16.1,なし,なし,なし,54.6,12.6,12.5,13.9,15.6,なし,なし,なし,なし,なし,なし,なし,11.8,なし,なし,11.3,69.5,なし,なし,なし,なし,なし,なし,なし,なし,なし,なし,なし,なし,なし,×,なし,×,×,なし,×,なし,なし,×,なし,×,×,なし,×,TRUE,なし,〇,なし,129,差,3,2.02608E+17,22106553
20260829,新潟,8,4,ＢＳＮ賞(L),ダ,1800,フタイテンロック,牡,小崎綾也,佐藤吉勝,美,トーセンジョーダン,1,新潟ダ1800,1,R8.8.29,フタイテンロック46262,フタイテンロック46260,フタイテンロック46261,フタイテンロック46256,フタイテンロック46257,フタイテンロック46249,フタイテンロック46250,66.7,16,16.3,66.7,15.9,16.3,66.1,15.4,16.1,65.2,16.3,16.4,69.9,16.4,16.4,17.9,19.2,なし,なし,なし,なし,なし,なし,なし,なし,なし,なし,なし,なし,12.2,52.9,68.7,なし,なし,なし,なし,なし,なし,×,なし,×,なし,×,なし,×,×,なし,×,なし,なし,×,なし,×,×,なし,×,なし,なし,なし,なし,97,差,4,2.02608E+17,19102665
20260829,新潟,8,5,ＢＳＮ賞(L),ダ,1800,ショウナンライシン,牡,原優介,大竹正博,美,エスケンデレヤ,1,新潟ダ1800,1,R8.8.29,ショウナンライシン46262,ショウナンライシン46260,ショウナンライシン46261,ショウナンライシン46256,ショウナンライシン46257,ショウナンライシン46249,ショウナンライシン46250,65.4,15.5,15.5,54.8,12.7,13.5,64.5,15.4,15.5,54.9,13.4,13,53.8,12.5,13.2,13.9,14.2,なし,なし,なし,なし,なし,なし,なし,なし,なし,なし,なし,なし,なし,なし,なし,なし,なし,なし,なし,なし,FALSE,なし,なし,なし,なし,×,なし,×,×,なし,×,なし,なし,×,なし,×,×,なし,×,なし,なし,なし,なし,108,追,5,2.02608E+17,20103148
20260829,新潟,8,6,ＢＳＮ賞(L),ダ,1800,カズタンジャー,牡,ルメール,新谷功一,栗,ドレフォン,1,新潟ダ1800,2,R8.8.29,カズタンジャー46262,カズタンジャー46260,カズタンジャー46261,カズタンジャー46256,カズタンジャー46257,カズタンジャー46249,カズタンジャー46250,61.7,14.7,14.9,なし,なし,なし,63.9,15.1,15.8,なし,なし,なし,58,13,14.1,15,15.9,なし,なし,なし,なし,なし,なし,なし,13.9,なし,なし,11.7,70.7,なし,なし,なし,なし,なし,なし,なし,なし,なし,なし,なし,なし,なし,×,なし,×,×,なし,×,なし,なし,×,なし,×,〇,なし,〇,TRUE,なし,×,×,0,追,6,2.02608E+17,21101259
20260829,新潟,8,7,ＢＳＮ賞(L),ダ,1800,メイショウズイウン,牡,石橋脩,本田優,栗,ホッコータルマエ,1,新潟ダ1800,2,R8.8.29,メイショウズイウン46262,メイショウズイウン46260,メイショウズイウン46261,メイショウズイウン46256,メイショウズイウン46257,メイショウズイウン46249,メイショウズイウン46250,66.2,16.3,16.1,61.5,14.4,14.1,60.1,14.5,14.5,69.4,14.9,16.5,なし,なし,なし,なし,なし,なし,なし,なし,なし,なし,なし,なし,なし,なし,なし,なし,なし,11.9,51.4,66.4,なし,なし,なし,なし,なし,なし,〇,なし,〇,なし,なし,なし,なし,なし,なし,なし,なし,なし,なし,なし,なし,なし,なし,なし,なし,なし,なし,なし,106,差,6,2.02608E+17,22100154
20260829,新潟,8,8,ＢＳＮ賞(L),ダ,1800,ピースオブザライフ,牝,武藤雅,野中賢二,栗,キタサンブラック,1,新潟ダ1800,2,R8.8.29,ピースオブザライフ46262,ピースオブザライフ46260,ピースオブザライフ46261,ピースオブザライフ46256,ピースオブザライフ46257,ピースオブザライフ46249,ピースオブザライフ46250,64.5,14.9,15.7,61.5,15.4,15.3,65.8,15.9,16.2,59.5,14.9,14.8,55,12.9,12.6,13.7,15.8,なし,なし,なし,なし,なし,なし,なし,なし,なし,なし,なし,なし,なし,なし,なし,なし,なし,なし,なし,なし,FALSE,なし,なし,なし,なし,×,なし,×,×,なし,×,なし,なし,×,なし,×,×,なし,×,なし,なし,なし,なし,93,差,7,2.02608E+17,20101024
20260829,新潟,8,9,ＢＳＮ賞(L),ダ,1800,ハセドン,牡,菊沢一樹,大和田成,美,モーリス,1,新潟ダ1800,1,R8.8.29,ハセドン46262,ハセドン46260,ハセドン46261,ハセドン46256,ハセドン46257,ハセドン46249,ハセドン46250,66,15.3,16.1,55.1,12.8,13.4,63.6,14.9,15.3,55.9,13.2,14,54.4,12.1,13.3,14.4,14.6,なし,なし,なし,なし,なし,なし,なし,なし,なし,なし,なし,なし,なし,なし,なし,なし,なし,なし,なし,なし,なし,なし,なし,なし,なし,×,なし,×,×,なし,×,なし,なし,×,なし,×,×,なし,×,なし,なし,なし,なし,103,追,7,2.02608E+17,19103593
20260829,新潟,8,10,ＢＳＮ賞(L),ダ,1800,ハビレ,牡,岩田康誠,武井亮,美,ヘニーヒューズ,1,新潟ダ1800,1,R8.8.29,ハビレ46262,ハビレ46260,ハビレ46261,ハビレ46256,ハビレ46257,ハビレ46249,ハビレ46250,なし,なし,なし,なし,なし,なし,なし,なし,なし,なし,なし,なし,なし,なし,なし,なし,なし,なし,なし,なし,なし,なし,なし,15.3,13.7,15.5,83.2,13.4,69.8,12.3,53.2,68,なし,なし,なし,なし,なし,なし,×,なし,×,なし,なし,なし,なし,なし,なし,なし,なし,なし,なし,なし,なし,なし,なし,なし,TRUE,なし,〇,なし,102,追,8,2.02608E+17,21100561
20260829,新潟,8,11,ＢＳＮ賞(L),ダ,1800,ベルイストワール,牝,杉原誠人,松尾卓哉,美,ミッキーグローリー,1,新潟ダ1800,1,R8.8.29,ベルイストワール46262,ベルイストワール46260,ベルイストワール46261,ベルイストワール46256,ベルイストワール46257,ベルイストワール46249,ベルイストワール46250,65.5,15.3,15.5,54.6,13.1,13.2,64.6,15.5,15.8,55.8,12.4,13.2,53.9,12.2,12.9,13.9,14.9,なし,なし,なし,なし,なし,なし,なし,なし,なし,なし,なし,なし,なし,なし,なし,なし,なし,なし,なし,なし,なし,なし,なし,なし,なし,×,なし,×,×,なし,×,なし,なし,×,なし,×,×,なし,×,なし,なし,なし,なし,87,差,8,2.02608E+17,21100606
20260829,新潟,9,1,１勝ｸﾗｽ,芝,2200,ダンシングアウェイ,牡,小崎綾也,柄崎将寿,美,ジャスタウェイ,2,新潟芝2200,1,R8.8.29,ダンシングアウェイ46262,ダンシングアウェイ46260,ダンシングアウェイ46261,ダンシングアウェイ46256,ダンシングアウェイ46257,ダンシングアウェイ46249,ダンシングアウェイ46250,なし,なし,なし,なし,なし,なし,57.2,12.8,13.7,なし,なし,なし,55.2,12.4,13.4,14.1,15.3,なし,なし,なし,なし,なし,なし,なし,12.3,なし,なし,なし,なし,なし,なし,なし,なし,なし,なし,なし,なし,なし,なし,なし,なし,なし,×,なし,×,×,なし,×,なし,なし,×,なし,×,×,なし,×,なし,なし,なし,なし,87,先,1,2.02608E+17,23102336
20260829,新潟,9,2,１勝ｸﾗｽ,芝,2200,プレイザリード,牡,田辺裕信,加藤士津,美,キズナ,2,新潟芝2200,1,R8.8.29,プレイザリード46262,プレイザリード46260,プレイザリード46261,プレイザリード46256,プレイザリード46257,プレイザリード46249,プレイザリード46250,なし,なし,なし,56.2,13.3,12.7,なし,なし,なし,55.9,12.6,14,52,12.2,12.5,13.8,13.5,なし,なし,なし,なし,なし,なし,なし,なし,なし,なし,なし,なし,なし,なし,なし,なし,なし,なし,なし,なし,TRUE,なし,なし,なし,なし,×,なし,×,×,なし,×,なし,なし,〇,なし,〇,×,なし,×,なし,なし,〇,なし,112,逃,2,2.02608E+17,23103471
20260829,新潟,9,3,１勝ｸﾗｽ,芝,2200,ディーンズリスター,セ,岩田康誠,斉藤崇史,栗,ディープインパクト,2,新潟芝2200,2,R8.8.29,ディーンズリスター46262,ディーンズリスター46260,ディーンズリスター46261,ディーンズリスター46256,ディーンズリスター46257,ディーンズリスター46249,ディーンズリスター46250,なし,なし,なし,なし,なし,なし,なし,なし,なし,なし,なし,なし,なし,なし,なし,なし,なし,なし,なし,なし,なし,なし,なし,なし,なし,なし,なし,なし,なし,なし,なし,なし,なし,なし,なし,なし,なし,FALSE,なし,なし,なし,なし,なし,なし,なし,なし,なし,なし,なし,なし,なし,なし,なし,なし,なし,なし,なし,なし,なし,なし,102,追,3,2.02608E+17,19105490
20260829,新潟,9,4,１勝ｸﾗｽ,芝,2200,シャインフリーリー,牡,柴田大知,深山雅史,美,ウインブライト,2,新潟芝2200,1,R8.8.29,シャインフリーリー46262,シャインフリーリー46260,シャインフリーリー46261,シャインフリーリー46256,シャインフリーリー46257,シャインフリーリー46249,シャインフリーリー46250,なし,なし,なし,なし,なし,なし,なし,なし,なし,なし,なし,なし,54,12.7,12.8,13.1,15.4,なし,なし,なし,なし,なし,なし,なし,なし,なし,なし,なし,なし,なし,なし,なし,なし,なし,なし,なし,なし,なし,なし,なし,なし,なし,×,なし,×,×,なし,×,なし,なし,×,なし,×,×,なし,×,なし,なし,なし,なし,91,先,4,2.02608E+17,22101495
20260829,新潟,9,5,１勝ｸﾗｽ,芝,2200,ノーマジック,牝,水沼元輝,戸田博文,美,ストロングリターン,2,新潟芝2200,1,R8.8.29,ノーマジック46262,ノーマジック46260,ノーマジック46261,ノーマジック46256,ノーマジック46257,ノーマジック46249,ノーマジック46250,なし,なし,なし,58.1,13.3,14.3,なし,なし,なし,58.2,13.4,14.7,69.7,17.4,16.8,17.3,18.2,なし,なし,なし,なし,なし,なし,なし,なし,なし,なし,なし,なし,12,52.5,67,なし,なし,なし,なし,なし,なし,×,なし,×,なし,×,なし,×,×,なし,×,なし,なし,×,なし,×,×,なし,×,なし,なし,なし,なし,91,差,4,2.02608E+17,21101166
20260829,新潟,9,6,１勝ｸﾗｽ,芝,2200,オプレントジュエル,牝,三浦皇成,中舘英二,美,ブリックスアンドモルタル,2,新潟芝2200,1,R8.8.29,オプレントジュエル46262,オプレントジュエル46260,オプレントジュエル46261,オプレントジュエル46256,オプレントジュエル46257,オプレントジュエル46249,オプレントジュエル46250,なし,なし,なし,69.8,16.8,17.1,70,16.1,17.1,なし,なし,なし,64.9,15,15.8,16.7,17.4,なし,なし,なし,なし,なし,なし,なし,なし,なし,なし,15.7,85.4,なし,なし,なし,なし,なし,なし,なし,なし,なし,なし,なし,なし,なし,×,なし,×,×,なし,×,なし,なし,×,なし,×,×,なし,×,なし,なし,なし,なし,111,先,5,2.02608E+17,22105365
20260829,新潟,9,7,１勝ｸﾗｽ,芝,2200,ミッドセンチュリー,牡,嶋田純次,松山将樹,美,トゥザグローリー,2,新潟芝2200,1,R8.8.29,ミッドセンチュリー46262,ミッドセンチュリー46260,ミッドセンチュリー46261,ミッドセンチュリー46256,ミッドセンチュリー46257,ミッドセンチュリー46249,ミッドセンチュリー46250,なし,なし,なし,なし,なし,なし,69.7,16,16.6,68.8,15.5,16.8,なし,なし,なし,なし,なし,なし,なし,なし,なし,なし,なし,なし,なし,なし,なし,なし,なし,12,53.6,69.2,なし,なし,なし,なし,なし,なし,×,なし,×,なし,なし,なし,なし,なし,なし,なし,なし,なし,なし,なし,なし,なし,なし,なし,なし,なし,なし,なし,101,先,5,2.02608E+17,22103308
20260829,新潟,9,8,１勝ｸﾗｽ,芝,2200,ゴンファロニエーレ,牡,戸崎圭太,田中博康,美,エピファネイア,2,新潟芝2200,1,R8.8.29,ゴンファロニエーレ46262,ゴンファロニエーレ46260,ゴンファロニエーレ46261,ゴンファロニエーレ46256,ゴンファロニエーレ46257,ゴンファロニエーレ46249,ゴンファロニエーレ46250,なし,なし,なし,なし,なし,なし,なし,なし,なし,なし,なし,なし,なし,なし,なし,なし,なし,なし,なし,なし,なし,なし,なし,13.5,12.5,なし,なし,11.6,68.6,11.8,52.8,67.6,なし,なし,なし,なし,なし,なし,〇,なし,〇,なし,なし,なし,なし,なし,なし,なし,なし,なし,なし,なし,なし,なし,なし,なし,なし,なし,なし,なし,108,先,6,2.02608E+17,23107093
20260829,新潟,9,9,１勝ｸﾗｽ,芝,2200,コウセイケンタロス,セ,上里直汰,和田雄二,美,ハービンジャー,2,新潟芝2200,1,R8.8.29,コウセイケンタロス46262,コウセイケンタロス46260,コウセイケンタロス46261,コウセイケンタロス46256,コウセイケンタロス46257,コウセイケンタロス46249,コウセイケンタロス46250,66.5,15.7,16.3,58.2,14,14.1,67.5,15.3,16.1,64.7,15.1,16.2,なし,なし,なし,なし,なし,なし,なし,なし,なし,なし,なし,なし,なし,なし,なし,なし,なし,12.6,53.9,68.3,なし,なし,なし,なし,なし,なし,×,なし,×,なし,なし,なし,なし,なし,なし,なし,なし,なし,なし,なし,なし,なし,なし,なし,なし,なし,なし,なし,83,追,6,2.02608E+17,22105461
20260829,新潟,9,10,１勝ｸﾗｽ,芝,2200,フォーグッド,セ,原優介,平岩大典,美,ディープインパクト,2,新潟芝2200,1,R8.8.29,フォーグッド46262,フォーグッド46260,フォーグッド46261,フォーグッド46256,フォーグッド46257,フォーグッド46249,フォーグッド46250,なし,なし,なし,なし,なし,なし,なし,なし,なし,なし,なし,なし,なし,なし,なし,なし,なし,なし,なし,なし,なし,なし,なし,なし,13.3,なし,なし,11.9,71.4,11.6,52.4,67.9,なし,なし,なし,なし,なし,なし,〇,なし,〇,なし,なし,なし,なし,なし,なし,なし,なし,なし,なし,なし,なし,なし,なし,なし,なし,なし,なし,なし,99,追,7,2.02608E+17,19105076
20260829,新潟,9,11,１勝ｸﾗｽ,芝,2200,ランブルスコ,牡,ルメール,蛯名正義,美,キタサンブラック,2,新潟芝2200,1,R8.8.29,ランブルスコ46262,ランブルスコ46260,ランブルスコ46261,ランブルスコ46256,ランブルスコ46257,ランブルスコ46249,ランブルスコ46250,66.9,15.8,16.4,なし,なし,なし,67.9,15.8,16.7,なし,なし,なし,なし,なし,なし,なし,なし,なし,なし,なし,なし,なし,なし,なし,12.9,なし,なし,12.8,0,12,54.2,70.2,なし,なし,なし,なし,なし,なし,×,なし,×,なし,なし,なし,なし,なし,なし,なし,なし,なし,なし,なし,なし,なし,なし,なし,なし,なし,なし,なし,116,差,7,2.02608E+17,23107013
20260829,新潟,9,12,１勝ｸﾗｽ,芝,2200,テイキットイージー,牡,武藤雅,萱野浩二,美,ゴールドシップ,2,新潟芝2200,1,R8.8.29,テイキットイージー46262,テイキットイージー46260,テイキットイージー46261,テイキットイージー46256,テイキットイージー46257,テイキットイージー46249,テイキットイージー46250,なし,なし,なし,なし,なし,なし,なし,なし,なし,なし,なし,なし,なし,なし,なし,なし,なし,なし,なし,なし,なし,なし,なし,なし,なし,なし,なし,14.6,79.9,11.7,52.7,67.6,なし,なし,なし,なし,なし,なし,〇,なし,〇,なし,なし,なし,なし,なし,なし,なし,なし,なし,なし,なし,なし,なし,なし,なし,なし,なし,なし,なし,88,追,8,2.02608E+17,21101088
20260829,新潟,9,13,１勝ｸﾗｽ,芝,2200,マイネルリーヒム,牡,菊沢一樹,武市康男,美,ゴールドシップ,2,新潟芝2200,1,R8.8.29,マイネルリーヒム46262,マイネルリーヒム46260,マイネルリーヒム46261,マイネルリーヒム46256,マイネルリーヒム46257,マイネルリーヒム46249,マイネルリーヒム46250,なし,なし,なし,68.5,17.4,17.2,なし,なし,なし,65.1,16.3,15.8,69.5,16.8,16.9,17.9,17.9,なし,なし,なし,なし,なし,なし,なし,なし,なし,なし,なし,なし,11.9,54.8,69.2,なし,なし,なし,なし,なし,なし,〇,なし,〇,なし,×,なし,×,×,なし,×,なし,なし,×,なし,×,×,なし,×,なし,なし,なし,なし,106,逃,8,2.02608E+17,23104485
20260829,新潟,10,1,１勝ｸﾗｽ,芝,1400,ビリオネアボーイ,牡,丸田恭介,武市康男,美,American Pharoah,2,新潟芝1400,1,R8.8.29,ビリオネアボーイ46262,ビリオネアボーイ46260,ビリオネアボーイ46261,ビリオネアボーイ46256,ビリオネアボーイ46257,ビリオネアボーイ46249,ビリオネアボーイ46250,なし,なし,なし,なし,なし,なし,なし,なし,なし,なし,なし,なし,なし,なし,なし,なし,なし,なし,なし,なし,なし,なし,なし,なし,なし,なし,なし,なし,なし,12,52.2,66.2,なし,なし,なし,なし,なし,なし,×,なし,×,なし,なし,なし,なし,なし,なし,なし,なし,なし,なし,なし,なし,なし,なし,なし,なし,なし,なし,なし,0,逃,1,2.02608E+17,22110094
20260829,新潟,10,2,１勝ｸﾗｽ,芝,1400,アルシャンティ,牝,杉原誠人,室井潔,美,バゴ,2,新潟芝1400,1,R8.8.29,アルシャンティ46262,アルシャンティ46260,アルシャンティ46261,アルシャンティ46256,アルシャンティ46257,アルシャンティ46249,アルシャンティ46250,70,17,17.2,59.8,14.8,14.6,68.7,17.2,16.8,58.5,13.6,14.9,なし,なし,なし,なし,なし,なし,なし,なし,なし,なし,なし,なし,なし,なし,なし,なし,なし,11.5,54,69.2,なし,なし,なし,なし,なし,なし,〇,なし,〇,なし,なし,なし,なし,なし,なし,なし,なし,なし,なし,なし,なし,なし,なし,なし,なし,なし,なし,なし,90,先,1,2.02608E+17,22102978
20260829,新潟,10,3,１勝ｸﾗｽ,芝,1400,キャトルエピス,牝,ミシェル,栗田徹,美,キズナ,2,新潟芝1400,1,R8.8.29,キャトルエピス46262,キャトルエピス46260,キャトルエピス46261,キャトルエピス46256,キャトルエピス46257,キャトルエピス46249,キャトルエピス46250,なし,なし,なし,なし,なし,なし,65.1,16.3,16,57.6,13.2,14.1,53.9,12.6,12.8,13.7,14.8,なし,なし,なし,なし,なし,なし,なし,12.6,なし,なし,なし,なし,なし,なし,なし,なし,なし,なし,なし,なし,なし,なし,なし,なし,なし,×,なし,×,×,なし,×,なし,なし,×,なし,×,×,なし,×,なし,なし,なし,なし,101,逃,2,2.02608E+17,22105293
20260829,新潟,10,4,１勝ｸﾗｽ,芝,1400,ソードスレイプニル,牝,今村聖奈,鈴木慎太,美,インディチャンプ,2,新潟芝1400,1,R8.8.29,ソードスレイプニル46262,ソードスレイプニル46260,ソードスレイプニル46261,ソードスレイプニル46256,ソードスレイプニル46257,ソードスレイプニル46249,ソードスレイプニル46250,なし,なし,なし,59.3,14.1,14.2,65.5,16.7,15.7,56.8,13.4,13.8,なし,なし,なし,なし,なし,なし,なし,なし,なし,なし,なし,なし,なし,なし,なし,なし,なし,11.4,50.9,65.3,なし,なし,なし,なし,なし,なし,〇,なし,〇,なし,なし,なし,なし,なし,なし,なし,なし,なし,なし,なし,なし,なし,なし,なし,なし,なし,なし,なし,106,差,2,2.02608E+17,23103942
20260829,新潟,10,5,１勝ｸﾗｽ,芝,1400,メイリー,牝,武藤雅,鈴木慎太,美,タワーオブロンドン,2,新潟芝1400,1,R8.8.29,メイリー46262,メイリー46260,メイリー46261,メイリー46256,メイリー46257,メイリー46249,メイリー46250,69.1,16.1,16.6,68.3,16.6,16.4,なし,なし,なし,64.6,15.2,15.4,なし,なし,なし,なし,なし,なし,なし,なし,なし,なし,なし,なし,なし,なし,なし,なし,なし,12.2,53.8,69.3,なし,なし,なし,なし,なし,なし,×,なし,×,なし,なし,なし,なし,なし,なし,なし,なし,なし,なし,なし,なし,なし,なし,なし,なし,なし,なし,なし,101,先,3,2.02608E+17,22106741
20260829,新潟,10,6,１勝ｸﾗｽ,芝,1400,タイセイフレッサ,牝,戸崎圭太,斎藤誠,美,キズナ,2,新潟芝1400,1,R8.8.29,タイセイフレッサ46262,タイセイフレッサ46260,タイセイフレッサ46261,タイセイフレッサ46256,タイセイフレッサ46257,タイセイフレッサ46249,タイセイフレッサ46250,62.6,14.8,15.7,58.1,13.9,14.2,68.7,16.8,17.2,58.2,13.7,14.9,52.7,12.4,13.1,13.4,13.8,なし,なし,なし,なし,なし,なし,なし,なし,なし,なし,なし,なし,なし,なし,なし,なし,なし,なし,なし,なし,FALSE,なし,なし,なし,なし,×,なし,×,×,なし,×,なし,なし,〇,なし,〇,×,なし,×,なし,なし,なし,なし,110,差,3,2.02608E+17,23100914
20260829,新潟,10,7,１勝ｸﾗｽ,芝,1400,ベレーバスク,牝,丸山元気,清水英克,美,ベンバトル,2,新潟芝1400,1,R8.8.29,ベレーバスク46262,ベレーバスク46260,ベレーバスク46261,ベレーバスク46256,ベレーバスク46257,ベレーバスク46249,ベレーバスク46250,なし,なし,なし,なし,なし,なし,なし,なし,なし,なし,なし,なし,なし,なし,なし,なし,なし,なし,なし,なし,なし,なし,なし,なし,なし,なし,なし,なし,なし,11.6,53.3,69.2,なし,なし,なし,なし,なし,なし,〇,なし,〇,なし,なし,なし,なし,なし,なし,なし,なし,なし,なし,なし,なし,なし,なし,なし,なし,なし,なし,なし,115,差,4,2.02608E+17,23106477
20260829,新潟,10,8,１勝ｸﾗｽ,芝,1400,フェーダーローター,牝,柴田大知,天間昭一,美,ベンバトル,2,新潟芝1400,1,R8.8.29,フェーダーローター46262,フェーダーローター46260,フェーダーローター46261,フェーダーローター46256,フェーダーローター46257,フェーダーローター46249,フェーダーローター46250,なし,なし,なし,なし,なし,なし,なし,なし,なし,なし,なし,なし,なし,なし,なし,なし,なし,なし,なし,なし,なし,なし,なし,なし,なし,なし,なし,なし,なし,12.8,56.1,71.6,なし,なし,なし,なし,なし,なし,×,なし,×,なし,なし,なし,なし,なし,なし,なし,なし,なし,なし,なし,なし,なし,なし,なし,なし,なし,なし,なし,89,差,4,2.02608E+17,23106484
20260829,新潟,10,9,１勝ｸﾗｽ,芝,1400,ライネリーベ,牝,ルメール,木村哲也,美,サトノダイヤモンド,2,新潟芝1400,1,R8.8.29,ライネリーベ46262,ライネリーベ46260,ライネリーベ46261,ライネリーベ46256,ライネリーベ46257,ライネリーベ46249,ライネリーベ46250,なし,なし,なし,55.2,12.3,13.2,なし,なし,なし,53.5,12.1,12.7,なし,なし,なし,なし,なし,なし,なし,なし,なし,なし,なし,16,なし,なし,なし,なし,なし,11.6,53.8,68.7,なし,なし,なし,なし,なし,FALSE,〇,なし,〇,なし,なし,なし,なし,なし,なし,なし,なし,なし,なし,なし,なし,なし,なし,なし,なし,なし,なし,なし,116,先,5,2.02608E+17,22105184
20260829,新潟,10,10,１勝ｸﾗｽ,芝,1400,ワカミヤイリオス,セ,水沼元輝,西田雄一,美,ルヴァンスレーヴ,2,新潟芝1400,1,R8.8.29,ワカミヤイリオス46262,ワカミヤイリオス46260,ワカミヤイリオス46261,ワカミヤイリオス46256,ワカミヤイリオス46257,ワカミヤイリオス46249,ワカミヤイリオス46250,なし,なし,なし,55,15.2,13.7,なし,なし,なし,なし,なし,なし,なし,なし,なし,なし,なし,なし,なし,なし,なし,なし,なし,なし,なし,なし,なし,なし,なし,12.6,51.6,66.2,なし,なし,なし,なし,なし,なし,×,なし,×,なし,なし,なし,なし,なし,なし,なし,なし,なし,なし,なし,なし,なし,なし,なし,なし,なし,なし,なし,0,差,5,2.02608E+17,22101032
20260829,新潟,10,11,１勝ｸﾗｽ,芝,1400,ダイユウルミナス,牝,小崎綾也,松永康利,美,ダノンスマッシュ,2,新潟芝1400,1,R8.8.29,ダイユウルミナス46262,ダイユウルミナス46260,ダイユウルミナス46261,ダイユウルミナス46256,ダイユウルミナス46257,ダイユウルミナス46249,ダイユウルミナス46250,なし,なし,なし,62.4,15.3,14.5,67.7,15.9,16.5,58.9,12.9,13.8,なし,なし,なし,なし,なし,なし,なし,なし,なし,なし,なし,なし,なし,なし,なし,なし,なし,11.7,53.7,69.9,なし,なし,なし,なし,なし,なし,〇,なし,〇,なし,なし,なし,なし,なし,なし,なし,なし,なし,なし,なし,なし,なし,なし,なし,なし,なし,なし,なし,99,追,6,2.02608E+17,23106299
20260829,新潟,10,12,１勝ｸﾗｽ,芝,1400,カシノリアーナ,牝,谷原柚希,天間昭一,美,サトノクラウン,2,新潟芝1400,1,R8.8.29,カシノリアーナ46262,カシノリアーナ46260,カシノリアーナ46261,カシノリアーナ46256,カシノリアーナ46257,カシノリアーナ46249,カシノリアーナ46250,なし,なし,なし,60.6,15,15.1,68.5,16.6,16.7,62.7,15.9,16.1,なし,なし,なし,なし,なし,なし,なし,なし,なし,なし,なし,なし,なし,なし,なし,なし,なし,13.9,56.8,73.5,なし,なし,なし,なし,なし,なし,×,なし,×,なし,なし,なし,なし,なし,なし,なし,なし,なし,なし,なし,なし,なし,なし,なし,なし,なし,なし,なし,86,追,6,2.02608E+17,23100421
20260829,新潟,10,13,１勝ｸﾗｽ,芝,1400,サーロー,牝,原優介,勢司和浩,美,ヘンリーバローズ,2,新潟芝1400,1,R8.8.29,サーロー46262,サーロー46260,サーロー46261,サーロー46256,サーロー46257,サーロー46249,サーロー46250,なし,なし,なし,なし,なし,なし,なし,なし,なし,なし,なし,なし,なし,なし,なし,なし,なし,なし,なし,なし,なし,なし,なし,なし,13.9,なし,なし,13.2,72.7,11.5,52.7,67.3,なし,なし,なし,なし,なし,なし,〇,なし,〇,なし,なし,なし,なし,なし,なし,なし,なし,なし,なし,なし,なし,なし,なし,なし,なし,なし,なし,なし,102,差,7,2.02608E+17,23103873
20260829,新潟,10,14,１勝ｸﾗｽ,芝,1400,ホットゥトロット,牡,大野拓弥,堀内岳志,美,インディチャンプ,2,新潟芝1400,1,R8.8.29,ホットゥトロット46262,ホットゥトロット46260,ホットゥトロット46261,ホットゥトロット46256,ホットゥトロット46257,ホットゥトロット46249,ホットゥトロット46250,なし,なし,なし,なし,なし,なし,なし,なし,なし,なし,なし,なし,なし,なし,なし,なし,なし,なし,なし,なし,なし,なし,なし,なし,11.7,なし,なし,12,73.7,11.5,55.4,71,なし,なし,なし,なし,なし,なし,〇,なし,〇,なし,なし,なし,なし,なし,なし,なし,なし,なし,なし,なし,なし,なし,なし,なし,なし,なし,なし,なし,99,追,7,2.02608E+17,23106325
20260829,新潟,10,15,１勝ｸﾗｽ,芝,1400,ディサイドオンミー,牝,上里直汰,堀内岳志,美,ベンバトル,2,新潟芝1400,1,R8.8.29,ディサイドオンミー46262,ディサイドオンミー46260,ディサイドオンミー46261,ディサイドオンミー46256,ディサイドオンミー46257,ディサイドオンミー46249,ディサイドオンミー46250,なし,なし,なし,なし,なし,なし,なし,なし,なし,なし,なし,なし,なし,なし,なし,なし,なし,なし,なし,なし,なし,なし,なし,なし,なし,なし,なし,なし,なし,なし,なし,なし,なし,なし,なし,なし,なし,なし,なし,なし,なし,なし,なし,なし,なし,なし,なし,なし,なし,なし,なし,なし,なし,なし,なし,なし,なし,なし,なし,なし,76,逃,7,2.02608E+17,23103518
20260829,新潟,10,16,１勝ｸﾗｽ,芝,1400,リラベガ,牝,菊沢一樹,岩戸孝樹,美,タリスマニック,2,新潟芝1400,1,R8.8.29,リラベガ46262,リラベガ46260,リラベガ46261,リラベガ46256,リラベガ46257,リラベガ46249,リラベガ46250,67.5,16.7,16.2,56.8,12.5,13.6,66,15.7,16,55.5,12.7,13.2,なし,なし,なし,なし,なし,なし,なし,なし,なし,なし,なし,なし,なし,なし,なし,なし,なし,11.6,51.8,66.9,なし,なし,なし,なし,なし,なし,〇,なし,〇,なし,なし,なし,なし,なし,なし,なし,なし,なし,なし,なし,なし,なし,なし,なし,なし,なし,なし,なし,99,先,8,2.02608E+17,23106372
20260829,新潟,10,17,１勝ｸﾗｽ,芝,1400,ガミーヌ,牝,石神深道,水野貴広,美,フィエールマン,2,新潟芝1400,1,R8.8.29,ガミーヌ46262,ガミーヌ46260,ガミーヌ46261,ガミーヌ46256,ガミーヌ46257,ガミーヌ46249,ガミーヌ46250,なし,なし,なし,なし,なし,なし,なし,なし,なし,なし,なし,なし,なし,なし,なし,なし,なし,なし,なし,なし,なし,なし,なし,なし,なし,なし,なし,なし,なし,なし,なし,なし,なし,なし,なし,なし,なし,なし,なし,なし,なし,なし,なし,なし,なし,なし,なし,なし,なし,なし,なし,なし,なし,なし,なし,なし,なし,なし,なし,なし,102,差,8,2.02608E+17,23106468
20260829,新潟,10,18,１勝ｸﾗｽ,芝,1400,タイキオーベロン,牡,石田拓郎,高木登,美,ダノンレジェンド,2,新潟芝1400,1,R8.8.29,タイキオーベロン46262,タイキオーベロン46260,タイキオーベロン46261,タイキオーベロン46256,タイキオーベロン46257,タイキオーベロン46249,タイキオーベロン46250,なし,なし,なし,55.6,12.4,13.5,なし,なし,なし,56,12.1,13.5,53.8,12.3,12.4,14.1,15,なし,なし,なし,なし,なし,なし,なし,なし,なし,なし,なし,なし,なし,なし,なし,なし,なし,なし,なし,なし,なし,なし,なし,なし,なし,×,なし,×,×,なし,×,なし,なし,×,なし,×,×,なし,×,なし,なし,なし,なし,112,差,8,2.02608E+17,22103155
20260829,新潟,11,1,未勝利,芝,2000,ウィズアツインクル,牡,武藤雅,牧光二,美,ダノンバラード,2,新潟芝2000,1,R8.8.29,ウィズアツインクル46262,ウィズアツインクル46260,ウィズアツインクル46261,ウィズアツインクル46256,ウィズアツインクル46257,ウィズアツインクル46249,ウィズアツインクル46250,68.8,16.2,16.3,67.4,16.6,16,68.1,17.1,16.8,63.1,15.6,15.2,なし,なし,なし,なし,なし,なし,なし,なし,なし,なし,なし,なし,なし,なし,なし,なし,なし,11.7,52.9,67.8,なし,なし,なし,なし,なし,なし,〇,なし,〇,なし,なし,なし,なし,なし,なし,なし,なし,なし,なし,なし,なし,なし,なし,なし,なし,なし,なし,なし,98,逃,1,2.02608E+17,23102388
20260829,新潟,11,2,未勝利,芝,2000,ムーングレイル,セ,石神深道,森一誠,美,ミッキーアイル,2,新潟芝2000,1,R8.8.29,ムーングレイル46262,ムーングレイル46260,ムーングレイル46261,ムーングレイル46256,ムーングレイル46257,ムーングレイル46249,ムーングレイル46250,65.2,15.1,16.2,55.9,13.2,13.5,55,13.1,14,なし,なし,なし,なし,なし,なし,なし,なし,なし,なし,なし,なし,なし,なし,なし,なし,なし,なし,なし,なし,11.5,51.4,66.3,なし,なし,なし,なし,なし,FALSE,〇,なし,〇,なし,なし,なし,なし,なし,なし,なし,なし,なし,なし,なし,なし,なし,なし,なし,なし,なし,なし,なし,106,逃,1,2.02608E+17,23102843
20260829,新潟,11,3,未勝利,芝,2000,エリュグレイス,牝,戸崎圭太,和田勇介,美,エピファネイア,2,新潟芝2000,1,R8.8.29,エリュグレイス46262,エリュグレイス46260,エリュグレイス46261,エリュグレイス46256,エリュグレイス46257,エリュグレイス46249,エリュグレイス46250,なし,なし,なし,なし,なし,なし,なし,なし,なし,なし,なし,なし,なし,なし,なし,なし,なし,なし,なし,なし,なし,なし,なし,なし,13.6,なし,なし,11.9,65.3,11.8,54.5,69.8,なし,なし,なし,なし,なし,なし,〇,なし,〇,なし,なし,なし,なし,なし,なし,なし,なし,なし,なし,なし,なし,なし,なし,なし,なし,なし,なし,なし,112,差,2,2.02608E+17,23103467
20260829,新潟,11,4,未勝利,芝,2000,ジーナグレイス,牝,川須栄彦,田中勝春,美,キセキ,2,新潟芝2000,1,R8.8.29,ジーナグレイス46262,ジーナグレイス46260,ジーナグレイス46261,ジーナグレイス46256,ジーナグレイス46257,ジーナグレイス46249,ジーナグレイス46250,55.2,13.1,13.5,なし,なし,なし,なし,なし,なし,なし,なし,なし,なし,なし,なし,なし,なし,66.9,16,16.1,16.7,18.1,なし,なし,なし,なし,なし,なし,なし,なし,なし,なし,なし,なし,なし,なし,なし,なし,なし,なし,なし,なし,なし,×,×,なし,×,×,なし,なし,なし,×,×,なし,なし,なし,なし,なし,なし,なし,99,差,2,2.02608E+17,23107385
20260829,新潟,11,5,未勝利,芝,2000,グランフルス,牡,菊沢一樹,矢野英一,美,イスラボニータ,2,新潟芝2000,1,R8.8.29,グランフルス46262,グランフルス46260,グランフルス46261,グランフルス46256,グランフルス46257,グランフルス46249,グランフルス46250,なし,なし,なし,なし,なし,なし,なし,なし,なし,なし,なし,なし,なし,なし,なし,なし,なし,なし,なし,なし,なし,なし,なし,なし,なし,なし,なし,なし,なし,なし,なし,なし,なし,なし,なし,なし,なし,なし,なし,なし,なし,なし,なし,なし,なし,なし,なし,なし,なし,なし,なし,なし,なし,なし,なし,なし,なし,なし,なし,なし,94,追,3,2.02608E+17,23102434
20260829,新潟,11,6,未勝利,芝,2000,レインボーワールド,牝,野中悠太,畠山吉宏,美,トゥザワールド,2,新潟芝2000,1,R8.8.29,レインボーワールド46262,レインボーワールド46260,レインボーワールド46261,レインボーワールド46256,レインボーワールド46257,レインボーワールド46249,レインボーワールド46250,63.2,15.8,15.1,なし,なし,なし,69.6,17,17,62.1,14.7,15,なし,なし,なし,なし,なし,なし,なし,なし,なし,なし,なし,なし,13.1,なし,なし,なし,なし,11.7,52.8,67.8,なし,なし,なし,なし,なし,なし,〇,なし,〇,なし,なし,なし,なし,なし,なし,なし,なし,なし,なし,なし,なし,なし,なし,なし,なし,なし,なし,なし,93,先,3,2.02608E+17,23100891
20260829,新潟,11,7,未勝利,芝,2000,ミリオングローリー,牡,丸山元気,蛯名正義,美,ミッキーグローリー,2,新潟芝2000,1,R8.8.29,ミリオングローリー46262,ミリオングローリー46260,ミリオングローリー46261,ミリオングローリー46256,ミリオングローリー46257,ミリオングローリー46249,ミリオングローリー46250,なし,なし,なし,なし,なし,なし,なし,なし,なし,65.2,15.9,16,55.6,12.7,13.4,14.3,15.2,なし,なし,なし,なし,なし,なし,なし,なし,なし,なし,なし,なし,なし,なし,なし,なし,なし,なし,なし,なし,なし,なし,なし,なし,なし,×,なし,×,×,なし,×,なし,なし,×,なし,×,×,なし,×,なし,なし,なし,なし,106,差,4,2.02608E+17,23102386
20260829,新潟,11,8,未勝利,芝,2000,スイートハイデン,牝,岩田康誠,菊川正達,美,ロジャーバローズ,2,新潟芝2000,1,R8.8.29,スイートハイデン46262,スイートハイデン46260,スイートハイデン46261,スイートハイデン46256,スイートハイデン46257,スイートハイデン46249,スイートハイデン46250,なし,なし,なし,なし,なし,なし,なし,なし,なし,59.2,14.9,15,なし,なし,なし,なし,なし,なし,なし,なし,なし,なし,なし,なし,なし,なし,なし,なし,なし,12.3,53.3,68.1,なし,なし,なし,なし,なし,なし,×,なし,×,なし,なし,なし,なし,なし,なし,なし,なし,なし,なし,なし,なし,なし,なし,なし,なし,なし,なし,なし,104,差,4,2.02608E+17,23104025
20260829,新潟,11,9,未勝利,芝,2000,ヘルヴィッツ,牡,小崎綾也,柄崎将寿,美,ミスターメロディ,2,新潟芝2000,1,R8.8.29,ヘルヴィッツ46262,ヘルヴィッツ46260,ヘルヴィッツ46261,ヘルヴィッツ46256,ヘルヴィッツ46257,ヘルヴィッツ46249,ヘルヴィッツ46250,69.7,16.2,17,66.1,15.8,16.1,なし,なし,なし,66.6,15,15.5,54.6,12.4,13.3,13.9,15,なし,なし,なし,なし,なし,なし,なし,なし,なし,なし,なし,なし,なし,なし,なし,なし,なし,なし,なし,なし,なし,なし,なし,なし,なし,×,なし,×,×,なし,×,なし,なし,×,なし,×,×,なし,×,なし,なし,なし,なし,101,差,5,2.02608E+17,23100534
20260829,新潟,11,10,未勝利,芝,2000,ノブステップ,牡,石田拓郎,田中勝春,美,ダノンキングリー,2,新潟芝2000,1,R8.8.29,ノブステップ46262,ノブステップ46260,ノブステップ46261,ノブステップ46256,ノブステップ46257,ノブステップ46249,ノブステップ46250,なし,なし,なし,なし,なし,なし,65.3,15.7,16,64.3,16.2,15.4,59.4,14.5,14.9,14.6,15.4,なし,なし,なし,なし,なし,なし,なし,なし,なし,なし,なし,なし,なし,なし,なし,なし,なし,なし,なし,なし,なし,なし,なし,なし,なし,×,なし,×,×,なし,×,なし,なし,×,なし,×,〇,なし,〇,なし,なし,×,×,91,追,5,2.02608E+17,23103955
20260829,新潟,11,11,未勝利,芝,2000,ヤマニンリンキング,牡,大野拓弥,辻哲英,美,ディーマジェスティ,2,新潟芝2000,1,R8.8.29,ヤマニンリンキング46262,ヤマニンリンキング46260,ヤマニンリンキング46261,ヤマニンリンキング46256,ヤマニンリンキング46257,ヤマニンリンキング46249,ヤマニンリンキング46250,なし,なし,なし,69.9,16.3,17.1,69.7,15.6,17.1,なし,なし,なし,57.3,13.3,13.4,14.8,15.8,なし,なし,なし,なし,なし,なし,なし,なし,なし,なし,なし,なし,なし,なし,なし,なし,なし,なし,なし,なし,なし,なし,なし,なし,なし,×,なし,×,×,なし,×,なし,なし,×,なし,×,〇,なし,〇,なし,なし,×,×,102,追,6,2.02608E+17,23104359
20260829,新潟,11,12,未勝利,芝,2000,イベリスアマラ,牡,内田博幸,高橋文雅,美,オルフェーヴル,2,新潟芝2000,1,R8.8.29,イベリスアマラ46262,イベリスアマラ46260,イベリスアマラ46261,イベリスアマラ46256,イベリスアマラ46257,イベリスアマラ46249,イベリスアマラ46250,なし,なし,なし,67.3,16.7,15.8,67.8,16.6,15.7,69.1,16.1,16.2,67.9,17,16.4,17.2,17.3,なし,なし,なし,なし,なし,なし,なし,なし,なし,なし,11.5,71.5,11.7,53.5,69,なし,なし,なし,なし,なし,なし,〇,なし,〇,なし,×,なし,×,×,なし,×,なし,なし,×,なし,×,×,なし,×,なし,なし,なし,なし,97,差,6,2.02608E+17,23106870
20260829,新潟,11,13,未勝利,芝,2000,イノーマル,牡,三浦皇成,高柳瑞樹,美,コントレイル,2,新潟芝2000,1,R8.8.29,イノーマル46262,イノーマル46260,イノーマル46261,イノーマル46256,イノーマル46257,イノーマル46249,イノーマル46250,なし,なし,なし,なし,なし,なし,なし,なし,なし,68.4,16.9,16.9,なし,なし,なし,なし,なし,なし,なし,なし,なし,なし,なし,なし,なし,なし,なし,なし,なし,12.5,53.3,67.8,なし,なし,なし,なし,なし,なし,×,なし,×,なし,なし,なし,なし,なし,なし,なし,なし,なし,なし,なし,なし,なし,なし,なし,なし,なし,なし,なし,100,　,7,2.02608E+17,23105014
20260829,新潟,11,14,未勝利,芝,2000,マイネルアルゴー,牡,柴田大知,清水英克,美,スクリーンヒーロー,2,新潟芝2000,1,R8.8.29,マイネルアルゴー46262,マイネルアルゴー46260,マイネルアルゴー46261,マイネルアルゴー46256,マイネルアルゴー46257,マイネルアルゴー46249,マイネルアルゴー46250,なし,なし,なし,なし,なし,なし,なし,なし,なし,なし,なし,なし,なし,なし,なし,なし,なし,なし,なし,なし,なし,なし,なし,なし,なし,なし,なし,11.6,68,12,52.6,67.6,なし,なし,なし,なし,なし,なし,×,なし,×,なし,なし,なし,なし,なし,なし,なし,なし,なし,なし,なし,なし,なし,なし,なし,なし,なし,なし,なし,86,差,7,2.02608E+17,23106462
20260829,新潟,11,15,未勝利,芝,2000,レッドレガリア,牡,ルメール,木村哲也,美,エピファネイア,2,新潟芝2000,1,R8.8.29,レッドレガリア46262,レッドレガリア46260,レッドレガリア46261,レッドレガリア46256,レッドレガリア46257,レッドレガリア46249,レッドレガリア46250,なし,なし,なし,55.6,12.8,13.4,なし,なし,なし,54.4,12.2,13.1,なし,なし,なし,なし,なし,なし,なし,なし,なし,なし,なし,なし,なし,なし,なし,なし,なし,11.6,53.7,69.3,なし,なし,なし,なし,なし,FALSE,〇,なし,〇,なし,なし,なし,なし,なし,なし,なし,なし,なし,なし,なし,なし,なし,なし,なし,なし,なし,なし,なし,127,差,7,2.02608E+17,23107340
20260829,新潟,11,16,未勝利,芝,2000,トーアシチフクジン,牡,ミシェル,村田一誠,美,ニューイヤーズデイ,2,新潟芝2000,1,R8.8.29,トーアシチフクジン46262,トーアシチフクジン46260,トーアシチフクジン46261,トーアシチフクジン46256,トーアシチフクジン46257,トーアシチフクジン46249,トーアシチフクジン46250,なし,なし,なし,なし,なし,なし,なし,なし,なし,58.6,13.8,14.4,なし,なし,なし,なし,なし,なし,なし,なし,なし,なし,なし,なし,なし,なし,なし,なし,なし,11.7,53.3,67.9,なし,なし,なし,なし,なし,なし,〇,なし,〇,なし,なし,なし,なし,なし,なし,なし,なし,なし,なし,なし,なし,なし,なし,なし,なし,なし,なし,なし,90,追,8,2.02608E+17,23103845
20260829,新潟,11,17,未勝利,芝,2000,コスモアルペジオ,牡,石橋脩,鹿戸雄一,美,ゴールドシップ,2,新潟芝2000,1,R8.8.29,コスモアルペジオ46262,コスモアルペジオ46260,コスモアルペジオ46261,コスモアルペジオ46256,コスモアルペジオ46257,コスモアルペジオ46249,コスモアルペジオ46250,なし,なし,なし,55,12.5,13.4,なし,なし,なし,55.3,12.4,12.9,なし,なし,なし,なし,なし,なし,なし,なし,なし,なし,なし,なし,なし,なし,なし,なし,なし,11.5,53.3,70.6,なし,なし,なし,なし,なし,FALSE,〇,なし,〇,なし,なし,なし,なし,なし,なし,なし,なし,なし,なし,なし,なし,なし,なし,なし,なし,なし,なし,なし,89,先,8,2.02608E+17,23106461
20260829,新潟,11,18,未勝利,芝,2000,ピースフルマインド,牝,原優介,伊坂重信,美,レイデオロ,2,新潟芝2000,1,R8.8.29,ピースフルマインド46262,ピースフルマインド46260,ピースフルマインド46261,ピースフルマインド46256,ピースフルマインド46257,ピースフルマインド46249,ピースフルマインド46250,なし,なし,なし,なし,なし,なし,なし,なし,なし,なし,なし,なし,なし,なし,なし,なし,なし,なし,なし,なし,なし,なし,なし,なし,なし,なし,なし,なし,なし,なし,なし,なし,なし,なし,なし,なし,なし,なし,なし,なし,なし,なし,なし,なし,なし,なし,なし,なし,なし,なし,なし,なし,なし,なし,なし,なし,なし,なし,なし,なし,103,先,8,2.02608E+17,23105298
20260829,新潟,12,1,未勝利,ダ,1200,ペイシャラム,牝,江田照男,菊川正達,美,オーヴァルエース,1,新潟ダ1200,1,R8.8.29,ペイシャラム46262,ペイシャラム46260,ペイシャラム46261,ペイシャラム46256,ペイシャラム46257,ペイシャラム46249,ペイシャラム46250,68.6,16.8,16.5,56.3,12.9,13.5,65,16.1,15.8,60,15.1,14.9,なし,なし,なし,なし,なし,なし,なし,なし,なし,なし,なし,なし,なし,なし,なし,なし,なし,11.9,51.9,67.2,なし,なし,なし,なし,なし,なし,〇,なし,〇,なし,なし,なし,なし,なし,なし,なし,なし,なし,なし,なし,なし,なし,なし,なし,なし,なし,なし,なし,88,追,1,2.02608E+17,23106132
20260829,新潟,12,2,未勝利,ダ,1200,リベラル,牝,佐藤翔馬,小手川準,美,ダノンスマッシュ,1,新潟ダ1200,1,R8.8.29,リベラル46262,リベラル46260,リベラル46261,リベラル46256,リベラル46257,リベラル46249,リベラル46250,68.4,15.4,16.1,55.9,12.9,13.8,なし,なし,なし,57,13.7,14.3,56.7,13.2,13.7,14.2,15.6,なし,なし,なし,なし,なし,なし,なし,なし,なし,なし,なし,なし,なし,なし,なし,なし,なし,なし,なし,なし,なし,なし,なし,なし,なし,×,なし,×,×,なし,×,なし,なし,×,なし,×,〇,なし,〇,なし,なし,×,×,0,　,2,2.02608E+17,23104623
20260829,新潟,12,3,未勝利,ダ,1200,エリースノー,牝,津村明秀,武市康男,美,サンダースノー,1,新潟ダ1200,1,R8.8.29,エリースノー46262,エリースノー46260,エリースノー46261,エリースノー46256,エリースノー46257,エリースノー46249,エリースノー46250,なし,なし,なし,なし,なし,なし,なし,なし,なし,52.5,12.7,12.8,55.5,12.5,13.3,14.6,15.1,なし,なし,なし,なし,なし,なし,なし,なし,なし,なし,なし,なし,なし,なし,なし,なし,なし,なし,なし,なし,なし,なし,なし,なし,なし,×,なし,×,×,なし,×,なし,なし,×,なし,×,×,なし,×,なし,なし,なし,なし,106,差,2,2.02608E+17,23103226
20260829,新潟,12,4,未勝利,ダ,1200,チュラヴェール,牝,大野拓弥,松山将樹,美,ホッコータルマエ,1,新潟ダ1200,1,R8.8.29,チュラヴェール46262,チュラヴェール46260,チュラヴェール46261,チュラヴェール46256,チュラヴェール46257,チュラヴェール46249,チュラヴェール46250,なし,なし,なし,なし,なし,なし,なし,なし,なし,なし,なし,なし,なし,なし,なし,なし,なし,なし,なし,なし,なし,なし,なし,なし,なし,なし,なし,なし,なし,なし,なし,なし,なし,なし,なし,なし,なし,なし,なし,なし,なし,なし,なし,なし,なし,なし,なし,なし,なし,なし,なし,なし,なし,なし,なし,なし,なし,なし,なし,なし,106,先,3,2.02608E+17,23104607
20260829,新潟,12,5,未勝利,ダ,1200,シカゴキャッツ,牡,木幡育也,新開幸一,美,エスポワールシチー,1,新潟ダ1200,1,R8.8.29,シカゴキャッツ46262,シカゴキャッツ46260,シカゴキャッツ46261,シカゴキャッツ46256,シカゴキャッツ46257,シカゴキャッツ46249,シカゴキャッツ46250,なし,なし,なし,62.2,14.2,15,69.2,17,16.5,64,15.2,14.7,58.6,15,13.9,14.3,15.4,なし,なし,なし,なし,なし,なし,なし,なし,なし,なし,なし,なし,なし,なし,なし,なし,なし,なし,なし,なし,なし,なし,なし,なし,なし,×,なし,×,×,なし,×,なし,なし,×,なし,×,〇,なし,〇,なし,なし,×,×,85,追,3,2.02608E+17,23102530
20260829,新潟,12,6,未勝利,ダ,1200,ペイシャダンシング,牝,原優介,粕谷昌央,美,オーヴァルエース,1,新潟ダ1200,1,R8.8.29,ペイシャダンシング46262,ペイシャダンシング46260,ペイシャダンシング46261,ペイシャダンシング46256,ペイシャダンシング46257,ペイシャダンシング46249,ペイシャダンシング46250,62.2,15.3,15,57.7,13.7,14,65.8,15.1,16.3,56.3,13.9,13.5,54.7,13.3,13,13.6,14.8,なし,なし,なし,なし,なし,なし,なし,なし,なし,なし,なし,なし,なし,なし,なし,なし,なし,なし,なし,なし,なし,なし,なし,なし,なし,×,なし,×,×,なし,×,なし,なし,×,なし,×,〇,なし,〇,なし,なし,×,×,89,　,4,2.02608E+17,23103126
20260829,新潟,12,7,未勝利,ダ,1200,ロンバスブレス,牝,上里直汰,石栗龍彦,美,イスラボニータ,1,新潟ダ1200,1,R8.8.29,ロンバスブレス46262,ロンバスブレス46260,ロンバスブレス46261,ロンバスブレス46256,ロンバスブレス46257,ロンバスブレス46249,ロンバスブレス46250,なし,なし,なし,なし,なし,なし,なし,なし,なし,なし,なし,なし,なし,なし,なし,なし,なし,なし,なし,なし,なし,なし,なし,なし,なし,なし,なし,なし,なし,12.8,56.5,72.4,なし,なし,なし,なし,なし,なし,×,なし,×,なし,なし,なし,なし,なし,なし,なし,なし,なし,なし,なし,なし,なし,なし,なし,なし,なし,なし,なし,110,差,4,2.02608E+17,23106053
20260829,新潟,12,8,未勝利,ダ,1200,ブライティアロード,牝,石橋脩,和田正一,美,ダノンスマッシュ,1,新潟ダ1200,1,R8.8.29,ブライティアロード46262,ブライティアロード46260,ブライティアロード46261,ブライティアロード46256,ブライティアロード46257,ブライティアロード46249,ブライティアロード46250,なし,なし,なし,60.1,14.4,14.9,なし,なし,なし,56.4,13.9,14,なし,なし,なし,なし,なし,なし,なし,なし,なし,なし,なし,なし,なし,なし,なし,なし,なし,11.5,54.8,71.7,なし,なし,なし,なし,なし,なし,〇,なし,〇,なし,なし,なし,なし,なし,なし,なし,なし,なし,なし,なし,なし,なし,なし,なし,なし,なし,なし,なし,87,追,5,2.02608E+17,23100573
20260829,新潟,12,9,未勝利,ダ,1200,サンシュノジンギ,牡,石田拓郎,奥村武,美,マインドユアビスケッツ,1,新潟ダ1200,1,R8.8.29,サンシュノジンギ46262,サンシュノジンギ46260,サンシュノジンギ46261,サンシュノジンギ46256,サンシュノジンギ46257,サンシュノジンギ46249,サンシュノジンギ46250,なし,なし,なし,60.7,14.3,15,68.7,18,16.5,なし,なし,なし,なし,なし,なし,なし,なし,なし,なし,なし,なし,なし,なし,なし,なし,なし,なし,12.1,71.3,11.8,53.4,68.2,なし,なし,なし,なし,なし,なし,〇,なし,〇,なし,なし,なし,なし,なし,なし,なし,なし,なし,なし,なし,なし,なし,なし,なし,なし,なし,なし,なし,85,追,5,2.02608E+17,23105554
20260829,新潟,12,10,未勝利,ダ,1200,ガヤーズベース,牡,野中悠太,田中勝春,美,フォーウィールドライブ,1,新潟ダ1200,1,R8.8.29,ガヤーズベース46262,ガヤーズベース46260,ガヤーズベース46261,ガヤーズベース46256,ガヤーズベース46257,ガヤーズベース46249,ガヤーズベース46250,67.4,15.7,16.5,56.9,13.5,13.8,なし,なし,なし,なし,なし,なし,55.7,13.7,13,13.7,15.3,なし,なし,なし,なし,なし,なし,なし,なし,11.9,70.5,なし,なし,なし,なし,なし,なし,なし,なし,なし,なし,なし,なし,なし,なし,なし,×,なし,×,×,なし,×,なし,なし,×,なし,×,〇,なし,〇,なし,なし,×,×,97,追,6,2.02608E+17,23105114
20260829,新潟,12,11,未勝利,ダ,1200,ケイツーキップ,牝,水沼元輝,清水英克,美,ラブリーデイ,1,新潟ダ1200,1,R8.8.29,ケイツーキップ46262,ケイツーキップ46260,ケイツーキップ46261,ケイツーキップ46256,ケイツーキップ46257,ケイツーキップ46249,ケイツーキップ46250,なし,なし,なし,なし,なし,なし,なし,なし,なし,なし,なし,なし,55.9,13,13.1,14.5,15.3,なし,なし,なし,なし,なし,なし,なし,なし,なし,なし,なし,なし,なし,なし,なし,なし,なし,なし,なし,なし,なし,なし,なし,なし,なし,×,なし,×,×,なし,×,なし,なし,×,なし,×,〇,なし,〇,なし,なし,×,×,97,差,6,2.02608E+17,23104497
20260829,新潟,12,12,未勝利,ダ,1200,カフェオドヴィー,牡,杉原誠人,古賀慎明,美,ヘニーヒューズ,1,新潟ダ1200,1,R8.8.29,カフェオドヴィー46262,カフェオドヴィー46260,カフェオドヴィー46261,カフェオドヴィー46256,カフェオドヴィー46257,カフェオドヴィー46249,カフェオドヴィー46250,なし,なし,なし,57.7,13.5,13.6,なし,なし,なし,56,12.5,13.5,なし,なし,なし,なし,なし,なし,なし,なし,なし,なし,なし,なし,なし,なし,なし,なし,なし,12.2,51.5,66.9,なし,なし,なし,なし,なし,なし,×,なし,×,なし,なし,なし,なし,なし,なし,なし,なし,なし,なし,なし,なし,なし,なし,なし,なし,なし,なし,なし,88,追,7,2.02608E+17,23106253
20260829,新潟,12,13,未勝利,ダ,1200,テラシエスタ,牡,小林脩斗,黒岩陽一,美,ジャスタウェイ,1,新潟ダ1200,1,R8.8.29,テラシエスタ46262,テラシエスタ46260,テラシエスタ46261,テラシエスタ46256,テラシエスタ46257,テラシエスタ46249,テラシエスタ46250,なし,なし,なし,なし,なし,なし,なし,なし,なし,なし,なし,なし,なし,なし,なし,なし,なし,なし,なし,なし,なし,なし,なし,なし,12.2,なし,なし,11.9,68.9,12.3,52.3,65.9,なし,なし,なし,なし,なし,なし,×,なし,×,なし,なし,なし,なし,なし,なし,なし,なし,なし,なし,なし,なし,なし,なし,なし,なし,なし,なし,なし,95,追,7,2.02608E+17,23102548
20260829,新潟,12,14,未勝利,ダ,1200,トリエンナーレ,牝,石神深道,森一誠,美,マインドユアビスケッツ,1,新潟ダ1200,1,R8.8.29,トリエンナーレ46262,トリエンナーレ46260,トリエンナーレ46261,トリエンナーレ46256,トリエンナーレ46257,トリエンナーレ46249,トリエンナーレ46250,65.2,15.4,16.2,57.5,13,13.9,63.4,15.1,15.3,57.4,13.1,13.5,なし,なし,なし,なし,なし,なし,なし,なし,なし,なし,なし,なし,なし,なし,なし,なし,なし,11.4,52.5,68.1,なし,なし,なし,なし,なし,FALSE,〇,なし,〇,なし,なし,なし,なし,なし,なし,なし,なし,なし,なし,なし,なし,なし,なし,なし,なし,なし,なし,なし,90,追,8,2.02608E+17,23103779
20260829,新潟,12,15,未勝利,ダ,1200,ライヴマティーニ,牝,谷原柚希,尾形和幸,美,ゴールドドリーム,1,新潟ダ1200,1,R8.8.29,ライヴマティーニ46262,ライヴマティーニ46260,ライヴマティーニ46261,ライヴマティーニ46256,ライヴマティーニ46257,ライヴマティーニ46249,ライヴマティーニ46250,68.6,18,16.7,なし,なし,なし,なし,なし,なし,なし,なし,なし,なし,なし,なし,なし,なし,なし,なし,なし,なし,なし,なし,16.3,12.1,なし,なし,なし,なし,なし,なし,なし,なし,なし,なし,なし,なし,なし,なし,なし,なし,なし,なし,なし,なし,なし,なし,なし,なし,なし,なし,なし,なし,なし,なし,なし,なし,なし,なし,なし,100,差,8,2.02608E+17,23102925
20260829,中京,1,1,未勝利*,芝,2000,エンルートフライト,牡,坂井瑠星,池添学,栗,コントレイル,2,中京芝2000,2,R8.8.29,エンルートフライト46262,エンルートフライト46260,エンルートフライト46261,エンルートフライト46256,エンルートフライト46257,エンルートフライト46249,エンルートフライト46250,なし,なし,なし,59.3,14.2,14.2,66.5,15.6,16.5,61.5,14.5,14.1,なし,なし,なし,なし,なし,なし,なし,なし,なし,なし,なし,なし,なし,なし,なし,なし,なし,11.7,55.1,70.2,なし,なし,なし,なし,なし,FALSE,〇,なし,〇,なし,なし,なし,なし,なし,なし,なし,なし,なし,なし,なし,なし,なし,なし,なし,なし,なし,なし,なし,119,　,1,2.02608E+17,24100037
20260829,中京,1,2,未勝利*,芝,2000,ブラックミューズ,牝,岩田望来,松永幹夫,栗,ミスターメロディ,2,中京芝2000,2,R8.8.29,ブラックミューズ46262,ブラックミューズ46260,ブラックミューズ46261,ブラックミューズ46256,ブラックミューズ46257,ブラックミューズ46249,ブラックミューズ46250,なし,なし,なし,なし,なし,なし,67.9,16.1,16.3,66.6,15.7,16.2,なし,なし,なし,なし,なし,なし,なし,なし,なし,なし,68.5,なし,なし,なし,なし,なし,なし,なし,なし,なし,なし,なし,なし,なし,なし,なし,なし,なし,なし,なし,なし,なし,なし,なし,なし,なし,68.5,×,なし,なし,なし,なし,なし,なし,なし,なし,なし,なし,112,差,2,2.02608E+17,24106131
20260829,中京,1,3,未勝利*,芝,2000,プッシュザリミット,牡,Ｍ．デム,柴田卓,栗,アールスター,2,中京芝2000,2,R8.8.29,プッシュザリミット46262,プッシュザリミット46260,プッシュザリミット46261,プッシュザリミット46256,プッシュザリミット46257,プッシュザリミット46249,プッシュザリミット46250,67.4,15.4,16,58.5,13,15.5,68.3,15.7,15.9,なし,なし,なし,54.8,13.1,12.6,14,15.1,なし,なし,なし,なし,なし,69.3,なし,なし,なし,なし,11.8,89.1,なし,なし,なし,なし,なし,なし,なし,なし,なし,なし,なし,なし,なし,×,なし,×,×,なし,×,69.3,×,×,なし,×,〇,なし,〇,なし,なし,×,×,93,追,3,2.02608E+17,24108113
20260829,中京,1,4,未勝利*,芝,2000,ディープナイト,牡,荻野琢真,牧田和弥,栗,シュヴァルグラン,2,中京芝2000,2,R8.8.29,ディープナイト46262,ディープナイト46260,ディープナイト46261,ディープナイト46256,ディープナイト46257,ディープナイト46249,ディープナイト46250,64.5,14.7,16.1,64,15,15.3,64.5,14.9,16,58.5,13.3,13.9,55.6,12.8,13.1,14.5,15.2,なし,なし,なし,なし,なし,69.3,なし,なし,なし,なし,なし,なし,なし,なし,なし,なし,なし,なし,なし,なし,なし,なし,なし,なし,なし,×,なし,×,×,なし,×,69.3,×,×,なし,×,×,なし,×,なし,なし,なし,なし,90,　,4,2.02608E+17,24100601
20260829,中京,1,5,未勝利*,芝,2000,レイデアルマス,牡,西村淳也,杉山佳明,栗,ドレフォン,2,中京芝2000,2,R8.8.29,レイデアルマス46262,レイデアルマス46260,レイデアルマス46261,レイデアルマス46256,レイデアルマス46257,レイデアルマス46249,レイデアルマス46250,なし,なし,なし,なし,なし,なし,なし,なし,なし,57.5,12.7,14.1,55.4,12.9,13.3,13.7,15.5,なし,なし,なし,なし,なし,なし,14,11.3,なし,なし,なし,なし,なし,なし,なし,なし,なし,なし,なし,なし,なし,なし,なし,なし,なし,×,なし,×,×,なし,×,なし,なし,×,なし,×,×,なし,×,なし,なし,なし,なし,105,先,5,2.02608E+17,24106436
20260829,中京,1,6,未勝利*,芝,2000,ピュアノーブル,牝,菱田裕二,岡田稲男,栗,リオンディーズ,2,中京芝2000,2,R8.8.29,ピュアノーブル46262,ピュアノーブル46260,ピュアノーブル46261,ピュアノーブル46256,ピュアノーブル46257,ピュアノーブル46249,ピュアノーブル46250,なし,なし,なし,69.5,16.6,16.8,67.4,15.1,16.1,なし,なし,なし,なし,なし,なし,なし,なし,なし,なし,なし,なし,なし,66.2,なし,なし,なし,なし,14.4,78,11.8,53.6,68.8,なし,なし,なし,なし,なし,なし,〇,なし,〇,なし,なし,なし,なし,なし,なし,なし,66.2,×,なし,なし,なし,なし,なし,なし,なし,なし,なし,なし,96,　,6,2.02608E+17,24105997
20260829,中京,1,7,未勝利*,芝,2000,マンナット,牡,川田将雅,斉藤崇史,栗,キズナ,2,中京芝2000,2,R8.8.29,マンナット46262,マンナット46260,マンナット46261,マンナット46256,マンナット46257,マンナット46249,マンナット46250,なし,なし,なし,59.3,12.1,13.2,なし,なし,なし,なし,なし,なし,なし,なし,なし,なし,なし,なし,なし,なし,なし,なし,69.5,なし,なし,なし,なし,なし,なし,なし,なし,なし,なし,なし,なし,なし,なし,FALSE,なし,なし,なし,なし,なし,なし,なし,なし,なし,なし,69.5,×,なし,なし,なし,なし,なし,なし,なし,なし,なし,なし,102,　,6,2.02608E+17,24100654
20260829,中京,1,8,未勝利*,芝,2000,ハルカカナタ,牝,幸英明,秋山真一,栗,ドレフォン,2,中京芝2000,2,R8.8.29,ハルカカナタ46262,ハルカカナタ46260,ハルカカナタ46261,ハルカカナタ46256,ハルカカナタ46257,ハルカカナタ46249,ハルカカナタ46250,69.7,15.6,16.6,なし,なし,なし,69.1,16.9,17.2,なし,なし,なし,なし,なし,なし,なし,なし,なし,なし,なし,なし,なし,68.4,なし,なし,なし,なし,なし,なし,11.3,56.3,73.9,なし,なし,なし,なし,なし,なし,〇,なし,〇,なし,なし,なし,なし,なし,なし,なし,68.4,×,なし,なし,なし,なし,なし,なし,なし,なし,なし,なし,90,追,7,2.02608E+17,24106310
20260829,中京,1,9,未勝利*,芝,2000,ゴルディアス,牡,松若風馬,小崎憲,栗,ゴールドシップ,2,中京芝2000,2,R8.8.29,ゴルディアス46262,ゴルディアス46260,ゴルディアス46261,ゴルディアス46256,ゴルディアス46257,ゴルディアス46249,ゴルディアス46250,65.6,16.5,16,54.9,13.2,13.3,65.6,16.1,16.1,55.1,13.4,13.3,52.4,12.9,12.8,12.8,13.9,なし,なし,なし,なし,なし,なし,なし,なし,なし,なし,なし,なし,なし,なし,なし,なし,なし,なし,なし,なし,なし,なし,なし,なし,なし,×,なし,×,×,なし,×,なし,なし,〇,なし,〇,×,なし,×,なし,なし,なし,なし,98,差,7,2.02608E+17,24101754
20260829,中京,1,10,未勝利*,芝,2000,ホットロッドハート,牡,吉村誠之,前川恭子,栗,ホットロッドチャーリー,2,中京芝2000,2,R8.8.29,ホットロッドハート46262,ホットロッドハート46260,ホットロッドハート46261,ホットロッドハート46256,ホットロッドハート46257,ホットロッドハート46249,ホットロッドハート46250,66.8,15.9,16.2,58.2,13.7,13.5,66,15.4,16,なし,なし,なし,なし,なし,なし,なし,なし,なし,なし,なし,なし,なし,なし,なし,なし,なし,なし,12.4,73.9,なし,なし,なし,なし,なし,なし,なし,なし,なし,なし,なし,なし,なし,なし,なし,なし,なし,なし,なし,なし,なし,なし,なし,なし,なし,なし,なし,なし,なし,なし,なし,90,　,8,2.02608E+17,24105800
20260829,中京,1,11,未勝利*,芝,2000,メモリアデルレ,牡,田山旺佑,吉岡辰弥,栗,エピファネイア,2,中京芝2000,2,R8.8.29,メモリアデルレ46262,メモリアデルレ46260,メモリアデルレ46261,メモリアデルレ46256,メモリアデルレ46257,メモリアデルレ46249,メモリアデルレ46250,63.7,14.1,15.4,64.6,14.7,15.2,54,12.4,13,なし,なし,なし,58,14.1,14.4,14.7,14.8,なし,なし,なし,なし,なし,63.7,なし,なし,なし,なし,なし,なし,なし,なし,なし,なし,なし,なし,なし,なし,FALSE,なし,なし,なし,なし,×,なし,×,×,なし,×,63.7,〇,×,なし,×,〇,なし,〇,なし,なし,×,×,88,差,8,2.02608E+17,24106944
20260829,中京,2,1,未勝利*,ダ,1800,ドリームオブコージ,牡,岡田祥嗣,安田翔伍,栗,キングオブコージ,1,中京ダ1800,2,R8.8.29,ドリームオブコージ46262,ドリームオブコージ46260,ドリームオブコージ46261,ドリームオブコージ46256,ドリームオブコージ46257,ドリームオブコージ46249,ドリームオブコージ46250,68.6,16.4,17.6,66.1,15.4,16.5,69.2,16.3,16.9,66.6,15.5,15.7,53.2,12.8,12.6,13.4,14.4,なし,なし,なし,なし,なし,なし,なし,なし,なし,なし,なし,なし,なし,なし,なし,なし,なし,なし,なし,なし,FALSE,なし,なし,なし,なし,×,なし,×,×,なし,×,なし,なし,×,なし,×,×,なし,×,なし,なし,なし,なし,86,　,1,2.02608E+17,24100126
20260829,中京,2,2,未勝利*,ダ,1800,ボビーザグレート,牡,菱田裕二,柴田卓,栗,シャンハイボビー,1,中京ダ1800,2,R8.8.29,ボビーザグレート46262,ボビーザグレート46260,ボビーザグレート46261,ボビーザグレート46256,ボビーザグレート46257,ボビーザグレート46249,ボビーザグレート46250,67.9,16.3,16.5,57.3,13.4,13.1,68.7,15.8,16.2,58.2,13.2,13.5,54.6,13.3,12.5,13.5,15.3,なし,なし,なし,なし,なし,68.2,なし,なし,なし,なし,なし,なし,なし,なし,なし,なし,なし,なし,なし,なし,なし,なし,なし,なし,なし,×,なし,×,×,なし,×,68.2,×,×,なし,×,〇,なし,〇,なし,なし,×,×,105,差,2,2.02608E+17,24103740
20260829,中京,2,3,未勝利*,ダ,1800,ダノンアズール,牡,岩田望来,茶木太樹,栗,ダノンキングリー,1,中京ダ1800,2,R8.8.29,ダノンアズール46262,ダノンアズール46260,ダノンアズール46261,ダノンアズール46256,ダノンアズール46257,ダノンアズール46249,ダノンアズール46250,なし,なし,なし,なし,なし,なし,なし,なし,なし,63,15.4,15.3,58.3,13.9,14,14.7,15.7,なし,なし,なし,なし,なし,67.8,なし,なし,なし,なし,なし,なし,なし,なし,なし,なし,なし,なし,なし,なし,なし,なし,なし,なし,なし,×,なし,×,×,なし,×,67.8,×,×,なし,×,〇,なし,〇,なし,なし,×,×,106,　,3,2.02608E+17,24106361
20260829,中京,2,4,未勝利*,ダ,1800,ゴールドシューター,牡,富田暁,加藤公太,栗,ゴールドアクター,1,中京ダ1800,2,R8.8.29,ゴールドシューター46262,ゴールドシューター46260,ゴールドシューター46261,ゴールドシューター46256,ゴールドシューター46257,ゴールドシューター46249,ゴールドシューター46250,なし,なし,なし,なし,なし,なし,なし,なし,なし,66,15.1,16,54.3,13,12.6,13.4,15.3,なし,なし,なし,なし,なし,なし,なし,なし,なし,なし,なし,なし,なし,なし,なし,なし,なし,なし,なし,なし,なし,なし,なし,なし,なし,×,なし,×,×,なし,×,なし,なし,×,なし,×,〇,なし,〇,なし,なし,×,×,84,　,4,2.02608E+17,24103680
20260829,中京,2,5,未勝利*,ダ,1800,バミューダブーケ,牝,松若風馬,杉山佳明,栗,ダノンキングリー,1,中京ダ1800,2,R8.8.29,バミューダブーケ46262,バミューダブーケ46260,バミューダブーケ46261,バミューダブーケ46256,バミューダブーケ46257,バミューダブーケ46249,バミューダブーケ46250,なし,なし,なし,なし,なし,なし,なし,なし,なし,58.7,13.8,14.5,56.1,12.8,13.3,14.7,15.3,なし,なし,なし,なし,なし,なし,15.9,11.7,なし,なし,なし,なし,なし,なし,なし,なし,なし,なし,なし,なし,なし,なし,なし,なし,なし,×,なし,×,×,なし,×,なし,なし,×,なし,×,×,なし,×,なし,なし,なし,なし,95,追,5,2.02608E+17,24106019
20260829,中京,2,6,未勝利*,ダ,1800,ダヌラーサナ,牝,田山旺佑,新谷功一,栗,レイデオロ,1,中京ダ1800,2,R8.8.29,ダヌラーサナ46262,ダヌラーサナ46260,ダヌラーサナ46261,ダヌラーサナ46256,ダヌラーサナ46257,ダヌラーサナ46249,ダヌラーサナ46250,なし,なし,なし,58.4,13.9,13.8,64.9,15.3,15.9,54.9,12.8,13.1,なし,なし,なし,なし,なし,なし,なし,なし,なし,なし,なし,なし,なし,なし,なし,なし,なし,11.1,54.7,0,なし,なし,なし,なし,なし,なし,〇,なし,〇,なし,なし,なし,なし,なし,なし,なし,なし,なし,なし,なし,なし,なし,なし,なし,なし,なし,なし,なし,92,追,5,2.02608E+17,24105938
20260829,中京,2,7,未勝利*,ダ,1800,オーリエイト,牡,吉村誠之,小栗実,栗,ナダル,1,中京ダ1800,2,R8.8.29,オーリエイト46262,オーリエイト46260,オーリエイト46261,オーリエイト46256,オーリエイト46257,オーリエイト46249,オーリエイト46250,なし,なし,なし,なし,なし,なし,なし,なし,なし,68.1,16.4,17,53,13.1,12.6,13.4,13.9,なし,なし,なし,なし,なし,69.3,なし,なし,なし,なし,なし,なし,なし,なし,なし,なし,なし,なし,なし,なし,なし,なし,なし,なし,なし,×,なし,×,×,なし,×,69.3,×,〇,なし,〇,〇,なし,〇,なし,なし,×,×,110,　,6,2.02608E+17,24107041
20260829,中京,2,8,未勝利*,ダ,1800,アンナモエ,牝,酒井学,天間昭一,美,オメガパフューム,1,中京ダ1800,1,R8.8.29,アンナモエ46262,アンナモエ46260,アンナモエ46261,アンナモエ46256,アンナモエ46257,アンナモエ46249,アンナモエ46250,なし,なし,なし,なし,なし,なし,なし,なし,なし,62.5,15.4,15.4,54.8,12.9,13.8,13.9,14.2,なし,なし,なし,なし,なし,なし,なし,なし,なし,なし,なし,なし,なし,なし,なし,なし,なし,なし,なし,なし,なし,なし,なし,なし,なし,×,なし,×,×,なし,×,なし,なし,×,なし,×,×,なし,×,なし,なし,なし,なし,84,　,6,2.02608E+17,24105666
20260829,中京,2,9,未勝利*,ダ,1800,ルガルデ,牡,柴田裕一,中竹和也,栗,Munnings,1,中京ダ1800,2,R8.8.29,ルガルデ46262,ルガルデ46260,ルガルデ46261,ルガルデ46256,ルガルデ46257,ルガルデ46249,ルガルデ46250,なし,なし,なし,なし,なし,なし,なし,なし,なし,なし,なし,なし,54.5,13.5,12.9,13.4,14.7,なし,なし,なし,なし,なし,なし,なし,なし,なし,なし,なし,なし,なし,なし,なし,なし,なし,なし,なし,なし,なし,なし,なし,なし,なし,×,なし,×,×,なし,×,なし,なし,×,なし,×,〇,なし,〇,なし,なし,×,×,100,追,7,2.02608E+17,24108222
20260829,中京,2,10,未勝利*,ダ,1800,ミリオンカラー,牝,国分優作,北出成人,栗,カラヴァッジオ,1,中京ダ1800,2,R8.8.29,ミリオンカラー46262,ミリオンカラー46260,ミリオンカラー46261,ミリオンカラー46256,ミリオンカラー46257,ミリオンカラー46249,ミリオンカラー46250,70,16,15.9,66.6,15.6,16.1,65.9,15.5,15.9,58.7,13.4,14.1,54.3,13,13,13.8,14.5,なし,なし,なし,なし,なし,66,なし,なし,なし,なし,なし,なし,なし,なし,なし,なし,なし,なし,なし,なし,なし,なし,なし,なし,なし,×,なし,×,×,なし,×,66,×,×,なし,×,〇,なし,〇,なし,なし,×,×,91,　,7,2.02608E+17,24104727
20260829,中京,2,11,未勝利*,ダ,1800,ソリドゥス,牡,秋山稔樹,安達昭夫,栗,アジアエクスプレス,1,中京ダ1800,2,R8.8.29,ソリドゥス46262,ソリドゥス46260,ソリドゥス46261,ソリドゥス46256,ソリドゥス46257,ソリドゥス46249,ソリドゥス46250,なし,なし,なし,なし,なし,なし,65.2,17.1,16,なし,なし,なし,53.9,12.2,12.8,14.2,14.7,なし,なし,なし,なし,なし,68,なし,なし,なし,なし,なし,なし,なし,なし,なし,なし,なし,なし,なし,なし,なし,なし,なし,なし,なし,×,なし,×,×,なし,×,68,×,×,なし,×,×,なし,×,なし,なし,なし,なし,108,　,8,2.02608E+17,24104583
20260829,中京,2,12,未勝利*,ダ,1800,ジュンヴァグネル,牡,幸英明,浜田多実,栗,ジャスタウェイ,1,中京ダ1800,2,R8.8.29,ジュンヴァグネル46262,ジュンヴァグネル46260,ジュンヴァグネル46261,ジュンヴァグネル46256,ジュンヴァグネル46257,ジュンヴァグネル46249,ジュンヴァグネル46250,なし,なし,なし,56.3,13.4,13.3,なし,なし,なし,なし,なし,なし,55.6,13.4,13.3,14,14.9,なし,なし,なし,なし,なし,なし,なし,なし,なし,なし,15.2,75.7,なし,なし,なし,なし,なし,なし,なし,なし,なし,なし,なし,なし,なし,×,なし,×,×,なし,×,なし,なし,×,なし,×,〇,なし,〇,なし,なし,×,×,85,追,8,2.02608E+17,24107194
20260829,中京,3,1,新馬・牝,芝,1400,クリノライジング,牝,田口貫太,大橋勇樹,栗,イスラボニータ,2,中京芝1400,2,R8.8.29,クリノライジング46262,クリノライジング46260,クリノライジング46261,クリノライジング46256,クリノライジング46257,クリノライジング46249,クリノライジング46250,なし,なし,なし,56.5,14.1,13.3,なし,なし,なし,57.6,14.2,14,なし,なし,なし,なし,なし,なし,なし,なし,なし,なし,なし,なし,なし,なし,なし,なし,なし,12.1,53.6,68.8,なし,なし,なし,なし,なし,なし,×,なし,×,なし,なし,なし,なし,なし,なし,なし,なし,なし,なし,なし,なし,なし,なし,なし,なし,なし,なし,なし,0,　,1,2.02608E+17,24102637
20260829,中京,3,2,新馬・牝,芝,1400,ワンキャンパス,牝,長岡禎仁,深山雅史,美,ビッグアーサー,2,中京芝1400,1,R8.8.29,ワンキャンパス46262,ワンキャンパス46260,ワンキャンパス46261,ワンキャンパス46256,ワンキャンパス46257,ワンキャンパス46249,ワンキャンパス46250,なし,なし,なし,54.7,12.9,12.8,なし,なし,なし,59,13.4,14.2,なし,なし,なし,なし,なし,なし,なし,なし,なし,なし,なし,なし,なし,なし,なし,なし,なし,12.4,52.4,66.8,なし,なし,なし,なし,なし,なし,×,なし,×,なし,なし,なし,なし,なし,なし,なし,なし,なし,なし,なし,なし,なし,なし,なし,なし,なし,なし,なし,0,　,2,2.02608E+17,24102770
20260829,中京,3,3,新馬・牝,芝,1400,パルフェクシオン,牝,田山旺佑,大久保龍,栗,キズナ,2,中京芝1400,2,R8.8.29,パルフェクシオン46262,パルフェクシオン46260,パルフェクシオン46261,パルフェクシオン46256,パルフェクシオン46257,パルフェクシオン46249,パルフェクシオン46250,66.4,16.1,15.7,62.1,14.2,14.6,64.4,15.9,16.7,なし,なし,なし,53.1,12.1,12.8,13.2,15,なし,なし,なし,なし,なし,なし,なし,なし,なし,なし,15.8,89.9,なし,なし,なし,なし,なし,なし,なし,なし,なし,なし,なし,なし,なし,×,なし,×,×,なし,×,なし,なし,×,なし,×,×,なし,×,なし,なし,なし,なし,0,　,3,2.02608E+17,24103479
20260829,中京,3,4,新馬・牝,芝,1400,リムリックアイル,牝,川田将雅,藤野健太,栗,シスキン,2,中京芝1400,2,R8.8.29,リムリックアイル46262,リムリックアイル46260,リムリックアイル46261,リムリックアイル46256,リムリックアイル46257,リムリックアイル46249,リムリックアイル46250,なし,なし,なし,57.1,14,13.6,なし,なし,なし,62.5,14.9,14.8,なし,なし,なし,なし,なし,なし,なし,なし,なし,なし,なし,なし,なし,なし,なし,なし,なし,11.9,52.2,66.2,なし,なし,なし,なし,なし,なし,〇,なし,〇,なし,なし,なし,なし,なし,なし,なし,なし,なし,なし,なし,なし,なし,なし,なし,なし,なし,なし,なし,0,　,4,2.02608E+17,24106540
20260829,中京,3,5,新馬・牝,芝,1400,ビンチャリ,牝,岩田望来,千田輝彦,栗,モーリス,2,中京芝1400,2,R8.8.29,ビンチャリ46262,ビンチャリ46260,ビンチャリ46261,ビンチャリ46256,ビンチャリ46257,ビンチャリ46249,ビンチャリ46250,69.6,16.2,16.9,57.9,13.4,13.5,なし,なし,なし,58,13.6,13.7,なし,なし,なし,なし,なし,なし,なし,なし,なし,なし,なし,なし,なし,なし,なし,なし,なし,11.4,52.9,68.7,なし,なし,なし,なし,なし,なし,〇,なし,〇,なし,なし,なし,なし,なし,なし,なし,なし,なし,なし,なし,なし,なし,なし,なし,なし,なし,なし,なし,0,　,5,2.02608E+17,24100644
20260829,中京,3,6,新馬・牝,芝,1400,ジーティーハルカゼ,牝,西村淳也,辻野泰之,栗,アドマイヤマーズ,2,中京芝1400,2,R8.8.29,ジーティーハルカゼ46262,ジーティーハルカゼ46260,ジーティーハルカゼ46261,ジーティーハルカゼ46256,ジーティーハルカゼ46257,ジーティーハルカゼ46249,ジーティーハルカゼ46250,64.3,15.4,15.6,58.3,13.9,14,63.6,15.9,15.3,なし,なし,なし,56.2,13.1,12.8,14.1,16.2,なし,なし,なし,なし,なし,64.3,なし,なし,なし,なし,12.4,74.7,なし,なし,なし,なし,なし,なし,なし,なし,FALSE,なし,なし,なし,なし,×,なし,×,×,なし,×,64.3,〇,×,なし,×,〇,なし,〇,なし,なし,×,×,0,　,5,2.02608E+17,24106134
20260829,中京,3,7,新馬・牝,芝,1400,サルーミアモール,牝,坂井瑠星,加藤士津,美,ドレフォン,2,中京芝1400,1,R8.8.29,サルーミアモール46262,サルーミアモール46260,サルーミアモール46261,サルーミアモール46256,サルーミアモール46257,サルーミアモール46249,サルーミアモール46250,なし,なし,なし,56.9,12.9,14,なし,なし,なし,55.6,12.7,14,53.2,12.7,13,13.6,13.9,なし,なし,なし,なし,なし,なし,なし,なし,なし,なし,なし,なし,なし,なし,なし,なし,なし,なし,なし,なし,TRUE,なし,なし,なし,なし,×,なし,×,×,なし,×,なし,なし,×,なし,×,×,なし,×,なし,なし,〇,なし,0,　,6,2.02608E+17,24107037
20260829,中京,3,8,新馬・牝,芝,1400,インティサール,牝,幸英明,杉山佳明,栗,Baaeed,2,中京芝1400,2,R8.8.29,インティサール46262,インティサール46260,インティサール46261,インティサール46256,インティサール46257,インティサール46249,インティサール46250,なし,なし,なし,なし,なし,なし,なし,なし,なし,58.4,13.3,14.3,54.6,12.5,12.9,14.4,14.8,なし,なし,なし,なし,なし,なし,14.2,11.4,なし,なし,なし,なし,なし,なし,なし,なし,なし,なし,なし,なし,なし,なし,なし,なし,なし,×,なし,×,×,なし,×,なし,なし,×,なし,×,×,なし,×,なし,なし,なし,なし,0,　,6,2.02608E+17,24106628
20260829,中京,3,9,新馬・牝,芝,1400,マイフレダ,牝,秋山稔樹,井上智史,栗,ダノンスマッシュ,2,中京芝1400,2,R8.8.29,マイフレダ46262,マイフレダ46260,マイフレダ46261,マイフレダ46256,マイフレダ46257,マイフレダ46249,マイフレダ46250,65.7,16.6,16,56.9,13.1,13,なし,なし,なし,58.1,14.1,13.9,54.3,12.9,12.4,13.9,15.1,なし,なし,なし,なし,なし,なし,なし,なし,15.2,0,なし,なし,なし,なし,なし,なし,なし,なし,なし,なし,なし,なし,なし,なし,なし,×,なし,×,×,なし,×,なし,なし,×,なし,×,×,なし,×,なし,なし,なし,なし,0,　,7,2.02608E+17,24101904
20260829,中京,3,10,新馬・牝,芝,1400,ドリームリボン,牝,菱田裕二,谷潔,栗,タリスマニック,2,中京芝1400,2,R8.8.29,ドリームリボン46262,ドリームリボン46260,ドリームリボン46261,ドリームリボン46256,ドリームリボン46257,ドリームリボン46249,ドリームリボン46250,67.9,16.4,16.2,58.2,13,13.6,66.8,16,15.4,59.4,13.2,13.9,58.6,13.7,14.1,14.7,16.1,なし,なし,なし,なし,なし,68.1,なし,なし,なし,なし,なし,なし,なし,なし,なし,なし,なし,なし,なし,なし,なし,なし,なし,なし,なし,×,なし,×,×,なし,×,68.1,×,×,なし,×,〇,なし,〇,なし,なし,×,×,0,　,7,2.02608E+17,24101847
20260829,中京,3,11,新馬・牝,芝,1400,カラスアゲハ,牝,永島まな,佐藤吉勝,美,ワールドプレミア,2,中京芝1400,1,R8.8.29,カラスアゲハ46262,カラスアゲハ46260,カラスアゲハ46261,カラスアゲハ46256,カラスアゲハ46257,カラスアゲハ46249,カラスアゲハ46250,なし,なし,なし,なし,なし,なし,なし,なし,なし,60.8,14.7,14.6,なし,なし,なし,なし,なし,なし,なし,なし,なし,なし,なし,なし,なし,なし,なし,なし,なし,12,54.1,70.2,なし,なし,なし,なし,なし,なし,×,なし,×,なし,なし,なし,なし,なし,なし,なし,なし,なし,なし,なし,なし,なし,なし,なし,なし,なし,なし,なし,0,　,8,2.02608E+17,24103786
20260829,中京,3,12,新馬・牝,芝,1400,ウルウノマーズ,牝,藤懸貴志,青木孝文,美,アドマイヤマーズ,2,中京芝1400,1,R8.8.29,ウルウノマーズ46262,ウルウノマーズ46260,ウルウノマーズ46261,ウルウノマーズ46256,ウルウノマーズ46257,ウルウノマーズ46249,ウルウノマーズ46250,66.4,16.1,15.8,58.6,13.7,14.4,67.8,16,16.1,61,14.8,14.6,なし,なし,なし,なし,なし,なし,なし,なし,なし,なし,なし,なし,なし,なし,なし,なし,なし,12.6,53.5,69.2,なし,なし,なし,なし,なし,なし,×,なし,×,なし,なし,なし,なし,なし,なし,なし,なし,なし,なし,なし,なし,なし,なし,なし,なし,なし,なし,なし,0,　,8,2.02608E+17,24102899
20260829,中京,4,1,未勝利,芝,2200,タイセイグローバル,牡,角田大和,小林真也,栗,アドマイヤマーズ,2,中京芝2200,2,R8.8.29,タイセイグローバル46262,タイセイグローバル46260,タイセイグローバル46261,タイセイグローバル46256,タイセイグローバル46257,タイセイグローバル46249,タイセイグローバル46250,64.7,15.7,15.3,なし,なし,なし,65.1,15.8,15.7,65.7,16.2,15.7,57.2,13.3,13.9,14.2,15.8,なし,なし,なし,なし,なし,67.2,なし,なし,なし,なし,なし,なし,なし,なし,なし,なし,なし,なし,なし,なし,なし,なし,なし,なし,なし,×,なし,×,×,なし,×,67.2,×,×,なし,×,〇,なし,〇,なし,なし,×,×,105,逃,1,2.02608E+17,23105256
20260829,中京,4,2,未勝利,芝,2200,アメジストブリエ,牝,富田暁,武英智,栗,レイデオロ,2,中京芝2200,2,R8.8.29,アメジストブリエ46262,アメジストブリエ46260,アメジストブリエ46261,アメジストブリエ46256,アメジストブリエ46257,アメジストブリエ46249,アメジストブリエ46250,52,13,12,なし,なし,なし,53.1,12.7,12.2,なし,なし,なし,57,12.8,12.7,14.6,16.9,なし,なし,なし,なし,なし,69.4,なし,なし,なし,なし,なし,なし,なし,なし,なし,なし,なし,なし,なし,なし,FALSE,なし,なし,なし,なし,×,なし,×,×,なし,×,69.4,×,×,なし,×,×,なし,×,なし,なし,なし,なし,89,差,1,2.02608E+17,23105040
20260829,中京,4,3,未勝利,芝,2200,プロスト,牡,田口貫太,梅田智之,栗,アルアイン,2,中京芝2200,2,R8.8.29,プロスト46262,プロスト46260,プロスト46261,プロスト46256,プロスト46257,プロスト46249,プロスト46250,なし,なし,なし,なし,なし,なし,65.7,16.5,15.6,67.8,17.2,16,なし,なし,なし,なし,なし,なし,なし,なし,なし,なし,65,なし,なし,なし,なし,なし,なし,11.9,51.4,66.7,なし,なし,なし,なし,なし,なし,〇,なし,〇,なし,なし,なし,なし,なし,なし,なし,65,〇,なし,なし,なし,なし,なし,なし,なし,なし,なし,なし,104,差,2,2.02608E+17,23101677
20260829,中京,4,4,未勝利,芝,2200,ヴィスメンティス,牡,吉村誠之,池江泰寿,栗,オルフェーヴル,2,中京芝2200,2,R8.8.29,ヴィスメンティス46262,ヴィスメンティス46260,ヴィスメンティス46261,ヴィスメンティス46256,ヴィスメンティス46257,ヴィスメンティス46249,ヴィスメンティス46250,なし,なし,なし,なし,なし,なし,なし,なし,なし,なし,なし,なし,なし,なし,なし,なし,なし,なし,なし,なし,なし,なし,なし,なし,なし,なし,なし,なし,なし,11.3,53.3,0,なし,なし,なし,なし,なし,なし,〇,なし,〇,なし,なし,なし,なし,なし,なし,なし,なし,なし,なし,なし,なし,なし,なし,なし,なし,なし,なし,なし,105,先,2,2.02608E+17,23103758
20260829,中京,4,5,未勝利,芝,2200,ジュンヴァッテッド,牡,柴田裕一,浜田多実,栗,ワールドエース,2,中京芝2200,2,R8.8.29,ジュンヴァッテッド46262,ジュンヴァッテッド46260,ジュンヴァッテッド46261,ジュンヴァッテッド46256,ジュンヴァッテッド46257,ジュンヴァッテッド46249,ジュンヴァッテッド46250,なし,なし,なし,56.8,13.9,13.4,なし,なし,なし,なし,なし,なし,55.6,13.6,13.4,13.9,14.7,なし,なし,なし,なし,なし,なし,なし,なし,なし,なし,13.3,71,なし,なし,なし,なし,なし,なし,なし,なし,なし,なし,なし,なし,なし,×,なし,×,×,なし,×,なし,なし,×,なし,×,〇,なし,〇,なし,なし,×,×,95,追,3,2.02608E+17,23106998
20260829,中京,4,6,未勝利,芝,2200,カパルア,牡,太宰啓介,松永幹夫,栗,ブリックスアンドモルタル,2,中京芝2200,2,R8.8.29,カパルア46262,カパルア46260,カパルア46261,カパルア46256,カパルア46257,カパルア46249,カパルア46250,66.2,16.5,15.9,63.6,14.8,15.1,65.8,16.2,16,59.2,14.5,14,57,12.9,13.5,14.7,15.9,なし,なし,なし,なし,なし,64.1,なし,なし,なし,なし,なし,なし,なし,なし,なし,なし,なし,なし,なし,なし,なし,なし,なし,なし,なし,×,なし,×,×,なし,×,64.1,〇,×,なし,×,×,なし,×,なし,なし,なし,なし,97,逃,3,2.02608E+17,23105234
20260829,中京,4,7,未勝利,芝,2200,クールドリオン,牡,団野大成,庄野靖志,栗,スワーヴリチャード,2,中京芝2200,2,R8.8.29,クールドリオン46262,クールドリオン46260,クールドリオン46261,クールドリオン46256,クールドリオン46257,クールドリオン46249,クールドリオン46250,69.1,16.6,16.6,53.5,12.5,12.7,68.6,17.5,16.8,65,15.4,15.1,53,12.2,12.7,13.8,14.3,なし,なし,なし,なし,なし,67.8,なし,なし,なし,なし,なし,なし,なし,なし,なし,なし,なし,なし,なし,なし,なし,なし,なし,なし,なし,×,なし,×,×,なし,×,67.8,×,〇,なし,〇,×,なし,×,なし,なし,なし,なし,116,先,4,2.02608E+17,23100281
20260829,中京,4,8,未勝利,芝,2200,スクランプシャス,牡,菱田裕二,橋口慎介,栗,シルバーステート,2,中京芝2200,2,R8.8.29,スクランプシャス46262,スクランプシャス46260,スクランプシャス46261,スクランプシャス46256,スクランプシャス46257,スクランプシャス46249,スクランプシャス46250,66.3,16.1,15.5,なし,なし,なし,67.3,16,15.4,64.2,14.7,15.1,53.4,12.5,12.4,13,15.5,なし,なし,なし,なし,なし,68.4,なし,なし,なし,なし,なし,なし,なし,なし,なし,なし,なし,なし,なし,なし,なし,なし,なし,なし,なし,×,なし,×,×,なし,×,68.4,×,×,なし,×,×,なし,×,なし,なし,なし,なし,119,先,4,2.02608E+17,23103411
20260829,中京,4,9,未勝利,芝,2200,サンタカタリナ,牝,松若風馬,杉山晴紀,栗,スワーヴリチャード,2,中京芝2200,2,R8.8.29,サンタカタリナ46262,サンタカタリナ46260,サンタカタリナ46261,サンタカタリナ46256,サンタカタリナ46257,サンタカタリナ46249,サンタカタリナ46250,69.9,15.9,16.1,56.8,12.9,13.3,なし,なし,なし,60,14.5,14.8,なし,なし,なし,なし,なし,なし,なし,なし,なし,なし,67.7,なし,なし,なし,なし,なし,なし,11.5,53.2,0,なし,なし,なし,なし,なし,FALSE,〇,なし,〇,なし,なし,なし,なし,なし,なし,なし,67.7,×,なし,なし,なし,なし,なし,なし,なし,なし,なし,なし,105,差,5,2.02608E+17,23104879
20260829,中京,4,10,未勝利,芝,2200,テイエムプレミラン,牡,森田誠也,宮地貴稔,栗,ダノンプレミアム,2,中京芝2200,2,R8.8.29,テイエムプレミラン46262,テイエムプレミラン46260,テイエムプレミラン46261,テイエムプレミラン46256,テイエムプレミラン46257,テイエムプレミラン46249,テイエムプレミラン46250,なし,なし,なし,なし,なし,なし,なし,なし,なし,55.4,12.8,12.9,54,13.3,12.9,14.1,13.7,なし,なし,なし,なし,なし,なし,なし,なし,15.6,80.6,なし,なし,なし,なし,なし,なし,なし,なし,なし,なし,なし,なし,なし,なし,なし,×,なし,×,×,なし,×,なし,なし,×,なし,×,〇,なし,〇,なし,なし,×,×,92,差,5,2.02608E+17,23104905
20260829,中京,4,11,未勝利,芝,2200,パシフィックドーン,牡,西村淳也,池添学,栗,ハービンジャー,2,中京芝2200,2,R8.8.29,パシフィックドーン46262,パシフィックドーン46260,パシフィックドーン46261,パシフィックドーン46256,パシフィックドーン46257,パシフィックドーン46249,パシフィックドーン46250,68.2,16.2,16.3,59.8,14.1,14.5,69.2,16.2,16.6,59.8,13.9,14.8,55.5,13,13.2,14,15.3,なし,なし,なし,なし,なし,なし,なし,なし,なし,なし,なし,なし,なし,なし,なし,なし,なし,なし,なし,なし,FALSE,なし,なし,なし,なし,×,なし,×,×,なし,×,なし,なし,×,なし,×,〇,なし,〇,なし,なし,×,×,0,　,6,2.02608E+17,23107212
20260829,中京,4,12,未勝利,芝,2200,チュオンソン,牡,酒井学,昆貢,栗,ウインブライト,2,中京芝2200,2,R8.8.29,チュオンソン46262,チュオンソン46260,チュオンソン46261,チュオンソン46256,チュオンソン46257,チュオンソン46249,チュオンソン46250,なし,なし,なし,なし,なし,なし,68.2,15.5,16.2,59,12.8,14.2,54.8,13.1,12.3,14.3,15.1,なし,なし,なし,なし,なし,なし,なし,なし,なし,なし,なし,なし,なし,なし,なし,なし,なし,なし,なし,なし,なし,なし,なし,なし,なし,×,なし,×,×,なし,×,なし,なし,×,なし,×,〇,なし,〇,なし,なし,×,×,98,先,6,2.02608E+17,23104944
20260829,中京,4,13,未勝利,芝,2200,マイコンプリート,セ,岩田望来,友道康夫,栗,エピファネイア,2,中京芝2200,2,R8.8.29,マイコンプリート46262,マイコンプリート46260,マイコンプリート46261,マイコンプリート46256,マイコンプリート46257,マイコンプリート46249,マイコンプリート46250,なし,なし,なし,なし,なし,なし,なし,なし,なし,なし,なし,なし,なし,なし,なし,なし,なし,なし,なし,なし,なし,なし,なし,なし,なし,なし,なし,13.4,74.7,11.4,53.2,67.5,なし,なし,なし,なし,なし,FALSE,〇,なし,〇,0,なし,なし,なし,なし,なし,なし,なし,なし,なし,なし,なし,なし,なし,なし,なし,なし,なし,なし,115,　,7,2.02608E+17,23107155
20260829,中京,4,14,未勝利,芝,2200,マテンロウルクス,牡,中井裕二,藤原英昭,栗,リオンリオン,2,中京芝2200,2,R8.8.29,マテンロウルクス46262,マテンロウルクス46260,マテンロウルクス46261,マテンロウルクス46256,マテンロウルクス46257,マテンロウルクス46249,マテンロウルクス46250,64.8,15.8,15.3,なし,なし,なし,なし,なし,なし,62.3,13.9,15.3,なし,なし,なし,なし,なし,なし,なし,なし,なし,なし,66.2,なし,12.6,なし,なし,なし,なし,12,56.1,72.4,なし,なし,なし,なし,なし,なし,×,なし,×,なし,なし,なし,なし,なし,なし,なし,66.2,×,なし,なし,なし,なし,なし,なし,なし,なし,なし,なし,97,追,7,2.02608E+17,23107344
20260829,中京,4,15,未勝利,芝,2200,レイアン,牝,Ｍ．デム,笹田和秀,栗,サートゥルナーリア,2,中京芝2200,2,R8.8.29,レイアン46262,レイアン46260,レイアン46261,レイアン46256,レイアン46257,レイアン46249,レイアン46250,なし,なし,なし,なし,なし,なし,なし,なし,なし,なし,なし,なし,55.6,12.5,13,14.5,15.6,なし,なし,なし,なし,なし,なし,なし,なし,なし,なし,13.4,72.8,なし,なし,なし,なし,なし,なし,なし,なし,なし,なし,なし,なし,なし,×,なし,×,×,なし,×,なし,なし,×,なし,×,×,なし,×,なし,なし,なし,なし,97,差,8,2.02608E+17,23103887
20260829,中京,4,16,未勝利,芝,2200,ナムラヴンダー,牡,幸英明,河嶋宏樹,栗,キセキ,2,中京芝2200,2,R8.8.29,ナムラヴンダー46262,ナムラヴンダー46260,ナムラヴンダー46261,ナムラヴンダー46256,ナムラヴンダー46257,ナムラヴンダー46249,ナムラヴンダー46250,なし,なし,なし,なし,なし,なし,なし,なし,なし,68.4,16.3,16.7,56.8,13.2,14,14.8,14.8,なし,なし,なし,なし,なし,なし,なし,なし,なし,なし,なし,なし,なし,なし,なし,なし,なし,なし,なし,なし,なし,なし,なし,なし,なし,×,なし,×,×,なし,×,なし,なし,×,なし,×,〇,なし,〇,なし,なし,×,×,114,先,8,2.02608E+17,23106243
20260829,中京,5,1,未勝利,芝,2000,ワンダーデリエール,牝,田山旺佑,小崎憲,栗,ダノンプレミアム,2,中京芝2000,2,R8.8.29,ワンダーデリエール46262,ワンダーデリエール46260,ワンダーデリエール46261,ワンダーデリエール46256,ワンダーデリエール46257,ワンダーデリエール46249,ワンダーデリエール46250,なし,なし,なし,なし,なし,なし,64.5,15.5,16.3,57.7,13.8,14.6,52.6,12.5,12.6,13.2,14.3,なし,なし,なし,なし,なし,なし,なし,なし,なし,なし,なし,なし,なし,なし,なし,なし,なし,なし,なし,なし,なし,なし,なし,なし,なし,×,なし,×,×,なし,×,なし,なし,〇,なし,〇,×,なし,×,なし,なし,なし,なし,111,逃,1,2.02608E+17,23100446
20260829,中京,5,2,未勝利,芝,2000,リアライズアリス,牝,松若風馬,杉山晴紀,栗,エピファネイア,2,中京芝2000,2,R8.8.29,リアライズアリス46262,リアライズアリス46260,リアライズアリス46261,リアライズアリス46256,リアライズアリス46257,リアライズアリス46249,リアライズアリス46250,なし,なし,なし,なし,なし,なし,なし,なし,なし,61,14.5,15,55.3,13,12.9,14,15.4,なし,なし,なし,なし,なし,なし,なし,なし,なし,なし,なし,なし,なし,なし,なし,なし,なし,なし,なし,なし,FALSE,なし,なし,なし,なし,×,なし,×,×,なし,×,なし,なし,×,なし,×,〇,なし,〇,なし,なし,×,×,107,先,2,2.02608E+17,23101295
20260829,中京,5,3,未勝利,芝,2000,サンスベリア,牝,中井裕二,牧田和弥,栗,サートゥルナーリア,2,中京芝2000,2,R8.8.29,サンスベリア46262,サンスベリア46260,サンスベリア46261,サンスベリア46256,サンスベリア46257,サンスベリア46249,サンスベリア46250,66.9,15.8,16,61,14.7,15.1,なし,なし,なし,61.6,14.5,14.3,56.7,12.6,13.2,13.8,17.1,なし,なし,なし,なし,なし,なし,なし,なし,なし,なし,なし,なし,なし,なし,なし,なし,なし,なし,なし,なし,なし,なし,なし,なし,なし,×,なし,×,×,なし,×,なし,なし,×,なし,×,×,なし,×,なし,なし,なし,なし,100,差,3,2.02608E+17,23103242
20260829,中京,5,4,未勝利,芝,2000,コスモフィレンツェ,牡,幸英明,北出成人,栗,コントレイル,2,中京芝2000,2,R8.8.29,コスモフィレンツェ46262,コスモフィレンツェ46260,コスモフィレンツェ46261,コスモフィレンツェ46256,コスモフィレンツェ46257,コスモフィレンツェ46249,コスモフィレンツェ46250,66.1,15.7,16.4,なし,なし,なし,66.2,15.8,15.7,66.2,15.6,16.3,54.8,12.1,12.8,14.6,15.3,なし,なし,なし,なし,なし,66.4,なし,なし,なし,なし,なし,なし,なし,なし,なし,なし,なし,なし,なし,なし,なし,なし,なし,なし,なし,×,なし,×,×,なし,×,66.4,×,×,なし,×,×,なし,×,なし,なし,なし,なし,120,先,4,2.02608E+17,23107094
20260829,中京,5,5,未勝利,芝,2000,クランズクラウン,牝,泉谷楓真,杉山晴紀,栗,アドマイヤマーズ,2,中京芝2000,2,R8.8.29,クランズクラウン46262,クランズクラウン46260,クランズクラウン46261,クランズクラウン46256,クランズクラウン46257,クランズクラウン46249,クランズクラウン46250,なし,なし,なし,68.5,16.9,16.7,68.4,16.6,16.5,56.6,13.7,13.9,55.2,12.1,13.1,14.7,15.3,なし,なし,なし,なし,なし,66.6,なし,なし,なし,なし,なし,なし,なし,なし,なし,なし,なし,なし,なし,なし,TRUE,なし,なし,なし,なし,×,なし,×,×,なし,×,66.6,×,×,なし,×,×,なし,×,なし,なし,〇,なし,121,差,4,2.02608E+17,23107197
20260829,中京,5,6,未勝利,芝,2000,パンキー,牡,西村淳也,茶木太樹,栗,ウインブライト,2,中京芝2000,2,R8.8.29,パンキー46262,パンキー46260,パンキー46261,パンキー46256,パンキー46257,パンキー46249,パンキー46250,69.7,16.4,16.8,58.4,13.4,13.9,66.1,15.6,16.1,58.5,13.5,14.1,55.3,12.8,12.7,14.4,15.4,なし,なし,なし,なし,なし,66.2,なし,なし,なし,なし,なし,なし,なし,なし,なし,なし,なし,なし,なし,なし,なし,なし,なし,なし,なし,×,なし,×,×,なし,×,66.2,×,×,なし,×,×,なし,×,なし,なし,なし,なし,117,差,5,2.02608E+17,23102310
20260829,中京,5,7,未勝利,芝,2000,スリーキズナヒメ,牝,永島まな,橋田宜長,栗,キズナ,2,中京芝2000,2,R8.8.29,スリーキズナヒメ46262,スリーキズナヒメ46260,スリーキズナヒメ46261,スリーキズナヒメ46256,スリーキズナヒメ46257,スリーキズナヒメ46249,スリーキズナヒメ46250,なし,なし,なし,なし,なし,なし,66.8,15.8,16.1,56,13.7,13.4,55.5,12.7,13.4,14.3,15.1,なし,なし,なし,なし,なし,なし,なし,なし,なし,なし,なし,なし,なし,なし,なし,なし,なし,なし,なし,なし,なし,なし,なし,なし,なし,×,なし,×,×,なし,×,なし,なし,×,なし,×,×,なし,×,なし,なし,なし,なし,89,先,5,2.02608E+17,23106210
20260829,中京,5,8,未勝利,芝,2000,ゴールデンテティス,牝,加藤祥太,庄野靖志,栗,リアルスティール,2,中京芝2000,2,R8.8.29,ゴールデンテティス46262,ゴールデンテティス46260,ゴールデンテティス46261,ゴールデンテティス46256,ゴールデンテティス46257,ゴールデンテティス46249,ゴールデンテティス46250,65,15.6,15.2,61.9,14.3,15.6,67.8,16.1,15.6,57.8,14,14.2,55.4,12.4,13,14.6,15.4,なし,なし,なし,なし,なし,なし,なし,なし,なし,なし,なし,なし,なし,なし,なし,なし,なし,なし,なし,なし,なし,なし,なし,なし,なし,×,なし,×,×,なし,×,なし,なし,×,なし,×,×,なし,×,なし,なし,なし,なし,118,先,6,2.02608E+17,23101097
20260829,中京,5,9,未勝利,芝,2000,ウインリーブル,牝,国分優作,緒方努,栗,ゴールドシップ,2,中京芝2000,2,R8.8.29,ウインリーブル46262,ウインリーブル46260,ウインリーブル46261,ウインリーブル46256,ウインリーブル46257,ウインリーブル46249,ウインリーブル46250,なし,なし,なし,なし,なし,なし,なし,なし,なし,なし,なし,なし,なし,なし,なし,なし,なし,なし,なし,なし,なし,なし,なし,なし,12.3,なし,なし,15.2,84.3,11.8,51.9,66.7,なし,なし,なし,なし,なし,なし,〇,なし,〇,なし,なし,なし,なし,なし,なし,なし,なし,なし,なし,なし,なし,なし,なし,なし,なし,なし,なし,なし,0,　,6,2.02608E+17,23105872
20260829,中京,5,10,未勝利,芝,2000,ビクスバイト,牝,川田将雅,佐藤悠太,栗,サトノダイヤモンド,2,中京芝2000,2,R8.8.29,ビクスバイト46262,ビクスバイト46260,ビクスバイト46261,ビクスバイト46256,ビクスバイト46257,ビクスバイト46249,ビクスバイト46250,67.5,16,16.3,57.3,13.4,13.9,64.7,14.8,16,なし,なし,なし,なし,なし,なし,なし,なし,なし,なし,なし,なし,なし,なし,なし,なし,なし,なし,11.4,72.5,11.6,54,69,なし,なし,なし,なし,なし,FALSE,〇,なし,〇,なし,なし,なし,なし,なし,なし,なし,なし,なし,なし,なし,なし,なし,なし,なし,なし,なし,なし,なし,127,先,7,2.02608E+17,23106949
20260829,中京,5,11,未勝利,芝,2000,ラピス,牝,団野大成,安田翔伍,栗,コントレイル,2,中京芝2000,2,R8.8.29,ラピス46262,ラピス46260,ラピス46261,ラピス46256,ラピス46257,ラピス46249,ラピス46250,なし,なし,なし,67.2,16.2,15.8,なし,なし,なし,66.8,15.7,15.5,なし,なし,なし,なし,なし,なし,なし,なし,なし,なし,なし,なし,なし,なし,なし,なし,なし,12.4,54.2,69.6,なし,なし,なし,なし,なし,FALSE,×,なし,×,なし,なし,なし,なし,なし,なし,なし,なし,なし,なし,なし,なし,なし,なし,なし,なし,なし,なし,なし,106,差,7,2.02608E+17,23104405
20260829,中京,5,12,未勝利,芝,2000,クラリノ,牝,高倉稜,武英智,栗,サトノクラウン,2,中京芝2000,2,R8.8.29,クラリノ46262,クラリノ46260,クラリノ46261,クラリノ46256,クラリノ46257,クラリノ46249,クラリノ46250,52.5,12.9,12.1,なし,なし,なし,53,12.8,12.6,なし,なし,なし,なし,なし,なし,なし,なし,なし,なし,なし,なし,なし,68.4,なし,なし,なし,なし,なし,なし,11.8,56.7,74,なし,なし,なし,なし,なし,FALSE,〇,なし,〇,なし,なし,なし,なし,なし,なし,なし,68.4,×,なし,なし,なし,なし,なし,なし,なし,なし,なし,なし,99,差,8,2.02608E+17,23105119
20260829,中京,5,13,未勝利,芝,2000,プリティウーマン,牝,富田暁,高橋一哉,栗,コントレイル,2,中京芝2000,2,R8.8.29,プリティウーマン46262,プリティウーマン46260,プリティウーマン46261,プリティウーマン46256,プリティウーマン46257,プリティウーマン46249,プリティウーマン46250,なし,なし,なし,なし,なし,なし,63.6,15.3,16.4,56.2,12.8,13.3,53.9,12.9,13.1,13.9,14,なし,なし,なし,なし,なし,なし,なし,なし,なし,なし,なし,なし,なし,なし,なし,なし,なし,なし,なし,なし,なし,なし,なし,なし,なし,×,なし,×,×,なし,×,なし,なし,×,なし,×,×,なし,×,なし,なし,なし,なし,94,逃,8,2.02608E+17,23102808
20260829,中京,6,1,清洲特別･2勝,ダ,1200,フィドルファドル,牝,川田将雅,矢作芳人,栗,サトノアラジン,1,中京ダ1200,2,R8.8.29,フィドルファドル46262,フィドルファドル46260,フィドルファドル46261,フィドルファドル46256,フィドルファドル46257,フィドルファドル46249,フィドルファドル46250,64.4,15.9,15.6,61.4,14.7,14.7,67,14.6,16.2,60.2,14.4,14.4,57,12.3,13.5,15.1,16.1,なし,なし,なし,なし,なし,67.2,なし,なし,なし,なし,なし,なし,なし,なし,なし,なし,なし,なし,なし,なし,なし,なし,なし,なし,なし,×,なし,×,×,なし,×,67.2,×,×,なし,×,×,なし,×,TRUE,なし,〇,なし,109,差,1,2.02608E+17,22104674
20260829,中京,6,2,清洲特別･2勝,ダ,1200,ザウリ,牡,田口貫太,森田直行,栗,ビッグアーサー,1,中京ダ1200,2,R8.8.29,ザウリ46262,ザウリ46260,ザウリ46261,ザウリ46256,ザウリ46257,ザウリ46249,ザウリ46250,なし,なし,なし,なし,なし,なし,なし,なし,なし,53,12.9,12.2,なし,なし,なし,なし,なし,なし,なし,なし,なし,なし,69.9,なし,なし,なし,なし,なし,なし,12.2,52.8,67.7,なし,なし,なし,なし,なし,なし,×,なし,×,なし,なし,なし,なし,なし,なし,なし,69.9,×,なし,なし,なし,なし,なし,なし,なし,なし,なし,なし,101,差,2,2.02608E+17,19101399
20260829,中京,6,3,清洲特別･2勝,ダ,1200,オコタンペ,牡,富田暁,須貝尚介,栗,ニューイヤーズデイ,1,中京ダ1200,2,R8.8.29,オコタンペ46262,オコタンペ46260,オコタンペ46261,オコタンペ46256,オコタンペ46257,オコタンペ46249,オコタンペ46250,なし,なし,なし,なし,なし,なし,なし,なし,なし,なし,なし,なし,54.9,13.1,12.9,13.8,15.1,なし,なし,なし,なし,なし,なし,なし,なし,なし,なし,なし,なし,なし,なし,なし,なし,なし,なし,なし,なし,なし,なし,なし,なし,なし,×,なし,×,×,なし,×,なし,なし,×,なし,×,〇,なし,〇,なし,なし,×,×,105,差,3,2.02608E+17,21105849
20260829,中京,6,4,清洲特別･2勝,ダ,1200,シルフズミスチーフ,牝,岩田望来,池江泰寿,栗,Into Mischief,1,中京ダ1200,2,R8.8.29,シルフズミスチーフ46262,シルフズミスチーフ46260,シルフズミスチーフ46261,シルフズミスチーフ46256,シルフズミスチーフ46257,シルフズミスチーフ46249,シルフズミスチーフ46250,なし,なし,なし,なし,なし,なし,なし,なし,なし,60.4,14.4,14.1,55.4,12.6,13.3,14.2,15.3,なし,なし,なし,なし,なし,67.9,なし,なし,なし,なし,なし,なし,なし,なし,なし,なし,なし,なし,なし,なし,なし,なし,なし,なし,なし,×,なし,×,×,なし,×,67.9,×,×,なし,×,×,なし,×,TRUE,なし,〇,なし,117,先,4,2.02608E+17,22110001
20260829,中京,6,5,清洲特別･2勝,ダ,1200,ルクスレイモンド,牡,坂井瑠星,上原佑紀,美,ヘニーヒューズ,1,中京ダ1200,1,R8.8.29,ルクスレイモンド46262,ルクスレイモンド46260,ルクスレイモンド46261,ルクスレイモンド46256,ルクスレイモンド46257,ルクスレイモンド46249,ルクスレイモンド46250,なし,なし,なし,なし,なし,なし,なし,なし,なし,なし,なし,なし,54.6,12.2,12.8,14.2,15.4,なし,なし,なし,なし,なし,なし,なし,なし,なし,なし,13.2,72,なし,なし,なし,なし,なし,なし,なし,なし,なし,なし,なし,なし,なし,×,なし,×,×,なし,×,なし,なし,×,なし,×,×,なし,×,なし,なし,なし,なし,122,先,4,2.02608E+17,23100670
20260829,中京,6,6,清洲特別･2勝,ダ,1200,ダノンモンテローザ,セ,田山旺佑,茶木太樹,栗,ロードカナロア,1,中京ダ1200,2,R8.8.29,ダノンモンテローザ46262,ダノンモンテローザ46260,ダノンモンテローザ46261,ダノンモンテローザ46256,ダノンモンテローザ46257,ダノンモンテローザ46249,ダノンモンテローザ46250,66.1,15.8,16.7,65.1,15,15.3,65.4,15.8,16,57,12.2,13.9,54.1,12.3,12.6,14.3,14.9,なし,なし,なし,なし,なし,なし,なし,なし,なし,なし,なし,なし,なし,なし,なし,なし,なし,なし,なし,なし,なし,なし,なし,なし,なし,×,なし,×,×,なし,×,なし,なし,×,なし,×,×,なし,×,なし,なし,なし,なし,114,差,5,2.02608E+17,21100158
20260829,中京,6,7,清洲特別･2勝,ダ,1200,ローマンレイク,牝,角田大和,松永幹夫,栗,ドレフォン,1,中京ダ1200,2,R8.8.29,ローマンレイク46262,ローマンレイク46260,ローマンレイク46261,ローマンレイク46256,ローマンレイク46257,ローマンレイク46249,ローマンレイク46250,62.5,15.4,16.1,57.7,14.4,13.4,67.8,16.8,15.6,68.1,16.1,16.1,55.9,12.8,12.8,14.1,16.2,なし,なし,なし,なし,なし,なし,なし,なし,なし,なし,なし,なし,なし,なし,なし,なし,なし,なし,なし,なし,なし,なし,なし,なし,なし,×,なし,×,×,なし,×,なし,なし,×,なし,×,×,なし,×,なし,なし,なし,なし,97,先,5,2.02608E+17,21105976
20260829,中京,6,8,清洲特別･2勝,ダ,1200,ブルーノート,牡,松若風馬,梅田智之,栗,コパノリッキー,1,中京ダ1200,2,R8.8.29,ブルーノート46262,ブルーノート46260,ブルーノート46261,ブルーノート46256,ブルーノート46257,ブルーノート46249,ブルーノート46250,64.6,15,15.7,57,12.9,12.9,62.5,14.2,15,63.6,14.5,14.9,56.3,12.8,13.2,14.5,15.8,なし,なし,なし,なし,なし,68.3,なし,なし,なし,なし,なし,なし,なし,なし,なし,なし,なし,なし,なし,なし,なし,なし,なし,なし,なし,×,なし,×,×,なし,×,68.3,×,×,なし,×,×,なし,×,TRUE,なし,〇,なし,82,追,6,2.02608E+17,19100871
20260829,中京,6,9,清洲特別･2勝,ダ,1200,シアター,牝,長岡禎仁,茶木太樹,栗,リアルスティール,1,中京ダ1200,2,R8.8.29,シアター46262,シアター46260,シアター46261,シアター46256,シアター46257,シアター46249,シアター46250,67.1,15.2,15.7,59.2,14,13.6,65.7,15.6,15.9,57.9,13.5,13.5,54.5,12.4,12.6,13.8,15.7,なし,なし,なし,なし,なし,67.5,なし,なし,なし,なし,なし,なし,なし,なし,なし,なし,なし,なし,なし,なし,なし,なし,なし,なし,なし,×,なし,×,×,なし,×,67.5,×,×,なし,×,×,なし,×,なし,なし,なし,なし,97,先,6,2.02608E+17,21103299
20260829,中京,6,10,清洲特別･2勝,ダ,1200,リードプリンシパル,牝,川端海翼,天間昭一,美,ストロングリターン,1,中京ダ1200,1,R8.8.29,リードプリンシパル46262,リードプリンシパル46260,リードプリンシパル46261,リードプリンシパル46256,リードプリンシパル46257,リードプリンシパル46249,リードプリンシパル46250,なし,なし,なし,なし,なし,なし,なし,なし,なし,56.2,13.4,14.3,54,12.4,13.4,14.1,14.1,なし,なし,なし,なし,なし,なし,なし,なし,なし,なし,なし,なし,なし,なし,なし,なし,なし,なし,なし,なし,なし,なし,なし,なし,なし,×,なし,×,×,なし,×,なし,なし,×,なし,×,×,なし,×,TRUE,なし,〇,なし,91,先,7,2.02608E+17,22105748
20260829,中京,6,11,清洲特別･2勝,ダ,1200,アオイレーギーナ,牝,幸英明,宮地貴稔,栗,リアルスティール,1,中京ダ1200,2,R8.8.29,アオイレーギーナ46262,アオイレーギーナ46260,アオイレーギーナ46261,アオイレーギーナ46256,アオイレーギーナ46257,アオイレーギーナ46249,アオイレーギーナ46250,なし,なし,なし,なし,なし,なし,なし,なし,なし,56.7,12.3,13.8,52.9,12.6,12.8,13.7,13.8,なし,なし,なし,なし,なし,なし,15.5,12.9,15.8,82.8,なし,なし,なし,なし,なし,なし,なし,なし,なし,なし,なし,なし,なし,なし,なし,×,なし,×,×,なし,×,なし,なし,〇,なし,〇,×,なし,×,なし,なし,なし,なし,100,追,7,2.02608E+17,22102939
20260829,中京,6,12,清洲特別･2勝,ダ,1200,バッハアルプゼー,牡,西村淳也,橋口慎介,栗,Practical Joke,1,中京ダ1200,2,R8.8.29,バッハアルプゼー46262,バッハアルプゼー46260,バッハアルプゼー46261,バッハアルプゼー46256,バッハアルプゼー46257,バッハアルプゼー46249,バッハアルプゼー46250,なし,なし,なし,58.5,14,13.5,なし,なし,なし,56.1,12.8,13.3,54.8,12.6,13,13.7,15.5,なし,なし,なし,なし,なし,なし,なし,なし,なし,なし,なし,なし,なし,なし,なし,なし,なし,なし,なし,なし,なし,なし,なし,なし,なし,×,なし,×,×,なし,×,なし,なし,×,なし,×,×,なし,×,なし,なし,なし,なし,111,先,8,2.02608E+17,22106923
20260829,中京,6,13,清洲特別･2勝,ダ,1200,ゲーベル,牡,吉村誠之,渡辺薫彦,栗,ミッキーアイル,1,中京ダ1200,2,R8.8.29,ゲーベル46262,ゲーベル46260,ゲーベル46261,ゲーベル46256,ゲーベル46257,ゲーベル46249,ゲーベル46250,68.7,15.8,16.3,58.5,14.3,14.2,なし,なし,なし,なし,なし,なし,54.1,12.8,12.8,13.6,14.9,なし,なし,なし,なし,なし,68.3,なし,なし,12.6,73.4,なし,なし,なし,なし,なし,なし,なし,なし,なし,なし,なし,なし,なし,なし,なし,×,なし,×,×,なし,×,68.3,×,×,なし,×,×,なし,×,なし,なし,なし,なし,106,先,8,2.02608E+17,21100786
20260829,中京,7,1,長篠Ｓ･3勝,芝,1400,ボンヌソワレ,牝,川田将雅,宮田敬介,美,レイデオロ,2,中京芝1400,1,R8.8.29,ボンヌソワレ46262,ボンヌソワレ46260,ボンヌソワレ46261,ボンヌソワレ46256,ボンヌソワレ46257,ボンヌソワレ46249,ボンヌソワレ46250,68.5,15.5,16.8,なし,なし,なし,64.6,15.1,15.8,なし,なし,なし,53.9,12.2,12.8,14,14.9,なし,なし,なし,なし,なし,なし,なし,12.2,なし,なし,12.7,0,なし,なし,なし,なし,なし,なし,なし,なし,なし,なし,なし,なし,なし,×,なし,×,×,なし,×,なし,なし,×,なし,×,×,なし,×,なし,なし,なし,なし,122,先,1,2.02608E+17,22105435
20260829,中京,7,2,長篠Ｓ･3勝,芝,1400,ロードマイライフ,牡,長岡禎仁,佐藤悠太,栗,ロードカナロア,2,中京芝1400,2,R8.8.29,ロードマイライフ46262,ロードマイライフ46260,ロードマイライフ46261,ロードマイライフ46256,ロードマイライフ46257,ロードマイライフ46249,ロードマイライフ46250,66.8,14.7,16.2,51.2,12.6,11.9,なし,なし,なし,57.5,12.4,13.4,なし,なし,なし,なし,なし,なし,なし,なし,なし,なし,63.5,なし,なし,なし,なし,なし,なし,11.4,55.3,71.4,なし,なし,なし,なし,なし,TRUE,〇,なし,〇,なし,なし,なし,なし,なし,なし,なし,63.5,〇,なし,なし,なし,なし,なし,なし,なし,なし,〇,なし,106,追,2,2.02608E+17,21103312
20260829,中京,7,3,長篠Ｓ･3勝,芝,1400,ビップジーニー,牡,田山旺佑,松下武士,栗,サトノアラジン,2,中京芝1400,2,R8.8.29,ビップジーニー46262,ビップジーニー46260,ビップジーニー46261,ビップジーニー46256,ビップジーニー46257,ビップジーニー46249,ビップジーニー46250,67.1,15.5,16.5,59.9,14,14.3,65.9,15.2,16,57.9,12.7,14.5,56.1,12.5,12.9,14.7,16,なし,なし,なし,なし,なし,65.5,なし,なし,なし,なし,なし,なし,なし,なし,なし,なし,なし,なし,なし,なし,なし,なし,なし,なし,なし,×,なし,×,×,なし,×,65.5,〇,×,なし,×,×,なし,×,なし,なし,なし,なし,101,先,2,2.02608E+17,21105812
20260829,中京,7,4,長篠Ｓ･3勝,芝,1400,ブルクトーア,牡,亀田温心,長谷川浩,栗,Saxon Warrior,2,中京芝1400,2,R8.8.29,ブルクトーア46262,ブルクトーア46260,ブルクトーア46261,ブルクトーア46256,ブルクトーア46257,ブルクトーア46249,ブルクトーア46250,なし,なし,なし,57,13.6,13.9,55.6,12.7,13.6,なし,なし,なし,55,12.8,13,14.1,15.1,なし,なし,なし,なし,なし,67.3,なし,なし,なし,なし,なし,なし,なし,なし,なし,なし,なし,なし,なし,なし,なし,なし,なし,なし,なし,×,なし,×,×,なし,×,67.3,×,×,なし,×,×,なし,×,なし,なし,なし,なし,108,追,3,2.02608E+17,22104694
20260829,中京,7,5,長篠Ｓ･3勝,芝,1400,チャンネルトンネル,牡,団野大成,福永祐一,栗,グレーターロンドン,2,中京芝1400,2,R8.8.29,チャンネルトンネル46262,チャンネルトンネル46260,チャンネルトンネル46261,チャンネルトンネル46256,チャンネルトンネル46257,チャンネルトンネル46249,チャンネルトンネル46250,なし,なし,なし,55.6,13.1,13.2,65,16.3,16.1,62.2,15.8,15,なし,なし,なし,なし,なし,なし,なし,なし,なし,なし,65,16.2,なし,なし,なし,15.4,0,11.5,50.8,65.4,なし,なし,なし,なし,なし,なし,〇,なし,〇,なし,なし,なし,なし,なし,なし,なし,65,〇,なし,なし,なし,なし,なし,なし,なし,なし,なし,なし,109,差,3,2.02608E+17,21106369
20260829,中京,7,6,長篠Ｓ･3勝,芝,1400,セシリエプラージュ,牝,Ｍ．デム,中村直也,栗,ブリックスアンドモルタル,2,中京芝1400,2,R8.8.29,セシリエプラージュ46262,セシリエプラージュ46260,セシリエプラージュ46261,セシリエプラージュ46256,セシリエプラージュ46257,セシリエプラージュ46249,セシリエプラージュ46250,67.4,16.6,16.3,54.6,12.9,12.9,61.6,14.9,14.5,60.4,13,14.6,55.2,13,13.2,14.1,14.9,なし,なし,なし,なし,なし,66.6,なし,なし,なし,なし,なし,なし,なし,なし,なし,なし,なし,なし,なし,なし,なし,なし,なし,なし,なし,×,なし,×,×,なし,×,66.6,×,×,なし,×,〇,なし,〇,なし,なし,×,×,93,差,4,2.02608E+17,21104941
20260829,中京,7,7,長篠Ｓ･3勝,芝,1400,コト,牝,田口貫太,野中賢二,栗,キズナ,2,中京芝1400,2,R8.8.29,コト46262,コト46260,コト46261,コト46256,コト46257,コト46249,コト46250,67.1,16.7,16.2,57.9,13.5,14.4,67.2,16.4,16.4,58,13.6,14.2,55.1,12.2,13,14.9,15,なし,なし,なし,なし,なし,67,なし,なし,なし,なし,なし,なし,なし,なし,なし,なし,なし,なし,なし,なし,FALSE,なし,なし,なし,なし,×,なし,×,×,なし,×,67,×,×,なし,×,×,なし,×,なし,なし,なし,なし,94,差,4,2.02608E+17,21101019
20260829,中京,7,8,長篠Ｓ･3勝,芝,1400,ダークエクリプス,牡,松若風馬,今野貞一,栗,ドゥラメンテ,2,中京芝1400,2,R8.8.29,ダークエクリプス46262,ダークエクリプス46260,ダークエクリプス46261,ダークエクリプス46256,ダークエクリプス46257,ダークエクリプス46249,ダークエクリプス46250,68.2,15.4,17.4,57.2,13.2,13.5,65.2,15.6,16,59.6,14.5,14.3,55.2,13,12.5,14.1,15.6,なし,なし,なし,なし,なし,なし,なし,なし,なし,なし,なし,なし,なし,なし,なし,なし,なし,なし,なし,なし,なし,なし,なし,なし,なし,×,なし,×,×,なし,×,なし,なし,×,なし,×,〇,なし,〇,なし,なし,×,×,92,差,5,2.02608E+17,19106739
20260829,中京,7,9,長篠Ｓ･3勝,芝,1400,モジャーリオ,牡,菱田裕二,斎藤誠,美,リオンディーズ,2,中京芝1400,1,R8.8.29,モジャーリオ46262,モジャーリオ46260,モジャーリオ46261,モジャーリオ46256,モジャーリオ46257,モジャーリオ46249,モジャーリオ46250,67.7,16.1,17.2,58.1,13.9,14.3,66.5,15.6,16.5,58.6,13.7,14.1,52.4,12.2,13.1,13.2,13.9,なし,なし,なし,なし,なし,なし,なし,なし,なし,なし,なし,なし,なし,なし,なし,なし,なし,なし,なし,なし,FALSE,なし,なし,なし,なし,×,なし,×,×,なし,×,なし,なし,〇,なし,〇,×,なし,×,なし,なし,なし,なし,97,差,5,2.02608E+17,22106603
20260829,中京,7,10,長篠Ｓ･3勝,芝,1400,ポッドロワール,牡,岩田望来,畠山吉宏,美,レイデオロ,2,中京芝1400,1,R8.8.29,ポッドロワール46262,ポッドロワール46260,ポッドロワール46261,ポッドロワール46256,ポッドロワール46257,ポッドロワール46249,ポッドロワール46250,66.5,16.5,15.5,なし,なし,なし,68.8,16.2,16.3,67.1,16.3,16.3,なし,なし,なし,なし,なし,なし,なし,なし,なし,なし,なし,なし,12,15.8,0,11.5,73.6,11.5,49.9,64.2,なし,なし,なし,なし,なし,なし,〇,なし,〇,なし,なし,なし,なし,なし,なし,なし,なし,なし,なし,なし,なし,なし,なし,なし,なし,なし,なし,なし,128,差,6,2.02608E+17,22101573
20260829,中京,7,11,長篠Ｓ･3勝,芝,1400,フライングブレード,牡,幸英明,飯田祐史,栗,ビッグアーサー,2,中京芝1400,2,R8.8.29,フライングブレード46262,フライングブレード46260,フライングブレード46261,フライングブレード46256,フライングブレード46257,フライングブレード46249,フライングブレード46250,なし,なし,なし,57.1,13.1,13.4,70,16.5,17.1,なし,なし,なし,55.2,13,12.7,13.5,16,なし,なし,なし,なし,なし,なし,なし,なし,なし,なし,なし,なし,なし,なし,なし,なし,なし,なし,なし,なし,なし,なし,なし,なし,0,×,なし,×,×,なし,×,なし,なし,×,なし,×,〇,なし,〇,なし,なし,×,×,92,先,6,2.02608E+17,20100906
20260829,中京,7,12,長篠Ｓ･3勝,芝,1400,ポエットリー,牝,富田暁,平田修,栗,ダイワメジャー,2,中京芝1400,2,R8.8.29,ポエットリー46262,ポエットリー46260,ポエットリー46261,ポエットリー46256,ポエットリー46257,ポエットリー46249,ポエットリー46250,67.8,15.4,16.5,なし,なし,なし,67,15.5,16.1,なし,なし,なし,53,12.3,12.5,13.4,14.8,なし,なし,なし,なし,なし,67.7,なし,13.1,なし,なし,12,70.9,なし,なし,なし,なし,なし,なし,なし,なし,なし,なし,なし,なし,なし,×,なし,×,×,なし,×,67.7,×,〇,なし,〇,×,なし,×,なし,なし,なし,なし,104,差,7,2.02608E+17,21105202
20260829,中京,7,13,長篠Ｓ･3勝,芝,1400,ユハンヌス,牡,吉村誠之,大久保龍,栗,Frankel,2,中京芝1400,2,R8.8.29,ユハンヌス46262,ユハンヌス46260,ユハンヌス46261,ユハンヌス46256,ユハンヌス46257,ユハンヌス46249,ユハンヌス46250,なし,なし,なし,なし,なし,なし,なし,なし,なし,なし,なし,なし,なし,なし,なし,なし,なし,なし,なし,なし,なし,なし,なし,なし,なし,なし,なし,なし,なし,なし,なし,なし,なし,なし,なし,なし,なし,なし,なし,なし,なし,なし,なし,なし,なし,なし,なし,なし,なし,なし,なし,なし,なし,なし,なし,なし,なし,なし,なし,なし,97,差,7,2.02608E+17,20110039
20260829,中京,7,14,長篠Ｓ･3勝,芝,1400,ガンマジーティーピ,牡,西村淳也,渡辺薫彦,栗,カレンブラックヒル,2,中京芝1400,2,R8.8.29,ガンマジーティーピ46262,ガンマジーティーピ46260,ガンマジーティーピ46261,ガンマジーティーピ46256,ガンマジーティーピ46257,ガンマジーティーピ46249,ガンマジーティーピ46250,なし,なし,なし,58.6,13.2,13.5,68.9,16.7,16.9,57,14.1,13.4,なし,なし,なし,なし,なし,なし,なし,なし,なし,なし,なし,なし,なし,なし,なし,なし,なし,11.2,52.2,68.1,なし,なし,なし,なし,なし,なし,〇,なし,〇,なし,なし,なし,なし,なし,なし,なし,なし,なし,なし,なし,なし,なし,なし,なし,なし,なし,なし,なし,109,先,8,2.02608E+17,22106123
20260829,中京,7,15,長篠Ｓ･3勝,芝,1400,ユウファラオ,牡,中井裕二,森秀行,栗,American Pharoah,2,中京芝1400,2,R8.8.29,ユウファラオ46262,ユウファラオ46260,ユウファラオ46261,ユウファラオ46256,ユウファラオ46257,ユウファラオ46249,ユウファラオ46250,なし,なし,なし,55.6,13.2,13.3,なし,なし,なし,52.1,12.5,12.4,52.7,12.7,12.5,13,14.5,なし,なし,なし,なし,なし,なし,なし,なし,なし,なし,なし,なし,なし,なし,なし,なし,なし,なし,なし,なし,FALSE,なし,なし,なし,なし,×,なし,×,×,なし,×,なし,なし,〇,なし,〇,×,なし,×,なし,なし,なし,なし,100,逃,8,2.02608E+17,23110065
20260829,中京,8,1,桑名特別･2勝,芝,1400,カウンティフェア,牝,田山旺佑,高野友和,栗,サートゥルナーリア,2,中京芝1400,2,R8.8.29,カウンティフェア46262,カウンティフェア46260,カウンティフェア46261,カウンティフェア46256,カウンティフェア46257,カウンティフェア46249,カウンティフェア46250,なし,なし,なし,57.2,12.5,13.8,69.3,16.5,17.2,61,13.4,14.9,57,12.6,13.8,14.8,15.8,なし,なし,なし,なし,なし,なし,なし,なし,なし,なし,なし,なし,なし,なし,なし,なし,なし,なし,なし,なし,FALSE,なし,なし,なし,なし,×,なし,×,×,なし,×,なし,なし,×,なし,×,×,なし,×,なし,なし,なし,なし,91,先,1,2.02608E+17,22104121
20260829,中京,8,2,桑名特別･2勝,芝,1400,ツーネサーン,牡,富田暁,矢作芳人,栗,Frankel,2,中京芝1400,2,R8.8.29,ツーネサーン46262,ツーネサーン46260,ツーネサーン46261,ツーネサーン46256,ツーネサーン46257,ツーネサーン46249,ツーネサーン46250,なし,なし,なし,なし,なし,なし,なし,なし,なし,56.2,14.1,13.3,なし,なし,なし,なし,なし,なし,なし,なし,なし,なし,なし,なし,なし,なし,なし,なし,なし,なし,なし,なし,なし,なし,なし,なし,なし,なし,なし,なし,なし,なし,なし,なし,なし,なし,なし,なし,なし,なし,なし,なし,なし,なし,なし,なし,なし,なし,なし,なし,116,先,2,2.02608E+17,21105584
20260829,中京,8,3,桑名特別･2勝,芝,1400,サロニコス,牝,西村淳也,松下武士,栗,ロードカナロア,2,中京芝1400,2,R8.8.29,サロニコス46262,サロニコス46260,サロニコス46261,サロニコス46256,サロニコス46257,サロニコス46249,サロニコス46250,64.4,14.6,15.7,54.5,13.7,12.8,67.4,14.8,15.3,58.3,13.5,14.3,54.7,12.3,12.6,13.8,16,なし,なし,なし,なし,なし,66.6,なし,なし,なし,なし,なし,なし,なし,なし,なし,なし,なし,なし,なし,なし,なし,なし,なし,なし,なし,×,なし,×,×,なし,×,66.6,×,×,なし,×,×,なし,×,なし,なし,なし,なし,99,差,3,2.02608E+17,21105540
20260829,中京,8,4,桑名特別･2勝,芝,1400,アムールリーベ,牝,荻野琢真,宮地貴稔,栗,シルバーステート,2,中京芝1400,2,R8.8.29,アムールリーベ46262,アムールリーベ46260,アムールリーベ46261,アムールリーベ46256,アムールリーベ46257,アムールリーベ46249,アムールリーベ46250,65.2,15.8,16.3,54.4,13.2,12.6,63.6,15.5,15.8,54.6,12.4,13.5,53.5,12.4,13.3,13.5,14.3,なし,なし,なし,なし,なし,なし,なし,なし,なし,なし,なし,なし,なし,なし,なし,なし,なし,なし,なし,なし,なし,なし,なし,なし,なし,×,なし,×,×,なし,×,なし,なし,×,なし,×,×,なし,×,なし,なし,なし,なし,116,逃,3,2.02608E+17,21105659
20260829,中京,8,5,桑名特別･2勝,芝,1400,サクラオーラ,牝,酒井学,河嶋宏樹,栗,シルバーステート,2,中京芝1400,2,R8.8.29,サクラオーラ46262,サクラオーラ46260,サクラオーラ46261,サクラオーラ46256,サクラオーラ46257,サクラオーラ46249,サクラオーラ46250,なし,なし,なし,なし,なし,なし,なし,なし,なし,なし,なし,なし,なし,なし,なし,なし,なし,なし,なし,なし,なし,なし,なし,なし,なし,なし,なし,なし,なし,12.1,56.5,71.1,なし,なし,なし,なし,なし,なし,×,なし,×,なし,なし,なし,なし,なし,なし,なし,なし,なし,なし,なし,なし,なし,なし,なし,なし,なし,なし,なし,93,先,4,2.02608E+17,19106280
20260829,中京,8,6,桑名特別･2勝,芝,1400,トライアンフパス,牝,松若風馬,宮徹,栗,ベンバトル,2,中京芝1400,2,R8.8.29,トライアンフパス46262,トライアンフパス46260,トライアンフパス46261,トライアンフパス46256,トライアンフパス46257,トライアンフパス46249,トライアンフパス46250,なし,なし,なし,58.6,13.7,14.1,65.5,15.5,15.6,56.1,12.6,13.5,54.2,12.4,13.1,14.1,14.6,なし,なし,なし,なし,なし,なし,なし,なし,なし,なし,なし,なし,なし,なし,なし,なし,なし,なし,なし,なし,なし,なし,なし,なし,なし,×,なし,×,×,なし,×,なし,なし,×,なし,×,×,なし,×,なし,なし,なし,なし,107,先,4,2.02608E+17,23106431
20260829,中京,8,7,桑名特別･2勝,芝,1400,リアライズ,牡,角田大和,石橋守,栗,シルバーステート,2,中京芝1400,2,R8.8.29,リアライズ46262,リアライズ46260,リアライズ46261,リアライズ46256,リアライズ46257,リアライズ46249,リアライズ46250,68.6,16.2,16.9,68.8,16.2,16.6,なし,なし,なし,63,13.9,15.6,なし,なし,なし,なし,なし,なし,なし,なし,なし,なし,69.4,なし,なし,16.1,86.6,なし,なし,11.2,53.4,68.1,なし,なし,なし,なし,なし,なし,〇,なし,〇,なし,なし,なし,なし,なし,なし,なし,69.4,×,なし,なし,なし,なし,なし,なし,なし,なし,なし,なし,121,逃,5,2.02608E+17,20105299
20260829,中京,8,8,桑名特別･2勝,芝,1400,キャッスルレイク,牝,田口貫太,松下武士,栗,サートゥルナーリア,2,中京芝1400,2,R8.8.29,キャッスルレイク46262,キャッスルレイク46260,キャッスルレイク46261,キャッスルレイク46256,キャッスルレイク46257,キャッスルレイク46249,キャッスルレイク46250,70,16.5,16.8,61.3,14.8,15.1,68.8,16.5,16.8,59.1,14.2,14.6,55.2,12.6,13,14.2,15.4,なし,なし,なし,なし,なし,64.2,なし,なし,なし,なし,なし,なし,なし,なし,なし,なし,なし,なし,なし,なし,なし,なし,なし,なし,なし,×,なし,×,×,なし,×,64.2,〇,×,なし,×,×,なし,×,なし,なし,なし,なし,105,逃,5,2.02608E+17,22100642
20260829,中京,8,9,桑名特別･2勝,芝,1400,エーデルヴェーグ,牝,岩田望来,田中克典,栗,サートゥルナーリア,2,中京芝1400,2,R8.8.29,エーデルヴェーグ46262,エーデルヴェーグ46260,エーデルヴェーグ46261,エーデルヴェーグ46256,エーデルヴェーグ46257,エーデルヴェーグ46249,エーデルヴェーグ46250,なし,なし,なし,56.1,12.9,13.7,69.9,15.9,17.3,63.7,14.5,15.2,なし,なし,なし,なし,なし,なし,なし,なし,なし,なし,68.5,なし,なし,なし,なし,なし,なし,なし,なし,なし,なし,なし,なし,なし,なし,なし,なし,なし,なし,なし,なし,なし,なし,なし,なし,なし,68.5,×,なし,なし,なし,なし,なし,なし,なし,なし,なし,なし,111,差,6,2.02608E+17,22104647
20260829,中京,8,10,桑名特別･2勝,芝,1400,ワンコールアウェイ,牝,吉村誠之,杉山晴紀,栗,サートゥルナーリア,2,中京芝1400,2,R8.8.29,ワンコールアウェイ46262,ワンコールアウェイ46260,ワンコールアウェイ46261,ワンコールアウェイ46256,ワンコールアウェイ46257,ワンコールアウェイ46249,ワンコールアウェイ46250,なし,なし,なし,58.6,14.6,13.6,なし,なし,なし,59.2,13.7,13.8,53.4,12.3,12.4,13.5,15.2,なし,なし,なし,なし,なし,なし,なし,なし,なし,なし,なし,なし,なし,なし,なし,なし,なし,なし,なし,なし,FALSE,なし,なし,なし,なし,×,なし,×,×,なし,×,なし,なし,×,なし,×,×,なし,×,なし,なし,なし,なし,120,差,6,2.02608E+17,22104180
20260829,中京,8,11,桑名特別･2勝,芝,1400,アスクキングコング,セ,藤懸貴志,梅田智之,栗,ロードカナロア,2,中京芝1400,2,R8.8.29,アスクキングコング46262,アスクキングコング46260,アスクキングコング46261,アスクキングコング46256,アスクキングコング46257,アスクキングコング46249,アスクキングコング46250,なし,なし,なし,59.3,14.3,14.5,64.4,15.7,15.5,56.2,13,13.9,53.3,12.3,12.3,13.7,15,なし,なし,なし,なし,なし,69.6,なし,なし,なし,なし,なし,なし,なし,なし,なし,なし,なし,なし,なし,なし,なし,なし,なし,なし,なし,×,なし,×,×,なし,×,69.6,×,×,なし,×,×,なし,×,なし,なし,なし,なし,96,差,7,2.02608E+17,18104534
20260829,中京,8,12,桑名特別･2勝,芝,1400,サヴァビアン,牡,秋山稔樹,新開幸一,美,カレンブラックヒル,2,中京芝1400,1,R8.8.29,サヴァビアン46262,サヴァビアン46260,サヴァビアン46261,サヴァビアン46256,サヴァビアン46257,サヴァビアン46249,サヴァビアン46250,67.5,16.1,15.7,66.6,16.3,16.2,69.3,16.6,16.8,なし,なし,なし,なし,なし,なし,なし,なし,なし,なし,なし,なし,なし,なし,なし,なし,なし,なし,13.1,73.1,11.9,54.6,70.3,なし,なし,なし,なし,なし,なし,〇,なし,〇,なし,なし,なし,なし,なし,なし,なし,なし,なし,なし,なし,なし,なし,なし,なし,なし,なし,なし,なし,94,差,7,2.02608E+17,18103473
20260829,中京,8,13,桑名特別･2勝,芝,1400,モンテディアーナ,牝,団野大成,四位洋文,栗,ドレフォン,2,中京芝1400,2,R8.8.29,モンテディアーナ46262,モンテディアーナ46260,モンテディアーナ46261,モンテディアーナ46256,モンテディアーナ46257,モンテディアーナ46249,モンテディアーナ46250,なし,なし,なし,なし,なし,なし,なし,なし,なし,59.8,13.4,13.7,なし,なし,なし,なし,なし,なし,なし,なし,なし,なし,なし,なし,なし,なし,なし,なし,なし,12.3,53.8,0,なし,なし,なし,なし,なし,FALSE,×,なし,×,なし,なし,なし,なし,なし,なし,なし,なし,なし,なし,なし,なし,なし,なし,なし,なし,なし,なし,なし,102,逃,8,2.02608E+17,22104597
20260829,中京,8,14,桑名特別･2勝,芝,1400,ダガーリング,牡,坂井瑠星,柴田卓,栗,タワーオブロンドン,2,中京芝1400,2,R8.8.29,ダガーリング46262,ダガーリング46260,ダガーリング46261,ダガーリング46256,ダガーリング46257,ダガーリング46249,ダガーリング46250,なし,なし,なし,63,15.6,15.3,67.2,16.2,16.2,62.1,14.1,15,53,11.9,12.1,13.8,15.2,なし,なし,なし,なし,なし,66.3,なし,なし,なし,なし,なし,なし,なし,なし,なし,なし,なし,なし,なし,なし,なし,なし,なし,なし,なし,〇,なし,〇,×,なし,×,66.3,×,〇,なし,〇,×,なし,×,なし,〇,〇,なし,127,先,8,2.02608E+17,22102153
20260829,中京,9,1,１勝ｸﾗｽ・牝,ダ,1800,ラグナトーレ,牝,中井裕二,角田晃一,栗,オルフェーヴル,1,中京ダ1800,2,R8.8.29,ラグナトーレ46262,ラグナトーレ46260,ラグナトーレ46261,ラグナトーレ46256,ラグナトーレ46257,ラグナトーレ46249,ラグナトーレ46250,67.2,15.8,16,60.3,14.3,14.2,64.4,15.3,15.7,59.3,14.2,14.1,55,12.6,13.1,14,15.3,なし,なし,なし,なし,なし,66.1,なし,なし,なし,なし,なし,なし,なし,なし,なし,なし,なし,なし,なし,なし,なし,なし,なし,なし,なし,×,なし,×,×,なし,×,66.1,×,×,なし,×,×,なし,×,なし,なし,なし,なし,87,先,1,2.02608E+17,22106185
20260829,中京,9,2,１勝ｸﾗｽ・牝,ダ,1800,ブラッドムーン,牝,田山旺佑,宮本博,栗,シニスターミニスター,1,中京ダ1800,2,R8.8.29,ブラッドムーン46262,ブラッドムーン46260,ブラッドムーン46261,ブラッドムーン46256,ブラッドムーン46257,ブラッドムーン46249,ブラッドムーン46250,なし,なし,なし,なし,なし,なし,67,15.9,15.5,66.9,16.3,15.6,56.1,13,13.3,14.2,15.6,なし,なし,なし,なし,なし,65.6,なし,なし,なし,なし,なし,なし,なし,なし,なし,なし,なし,なし,なし,なし,なし,なし,なし,なし,なし,×,なし,×,×,なし,×,65.6,〇,×,なし,×,〇,なし,〇,なし,なし,×,×,94,差,2,2.02608E+17,23102701
20260829,中京,9,3,１勝ｸﾗｽ・牝,ダ,1800,コンテナライン,牝,鮫島良太,牧浦充徳,栗,ドゥラメンテ,1,中京ダ1800,2,R8.8.29,コンテナライン46262,コンテナライン46260,コンテナライン46261,コンテナライン46256,コンテナライン46257,コンテナライン46249,コンテナライン46250,なし,なし,なし,56.3,13.5,13.6,なし,なし,なし,59.1,14.5,14.7,56.2,12.8,13.3,14.7,15.4,なし,なし,なし,なし,なし,なし,15.6,なし,15.2,81.6,なし,なし,なし,なし,なし,なし,なし,なし,なし,なし,TRUE,なし,なし,なし,なし,×,なし,×,×,なし,×,なし,なし,×,なし,×,×,なし,×,なし,なし,〇,なし,91,追,3,2.02608E+17,22105954
20260829,中京,9,4,１勝ｸﾗｽ・牝,ダ,1800,セレーノ,牝,永島まな,高橋亮,栗,モーリス,1,中京ダ1800,2,R8.8.29,セレーノ46262,セレーノ46260,セレーノ46261,セレーノ46256,セレーノ46257,セレーノ46249,セレーノ46250,なし,なし,なし,なし,なし,なし,なし,なし,なし,58,14,14.2,なし,なし,なし,なし,なし,なし,なし,なし,なし,なし,なし,15.9,なし,15.3,82.8,なし,なし,14.9,67.6,85.7,0,11.2,53.2,0,0,なし,×,〇,〇,なし,なし,なし,なし,なし,なし,なし,なし,なし,なし,なし,なし,なし,なし,なし,TRUE,なし,〇,なし,98,逃,4,2.02608E+17,23104372
20260829,中京,9,5,１勝ｸﾗｽ・牝,ダ,1800,クラテロス,牝,岩田望来,寺島良,栗,ホッコータルマエ,1,中京ダ1800,2,R8.8.29,クラテロス46262,クラテロス46260,クラテロス46261,クラテロス46256,クラテロス46257,クラテロス46249,クラテロス46250,69.1,16,16.3,63.5,15.7,15.4,59.8,14.3,14.5,61.5,14.4,15.7,なし,なし,なし,なし,なし,なし,なし,なし,なし,なし,なし,なし,なし,なし,なし,なし,なし,11.8,55.5,71.9,なし,なし,なし,なし,なし,FALSE,〇,なし,〇,なし,なし,なし,なし,なし,なし,なし,なし,なし,なし,なし,なし,なし,なし,なし,なし,なし,なし,なし,80,先,5,2.02608E+17,23105462
20260829,中京,9,6,１勝ｸﾗｽ・牝,ダ,1800,ラテライト,牝,菱田裕二,橋田宜長,栗,ブリックスアンドモルタル,1,中京ダ1800,2,R8.8.29,ラテライト46262,ラテライト46260,ラテライト46261,ラテライト46256,ラテライト46257,ラテライト46249,ラテライト46250,67.8,15,16.1,60.1,13.8,14.9,なし,なし,なし,なし,なし,なし,なし,なし,なし,なし,なし,なし,なし,なし,なし,なし,65,なし,なし,なし,なし,なし,なし,なし,なし,なし,なし,なし,なし,なし,なし,なし,なし,なし,なし,なし,なし,なし,なし,なし,なし,なし,65,〇,なし,なし,なし,なし,なし,なし,なし,なし,なし,なし,98,先,6,2.02608E+17,22105794
20260829,中京,9,7,１勝ｸﾗｽ・牝,ダ,1800,リアンクトワ,牝,柴田裕一,辻野泰之,栗,ドレフォン,1,中京ダ1800,2,R8.8.29,リアンクトワ46262,リアンクトワ46260,リアンクトワ46261,リアンクトワ46256,リアンクトワ46257,リアンクトワ46249,リアンクトワ46250,64.7,16.1,15.6,57,13.9,13.4,66,15.8,15.7,57.9,14.2,13.9,54.6,13,12.9,13.9,14.8,なし,なし,なし,なし,なし,63.9,なし,なし,なし,なし,なし,なし,なし,なし,なし,なし,なし,なし,なし,なし,FALSE,なし,なし,なし,なし,×,なし,×,×,なし,×,63.9,〇,×,なし,×,〇,なし,〇,なし,なし,×,×,109,差,7,2.02608E+17,21103293
20260829,中京,9,8,１勝ｸﾗｽ・牝,ダ,1800,シエーナカラー,牝,酒井学,北出成人,栗,デクラレーションオブウォー,1,中京ダ1800,2,R8.8.29,シエーナカラー46262,シエーナカラー46260,シエーナカラー46261,シエーナカラー46256,シエーナカラー46257,シエーナカラー46249,シエーナカラー46250,65.6,15.7,16,62.6,15.8,14.5,68.1,14.9,16,58.9,13.1,14.8,54.9,12.2,12.8,14.6,15.3,なし,なし,なし,なし,なし,なし,なし,なし,なし,なし,なし,なし,なし,なし,なし,なし,なし,なし,なし,なし,なし,なし,なし,なし,なし,×,なし,×,×,なし,×,なし,なし,×,なし,×,×,なし,×,なし,なし,なし,なし,97,差,8,2.02608E+17,23103169
20260829,中京,9,9,１勝ｸﾗｽ・牝,ダ,1800,メイショウアカリ,牝,太宰啓介,松下武士,栗,ホッコータルマエ,1,中京ダ1800,2,R8.8.29,メイショウアカリ46262,メイショウアカリ46260,メイショウアカリ46261,メイショウアカリ46256,メイショウアカリ46257,メイショウアカリ46249,メイショウアカリ46250,なし,なし,なし,54.9,13,12.9,なし,なし,なし,58.6,13.7,14.4,55.3,12.6,12.7,14.3,15.7,なし,なし,なし,なし,なし,68.9,なし,なし,なし,なし,なし,なし,なし,なし,なし,なし,なし,なし,なし,なし,なし,なし,なし,なし,なし,×,なし,×,×,なし,×,68.9,×,×,なし,×,×,なし,×,なし,なし,なし,なし,104,追,8,2.02608E+17,23106568
20260829,中京,10,1,１勝ｸﾗｽ,ダ,1400,ワイドグンサ,牡,西村淳也,庄野靖志,栗,ニューイヤーズデイ,1,中京ダ1400,2,R8.8.29,ワイドグンサ46262,ワイドグンサ46260,ワイドグンサ46261,ワイドグンサ46256,ワイドグンサ46257,ワイドグンサ46249,ワイドグンサ46250,68.2,15.7,16.5,55.7,13,13.2,65.5,16.5,15.6,55.8,12.7,12.9,53.6,12.4,12.8,13.9,14.5,なし,なし,なし,なし,なし,69.6,なし,なし,なし,なし,なし,なし,なし,なし,なし,なし,なし,なし,なし,なし,なし,なし,なし,なし,なし,×,なし,×,×,なし,×,69.6,×,×,なし,×,×,なし,×,なし,なし,なし,なし,106,追,1,2.02608E+17,23106323
20260829,中京,10,2,１勝ｸﾗｽ,ダ,1400,パヴィーア,牝,岩田望来,田中克典,栗,Medaglia d'Oro,1,中京ダ1400,2,R8.8.29,パヴィーア46262,パヴィーア46260,パヴィーア46261,パヴィーア46256,パヴィーア46257,パヴィーア46249,パヴィーア46250,67.2,15.8,15.7,56.6,13.1,13.5,67.8,15.7,16.8,58.5,13.7,14.1,56.6,12.5,13.7,14.9,15.5,なし,なし,なし,なし,なし,67.7,なし,なし,なし,なし,なし,なし,なし,なし,なし,なし,なし,なし,なし,なし,なし,なし,なし,なし,なし,×,なし,×,×,なし,×,67.7,×,×,なし,×,×,なし,×,なし,なし,なし,なし,114,差,1,2.02608E+17,22110082
20260829,中京,10,3,１勝ｸﾗｽ,ダ,1400,ハッピーラブソング,牝,菱田裕二,牧浦充徳,栗,バンドワゴン,1,中京ダ1400,2,R8.8.29,ハッピーラブソング46262,ハッピーラブソング46260,ハッピーラブソング46261,ハッピーラブソング46256,ハッピーラブソング46257,ハッピーラブソング46249,ハッピーラブソング46250,65,14.9,16.1,58.3,13.5,13.7,なし,なし,なし,65,16,15.4,54.4,13.7,12.9,13.7,14.1,なし,なし,なし,なし,なし,なし,14.3,なし,13.2,0,なし,なし,なし,なし,なし,なし,なし,なし,なし,なし,FALSE,なし,なし,なし,なし,×,なし,×,×,なし,×,なし,なし,×,なし,×,〇,なし,〇,なし,なし,×,×,92,差,2,2.02608E+17,23100566
20260829,中京,10,4,１勝ｸﾗｽ,ダ,1400,タイニーワンダー,牝,田山旺佑,四位洋文,栗,ドレフォン,1,中京ダ1400,2,R8.8.29,タイニーワンダー46262,タイニーワンダー46260,タイニーワンダー46261,タイニーワンダー46256,タイニーワンダー46257,タイニーワンダー46249,タイニーワンダー46250,69.5,16.5,16.9,57.7,13.4,14.1,64.7,14.7,15.8,58.6,14.7,13.9,55.8,12.3,12.9,14.5,16.1,なし,なし,なし,なし,なし,なし,なし,なし,なし,なし,なし,なし,なし,なし,なし,なし,なし,なし,なし,なし,FALSE,なし,なし,なし,なし,×,なし,×,×,なし,×,なし,なし,×,なし,×,×,なし,×,なし,なし,なし,なし,121,先,2,2.02608E+17,23105027
20260829,中京,10,5,１勝ｸﾗｽ,ダ,1400,ヴィヴァシャス,牝,角田大和,笹田和秀,栗,モズアスコット,1,中京ダ1400,2,R8.8.29,ヴィヴァシャス46262,ヴィヴァシャス46260,ヴィヴァシャス46261,ヴィヴァシャス46256,ヴィヴァシャス46257,ヴィヴァシャス46249,ヴィヴァシャス46250,なし,なし,なし,57.7,14,13.7,65.5,15,16,57,13.3,13.6,54.9,12.4,13,14.3,15.2,なし,なし,なし,なし,なし,68.5,なし,なし,なし,なし,なし,なし,なし,なし,なし,なし,なし,なし,なし,なし,なし,なし,なし,なし,なし,×,なし,×,×,なし,×,68.5,×,×,なし,×,×,なし,×,なし,なし,なし,なし,87,差,3,2.02608E+17,22104391
20260829,中京,10,6,１勝ｸﾗｽ,ダ,1400,ジューンセクレタ,牡,富田暁,武英智,栗,Maclean's Music,1,中京ダ1400,2,R8.8.29,ジューンセクレタ46262,ジューンセクレタ46260,ジューンセクレタ46261,ジューンセクレタ46256,ジューンセクレタ46257,ジューンセクレタ46249,ジューンセクレタ46250,なし,なし,なし,なし,なし,なし,68.2,16.3,16.8,69,16.5,16.5,なし,なし,なし,なし,なし,なし,なし,なし,なし,なし,68.4,なし,なし,なし,なし,なし,なし,11.7,56.1,73.2,なし,なし,なし,なし,なし,FALSE,〇,なし,〇,なし,なし,なし,なし,なし,なし,なし,68.4,×,なし,なし,なし,なし,なし,なし,なし,なし,なし,なし,117,逃,3,2.02608E+17,23110029
20260829,中京,10,7,１勝ｸﾗｽ,ダ,1400,ウォーターパラディ,牡,国分恭介,岡田稲男,栗,ウォータービルド,1,中京ダ1400,2,R8.8.29,ウォーターパラディ46262,ウォーターパラディ46260,ウォーターパラディ46261,ウォーターパラディ46256,ウォーターパラディ46257,ウォーターパラディ46249,ウォーターパラディ46250,66.3,15.7,15.4,56.8,12.6,13.5,69.1,16.3,16.3,56.3,13.6,12.9,55.2,12.5,12.6,14.3,15.8,なし,なし,なし,なし,なし,65.7,なし,なし,なし,なし,なし,なし,なし,なし,なし,なし,なし,なし,なし,なし,なし,なし,なし,なし,なし,×,なし,×,×,なし,×,65.7,〇,×,なし,×,×,なし,×,なし,なし,なし,なし,99,先,4,2.02608E+17,22103229
20260829,中京,10,8,１勝ｸﾗｽ,ダ,1400,メイショウサトノヒ,牡,幸英明,長谷川浩,栗,ニューイヤーズデイ,1,中京ダ1400,2,R8.8.29,メイショウサトノヒ46262,メイショウサトノヒ46260,メイショウサトノヒ46261,メイショウサトノヒ46256,メイショウサトノヒ46257,メイショウサトノヒ46249,メイショウサトノヒ46250,57.3,13.2,13.5,なし,なし,なし,なし,なし,なし,なし,なし,なし,55.6,12.9,13.3,14.2,15.2,なし,なし,なし,なし,なし,67.6,なし,なし,13.1,70.2,なし,なし,なし,なし,なし,なし,なし,なし,なし,なし,なし,なし,なし,なし,なし,×,なし,×,×,なし,×,67.6,×,×,なし,×,×,なし,×,なし,なし,なし,なし,99,差,4,2.02608E+17,22103634
20260829,中京,10,9,１勝ｸﾗｽ,ダ,1400,ピョイットハレルヤ,牝,松若風馬,浜田多実,栗,フォーウィールドライブ,1,中京ダ1400,2,R8.8.29,ピョイットハレルヤ46262,ピョイットハレルヤ46260,ピョイットハレルヤ46261,ピョイットハレルヤ46256,ピョイットハレルヤ46257,ピョイットハレルヤ46249,ピョイットハレルヤ46250,なし,なし,なし,なし,なし,なし,なし,なし,なし,なし,なし,なし,57.8,13.6,14.4,14.7,15.1,なし,なし,なし,なし,なし,68.7,なし,なし,なし,なし,なし,なし,なし,なし,なし,なし,なし,なし,なし,なし,なし,なし,なし,なし,なし,×,なし,×,×,なし,×,68.7,×,×,なし,×,〇,なし,〇,なし,なし,×,×,103,先,5,2.02608E+17,23105427
20260829,中京,10,10,１勝ｸﾗｽ,ダ,1400,リンゲルブルーメ,牝,川端海翼,佐藤悠太,栗,ドレフォン,1,中京ダ1400,2,R8.8.29,リンゲルブルーメ46262,リンゲルブルーメ46260,リンゲルブルーメ46261,リンゲルブルーメ46256,リンゲルブルーメ46257,リンゲルブルーメ46249,リンゲルブルーメ46250,なし,なし,なし,なし,なし,なし,なし,なし,なし,なし,なし,なし,なし,なし,なし,なし,なし,なし,なし,なし,なし,なし,67.5,なし,なし,なし,なし,11.7,71.6,なし,なし,なし,なし,なし,なし,なし,なし,FALSE,なし,なし,なし,なし,なし,なし,なし,なし,なし,なし,67.5,×,なし,なし,なし,なし,なし,なし,なし,なし,なし,なし,108,先,5,2.02608E+17,22105011
20260829,中京,10,11,１勝ｸﾗｽ,ダ,1400,アルプスオジョー,牝,田口貫太,手塚貴徳,美,パイロ,1,中京ダ1400,1,R8.8.29,アルプスオジョー46262,アルプスオジョー46260,アルプスオジョー46261,アルプスオジョー46256,アルプスオジョー46257,アルプスオジョー46249,アルプスオジョー46250,64.5,15.5,15.8,55.7,12.8,13.7,67.2,15.5,16.3,55.2,12.4,13.4,なし,なし,なし,なし,なし,なし,なし,なし,なし,なし,なし,なし,なし,なし,なし,なし,なし,11.4,51.9,67.8,なし,なし,なし,なし,なし,なし,〇,なし,〇,なし,なし,なし,なし,なし,なし,なし,なし,なし,なし,なし,なし,なし,なし,なし,なし,なし,なし,なし,101,追,6,2.02608E+17,21100540
20260829,中京,10,12,１勝ｸﾗｽ,ダ,1400,マダムカマラード,牝,秋山稔樹,宮徹,栗,ディーマジェスティ,1,中京ダ1400,2,R8.8.29,マダムカマラード46262,マダムカマラード46260,マダムカマラード46261,マダムカマラード46256,マダムカマラード46257,マダムカマラード46249,マダムカマラード46250,62.7,14.9,14.8,56.3,12.7,14,なし,なし,なし,60.1,14,14.4,55.8,11.7,14.3,15.1,14.7,なし,なし,なし,なし,なし,なし,なし,16.6,なし,なし,なし,なし,なし,なし,なし,なし,なし,なし,なし,なし,なし,なし,なし,なし,なし,〇,なし,〇,×,なし,×,なし,なし,×,なし,×,×,なし,×,なし,〇,〇,なし,81,差,6,2.02608E+17,23100978
20260829,中京,10,13,１勝ｸﾗｽ,ダ,1400,グランメドウ,牡,坂井瑠星,藤岡健一,栗,American Pharoah,1,中京ダ1400,2,R8.8.29,グランメドウ46262,グランメドウ46260,グランメドウ46261,グランメドウ46256,グランメドウ46257,グランメドウ46249,グランメドウ46250,67.2,16,16.7,59.4,14.7,14.6,63.7,15.6,15.2,58.9,14.6,14.3,なし,なし,なし,なし,なし,なし,なし,なし,なし,なし,なし,なし,なし,なし,なし,なし,なし,11.8,53.2,68.4,なし,なし,なし,なし,なし,FALSE,〇,なし,〇,なし,なし,なし,なし,なし,なし,なし,なし,なし,なし,なし,なし,なし,なし,なし,なし,なし,なし,なし,121,　,7,2.02608E+17,21110107
20260829,中京,10,14,１勝ｸﾗｽ,ダ,1400,ハンザキ,牝,永島まな,高橋義忠,栗,ハクサンムーン,1,中京ダ1400,2,R8.8.29,ハンザキ46262,ハンザキ46260,ハンザキ46261,ハンザキ46256,ハンザキ46257,ハンザキ46249,ハンザキ46250,なし,なし,なし,68.2,16.6,16.5,68.2,15.3,16,58.4,13,13.3,54,12.3,12.3,13.8,15.6,なし,なし,なし,なし,なし,なし,なし,なし,なし,なし,なし,なし,なし,なし,なし,なし,なし,なし,なし,なし,なし,なし,なし,なし,なし,×,なし,×,×,なし,×,なし,なし,×,なし,×,×,なし,×,なし,なし,なし,なし,97,先,7,2.02608E+17,23101004
20260829,中京,10,15,１勝ｸﾗｽ,ダ,1400,タイセイレグノ,セ,国分優作,浜田多実,栗,マジェスティックウォリアー,1,中京ダ1400,2,R8.8.29,タイセイレグノ46262,タイセイレグノ46260,タイセイレグノ46261,タイセイレグノ46256,タイセイレグノ46257,タイセイレグノ46249,タイセイレグノ46250,なし,なし,なし,55.3,12.6,13.1,なし,なし,なし,61.7,13.5,14.9,55.3,12.4,13.4,14.4,15.1,なし,なし,なし,なし,なし,68.1,なし,なし,なし,なし,なし,なし,なし,なし,なし,なし,なし,なし,なし,なし,なし,なし,なし,なし,なし,×,なし,×,×,なし,×,68.1,×,×,なし,×,×,なし,×,なし,なし,なし,なし,98,追,8,2.02608E+17,22101403
20260829,中京,10,16,１勝ｸﾗｽ,ダ,1400,ジャンヌドゥレーヴ,牝,中井裕二,角田晃一,栗,ヘニーヒューズ,1,中京ダ1400,2,R8.8.29,ジャンヌドゥレーヴ46262,ジャンヌドゥレーヴ46260,ジャンヌドゥレーヴ46261,ジャンヌドゥレーヴ46256,ジャンヌドゥレーヴ46257,ジャンヌドゥレーヴ46249,ジャンヌドゥレーヴ46250,なし,なし,なし,64,15.9,16.2,66,15.4,16.1,65.5,15.9,16.5,53.8,12.1,13,13.6,15.1,なし,なし,なし,なし,なし,68.9,なし,なし,なし,なし,なし,なし,なし,なし,なし,なし,なし,なし,なし,なし,なし,なし,なし,なし,なし,×,なし,×,×,なし,×,68.9,×,×,なし,×,×,なし,×,なし,なし,なし,なし,114,追,8,2.02608E+17,23104060
20260829,中京,11,1,１勝ｸﾗｽ,芝,1600,オーバースタンド,牡,松若風馬,小崎憲,栗,モズアスコット,2,中京芝1600,2,R8.8.29,オーバースタンド46262,オーバースタンド46260,オーバースタンド46261,オーバースタンド46256,オーバースタンド46257,オーバースタンド46249,オーバースタンド46250,なし,なし,なし,65.7,15.9,15.9,なし,なし,なし,64.9,14.7,15.7,53,13,12.5,13.2,14.3,なし,なし,なし,なし,なし,なし,なし,なし,なし,なし,なし,なし,なし,なし,なし,なし,なし,なし,なし,なし,なし,なし,なし,なし,なし,×,なし,×,×,なし,×,なし,なし,〇,なし,〇,〇,なし,〇,なし,なし,×,×,113,追,1,2.02608E+17,22106354
20260829,中京,11,2,１勝ｸﾗｽ,芝,1600,エンベッカ,牝,西村淳也,柴田卓,栗,サトノダイヤモンド,2,中京芝1600,2,R8.8.29,エンベッカ46262,エンベッカ46260,エンベッカ46261,エンベッカ46256,エンベッカ46257,エンベッカ46249,エンベッカ46250,なし,なし,なし,なし,なし,なし,なし,なし,なし,なし,なし,なし,なし,なし,なし,なし,なし,なし,なし,なし,なし,なし,なし,なし,なし,なし,なし,なし,なし,11.7,54.2,0,なし,なし,なし,なし,なし,なし,〇,なし,〇,なし,なし,なし,なし,なし,なし,なし,なし,なし,なし,なし,なし,なし,なし,なし,なし,なし,なし,なし,97,差,2,2.02608E+17,22104824
20260829,中京,11,3,１勝ｸﾗｽ,芝,1600,ファルカータ,牝,坂井瑠星,友道康夫,栗,エピファネイア,2,中京芝1600,2,R8.8.29,ファルカータ46262,ファルカータ46260,ファルカータ46261,ファルカータ46256,ファルカータ46257,ファルカータ46249,ファルカータ46250,なし,なし,なし,68.9,16.1,16.4,63.5,15.2,15.6,なし,なし,なし,なし,なし,なし,なし,なし,なし,なし,なし,なし,なし,なし,なし,なし,なし,なし,11.5,74.9,11.8,56.7,0,なし,なし,なし,なし,なし,FALSE,〇,なし,〇,なし,なし,なし,なし,なし,なし,なし,なし,なし,なし,なし,なし,なし,なし,なし,なし,なし,なし,なし,108,先,3,2.02608E+17,23105804
20260829,中京,11,4,１勝ｸﾗｽ,芝,1600,リアンマヒナ,牡,岩田望来,高橋一哉,栗,モズアスコット,2,中京芝1600,2,R8.8.29,リアンマヒナ46262,リアンマヒナ46260,リアンマヒナ46261,リアンマヒナ46256,リアンマヒナ46257,リアンマヒナ46249,リアンマヒナ46250,66,15.8,15.8,60.8,14,14.6,66.6,15.5,16.1,58.5,12.8,13.9,53.6,12.3,12.9,13.8,14.6,なし,なし,なし,なし,なし,68.2,なし,なし,なし,なし,なし,なし,なし,なし,なし,なし,なし,なし,なし,なし,なし,なし,なし,なし,なし,×,なし,×,×,なし,×,68.2,×,×,なし,×,×,なし,×,TRUE,なし,〇,なし,121,差,4,2.02608E+17,23104430
20260829,中京,11,5,１勝ｸﾗｽ,芝,1600,メイショウビストロ,牡,菱田裕二,岡田稲男,栗,カリフォルニアクローム,2,中京芝1600,2,R8.8.29,メイショウビストロ46262,メイショウビストロ46260,メイショウビストロ46261,メイショウビストロ46256,メイショウビストロ46257,メイショウビストロ46249,メイショウビストロ46250,なし,なし,なし,なし,なし,なし,なし,なし,なし,なし,なし,なし,なし,なし,なし,なし,なし,なし,なし,なし,なし,なし,なし,なし,なし,なし,なし,なし,なし,12.5,54.8,69.9,なし,なし,なし,なし,なし,なし,×,なし,×,なし,なし,なし,なし,なし,なし,なし,なし,なし,なし,なし,なし,なし,なし,なし,なし,なし,なし,なし,101,差,4,2.02608E+17,22103251
20260829,中京,11,6,１勝ｸﾗｽ,芝,1600,レッドリガーレ,牡,幸英明,斉藤崇史,栗,モーリス,2,中京芝1600,2,R8.8.29,レッドリガーレ46262,レッドリガーレ46260,レッドリガーレ46261,レッドリガーレ46256,レッドリガーレ46257,レッドリガーレ46249,レッドリガーレ46250,なし,なし,なし,なし,なし,なし,なし,なし,なし,なし,なし,なし,なし,なし,なし,なし,なし,なし,なし,なし,なし,なし,68.6,なし,なし,なし,なし,なし,なし,なし,なし,なし,なし,なし,なし,なし,なし,FALSE,なし,なし,なし,なし,なし,なし,なし,なし,なし,なし,68.6,×,なし,なし,なし,なし,なし,なし,なし,なし,なし,なし,104,追,5,2.02608E+17,23106614
20260829,中京,11,7,１勝ｸﾗｽ,芝,1600,チャンピオンロード,牡,富田暁,矢作芳人,栗,St Mark's Basilica,2,中京芝1600,2,R8.8.29,チャンピオンロード46262,チャンピオンロード46260,チャンピオンロード46261,チャンピオンロード46256,チャンピオンロード46257,チャンピオンロード46249,チャンピオンロード46250,なし,なし,なし,なし,なし,なし,64.1,15.7,15.8,63.3,14.6,15.2,53.8,12.5,12.6,14,14.7,なし,なし,なし,なし,なし,64.6,なし,なし,なし,なし,なし,なし,なし,なし,なし,なし,なし,なし,なし,なし,なし,なし,なし,なし,なし,×,なし,×,×,なし,×,64.6,〇,×,なし,×,×,なし,×,なし,なし,なし,なし,85,　,5,2.02608E+17,23110023
20260829,中京,11,8,１勝ｸﾗｽ,芝,1600,フレイムスター,牡,吉村誠之,清水久詞,栗,ドレフォン,2,中京芝1600,2,R8.8.29,フレイムスター46262,フレイムスター46260,フレイムスター46261,フレイムスター46256,フレイムスター46257,フレイムスター46249,フレイムスター46250,なし,なし,なし,なし,なし,なし,なし,なし,なし,62.3,14.8,14.7,なし,なし,なし,なし,なし,なし,なし,なし,なし,なし,なし,なし,なし,なし,なし,なし,なし,11.4,53.7,69.4,なし,なし,なし,なし,なし,なし,〇,なし,〇,なし,なし,なし,なし,なし,なし,なし,なし,なし,なし,なし,なし,なし,なし,なし,なし,なし,なし,なし,102,逃,6,2.02608E+17,23101577
20260829,中京,11,9,１勝ｸﾗｽ,芝,1600,ヴォーカライズ,牡,田山旺佑,高野友和,栗,ブリックスアンドモルタル,2,中京芝1600,2,R8.8.29,ヴォーカライズ46262,ヴォーカライズ46260,ヴォーカライズ46261,ヴォーカライズ46256,ヴォーカライズ46257,ヴォーカライズ46249,ヴォーカライズ46250,なし,なし,なし,なし,なし,なし,68.4,16,16.5,57.1,12.5,13.9,56.1,12.4,13.8,14.5,15.4,なし,なし,なし,なし,なし,なし,なし,なし,なし,なし,なし,なし,なし,なし,なし,なし,なし,なし,なし,なし,FALSE,なし,なし,なし,なし,×,なし,×,×,なし,×,なし,なし,×,なし,×,×,なし,×,なし,なし,なし,なし,116,差,6,2.02608E+17,23103783
20260829,中京,11,10,１勝ｸﾗｽ,芝,1600,エイズルブルーム,牝,国分優作,坂口智康,栗,リオンディーズ,2,中京芝1600,2,R8.8.29,エイズルブルーム46262,エイズルブルーム46260,エイズルブルーム46261,エイズルブルーム46256,エイズルブルーム46257,エイズルブルーム46249,エイズルブルーム46250,なし,なし,なし,なし,なし,なし,なし,なし,なし,57.3,13,13.2,なし,なし,なし,なし,なし,なし,なし,なし,なし,なし,なし,なし,なし,なし,なし,なし,なし,11.7,52.9,68.2,なし,なし,なし,なし,なし,なし,〇,なし,〇,0,なし,なし,なし,なし,なし,なし,なし,なし,なし,なし,なし,なし,なし,なし,なし,なし,なし,なし,96,追,7,2.02608E+17,23102996
20260829,中京,11,11,１勝ｸﾗｽ,芝,1600,ギザキズラヴ,牝,藤懸貴志,加藤公太,栗,キズナ,2,中京芝1600,2,R8.8.29,ギザキズラヴ46262,ギザキズラヴ46260,ギザキズラヴ46261,ギザキズラヴ46256,ギザキズラヴ46257,ギザキズラヴ46249,ギザキズラヴ46250,なし,なし,なし,なし,なし,なし,なし,なし,なし,68.7,16.8,16.4,53.9,12.1,13,13.7,15.1,なし,なし,なし,なし,なし,68,なし,なし,なし,なし,なし,なし,なし,なし,なし,なし,なし,なし,なし,なし,なし,なし,なし,なし,なし,×,なし,×,×,なし,×,68,×,×,なし,×,×,なし,×,なし,なし,なし,なし,81,先,7,2.02608E+17,22106715
20260829,中京,11,12,１勝ｸﾗｽ,芝,1600,グローブアマランス,牝,田口貫太,中尾秀正,栗,ドゥラメンテ,2,中京芝1600,2,R8.8.29,グローブアマランス46262,グローブアマランス46260,グローブアマランス46261,グローブアマランス46256,グローブアマランス46257,グローブアマランス46249,グローブアマランス46250,なし,なし,なし,なし,なし,なし,64.9,15.3,15.9,56.3,14.2,14,53.7,12.9,12.8,13.3,14.7,なし,なし,なし,なし,なし,70,なし,なし,なし,なし,なし,なし,なし,なし,なし,なし,なし,なし,なし,なし,なし,なし,なし,なし,なし,×,なし,×,×,なし,×,70,×,×,なし,×,×,なし,×,なし,なし,なし,なし,109,マ,8,2.02608E+17,21105022
20260829,中京,11,13,１勝ｸﾗｽ,芝,1600,リオンプライム,牝,中井裕二,鈴木孝志,栗,リオンディーズ,2,中京芝1600,2,R8.8.29,リオンプライム46262,リオンプライム46260,リオンプライム46261,リオンプライム46256,リオンプライム46257,リオンプライム46249,リオンプライム46250,68.4,15.5,16.7,57.2,13.9,13.7,69.5,16.6,17.7,60.7,13.9,14.2,53.2,12.6,12.8,13.8,14,なし,なし,なし,なし,なし,66.5,なし,なし,なし,なし,なし,なし,なし,なし,なし,なし,なし,なし,なし,なし,なし,なし,なし,なし,なし,×,なし,×,×,なし,×,66.5,×,×,なし,×,×,なし,×,なし,なし,なし,なし,92,追,8,2.02608E+17,22103100
20260829,中京,12,1,未勝利,ダ,1800,クロレ,牝,坂井瑠星,福永祐一,栗,Quality Road,1,中京ダ1800,2,R8.8.29,クロレ46262,クロレ46260,クロレ46261,クロレ46256,クロレ46257,クロレ46249,クロレ46250,なし,なし,なし,なし,なし,なし,69.6,16.7,16.9,67.2,17.1,16.5,53.5,13.1,12.6,13.6,14.2,なし,なし,なし,なし,なし,なし,なし,なし,なし,なし,なし,なし,なし,なし,なし,なし,なし,なし,なし,なし,なし,なし,なし,なし,なし,×,なし,×,×,なし,×,なし,なし,×,なし,×,〇,なし,〇,なし,なし,×,×,108,差,1,2.02608E+17,23110041
20260829,中京,12,2,未勝利,ダ,1800,ゴールデンドラゴン,牡,松若風馬,宮本博,栗,フィエールマン,1,中京ダ1800,2,R8.8.29,ゴールデンドラゴン46262,ゴールデンドラゴン46260,ゴールデンドラゴン46261,ゴールデンドラゴン46256,ゴールデンドラゴン46257,ゴールデンドラゴン46249,ゴールデンドラゴン46250,68.8,17.1,16.2,なし,なし,なし,69.3,16.3,17.3,なし,なし,なし,59.7,12.9,14.5,15.3,17,なし,なし,なし,なし,なし,61.4,なし,なし,なし,なし,なし,なし,なし,なし,なし,なし,なし,なし,なし,なし,なし,なし,なし,なし,なし,×,なし,×,×,なし,×,61.4,〇,×,なし,×,×,なし,×,なし,なし,なし,なし,112,先,2,2.02608E+17,23104872
20260829,中京,12,3,未勝利,ダ,1800,タガノランパート,牡,田口貫太,奥村豊,栗,タワーオブロンドン,1,中京ダ1800,2,R8.8.29,タガノランパート46262,タガノランパート46260,タガノランパート46261,タガノランパート46256,タガノランパート46257,タガノランパート46249,タガノランパート46250,67,16.4,16.5,なし,なし,なし,66.9,16.6,16.3,62.2,15.1,15.5,なし,なし,なし,なし,なし,なし,なし,なし,なし,なし,なし,なし,なし,なし,なし,なし,なし,なし,なし,なし,なし,なし,なし,なし,なし,FALSE,なし,なし,なし,なし,なし,なし,なし,なし,なし,なし,なし,なし,なし,なし,なし,なし,なし,なし,なし,なし,なし,なし,112,差,3,2.02608E+17,23104330
20260829,中京,12,4,未勝利,ダ,1800,クリコバロー,牡,酒井学,渡辺薫彦,栗,ロジャーバローズ,1,中京ダ1800,2,R8.8.29,クリコバロー46262,クリコバロー46260,クリコバロー46261,クリコバロー46256,クリコバロー46257,クリコバロー46249,クリコバロー46250,なし,なし,なし,61.2,14.3,14.4,なし,なし,なし,57.9,14,14.4,なし,なし,なし,なし,なし,なし,なし,なし,なし,なし,67.5,なし,なし,15.5,88.3,なし,なし,11.8,53,69.3,なし,なし,なし,なし,なし,なし,〇,なし,〇,なし,なし,なし,なし,なし,なし,なし,67.5,×,なし,なし,なし,なし,なし,なし,なし,なし,なし,なし,97,差,3,2.02608E+17,23101412
20260829,中京,12,5,未勝利,ダ,1800,シャイニングスター,牡,幸英明,小椋研介,栗,ルーラーシップ,1,中京ダ1800,2,R8.8.29,シャイニングスター46262,シャイニングスター46260,シャイニングスター46261,シャイニングスター46256,シャイニングスター46257,シャイニングスター46249,シャイニングスター46250,なし,なし,なし,56.9,13,13.4,64.8,15.3,15.1,なし,なし,なし,55.1,12.7,13.5,13.6,15.3,なし,なし,なし,なし,なし,68.2,15.9,なし,なし,なし,11.6,68.7,なし,なし,なし,なし,なし,なし,なし,なし,なし,なし,なし,なし,なし,×,なし,×,×,なし,×,68.2,×,×,なし,×,×,なし,×,なし,なし,なし,なし,98,差,4,2.02608E+17,23103239
20260829,中京,12,6,未勝利,ダ,1800,ブクブクー,牡,田山旺佑,小栗実,栗,Yaupon,1,中京ダ1800,2,R8.8.29,ブクブクー46262,ブクブクー46260,ブクブクー46261,ブクブクー46256,ブクブクー46257,ブクブクー46249,ブクブクー46250,なし,なし,なし,なし,なし,なし,なし,なし,なし,なし,なし,なし,なし,なし,なし,なし,なし,なし,なし,なし,なし,なし,なし,なし,12.6,なし,なし,なし,なし,なし,なし,なし,なし,なし,なし,なし,なし,なし,なし,なし,なし,なし,なし,なし,なし,なし,なし,なし,なし,なし,なし,なし,なし,なし,なし,なし,なし,なし,なし,なし,107,追,4,2.02608E+17,23107528
20260829,中京,12,7,未勝利,ダ,1800,ベルラフィネ,牝,柴田裕一,岡田稲男,栗,ドレフォン,1,中京ダ1800,2,R8.8.29,ベルラフィネ46262,ベルラフィネ46260,ベルラフィネ46261,ベルラフィネ46256,ベルラフィネ46257,ベルラフィネ46249,ベルラフィネ46250,68.1,16.9,15.9,57.7,13.6,13.4,なし,なし,なし,なし,なし,なし,63.8,15.7,15.6,15.8,16.7,55,12.6,12.9,14,15.5,なし,なし,なし,なし,なし,なし,なし,なし,なし,なし,なし,なし,なし,なし,なし,なし,なし,なし,なし,なし,×,×,×,×,×,×,なし,なし,×,×,×,×,なし,×,なし,なし,なし,なし,85,差,5,2.02608E+17,23100305
20260829,中京,12,8,未勝利,ダ,1800,シホノグラツィア,牡,団野大成,佐藤悠太,栗,キズナ,1,中京ダ1800,2,R8.8.29,シホノグラツィア46262,シホノグラツィア46260,シホノグラツィア46261,シホノグラツィア46256,シホノグラツィア46257,シホノグラツィア46249,シホノグラツィア46250,67.2,15.8,16.2,55,12.4,12.9,61.9,15.4,15.3,なし,なし,なし,なし,なし,なし,なし,なし,なし,なし,なし,なし,なし,61.2,なし,なし,なし,なし,11.9,73.5,11.3,54.8,70.7,なし,なし,なし,なし,なし,TRUE,〇,なし,〇,なし,なし,なし,なし,なし,なし,なし,61.2,〇,なし,なし,なし,なし,なし,なし,なし,なし,〇,なし,102,追,5,2.02608E+17,23106896
20260829,中京,12,9,未勝利,ダ,1800,クロームクロス,牡,菱田裕二,西園翔太,栗,ミスターメロディ,1,中京ダ1800,2,R8.8.29,クロームクロス46262,クロームクロス46260,クロームクロス46261,クロームクロス46256,クロームクロス46257,クロームクロス46249,クロームクロス46250,67.9,17.1,16.8,なし,なし,なし,67.8,16.1,16.5,なし,なし,なし,56,13.7,12.9,13.9,15.5,なし,なし,なし,なし,なし,67.4,なし,13.1,なし,なし,12.6,72.6,なし,なし,なし,なし,なし,なし,なし,なし,なし,なし,なし,なし,なし,×,なし,×,×,なし,×,67.4,×,×,なし,×,〇,なし,〇,なし,なし,×,×,92,先,6,2.02608E+17,23102887
20260829,中京,12,10,未勝利,ダ,1800,ガラード,牡,吉村誠之,杉山佳明,栗,ルヴァンスレーヴ,1,中京ダ1800,2,R8.8.29,ガラード46262,ガラード46260,ガラード46261,ガラード46256,ガラード46257,ガラード46249,ガラード46250,なし,なし,なし,なし,なし,なし,なし,なし,なし,58.4,14,13.8,54.8,12.9,13.1,14,14.8,なし,なし,なし,なし,なし,なし,なし,なし,なし,なし,なし,なし,なし,なし,なし,なし,なし,なし,なし,なし,なし,なし,なし,なし,なし,×,なし,×,×,なし,×,なし,なし,×,なし,×,×,なし,×,なし,なし,なし,なし,100,差,6,2.02608E+17,23100855
20260829,中京,12,11,未勝利,ダ,1800,メイショウハーブス,牡,藤懸貴志,高橋義忠,栗,リアルスティール,1,中京ダ1800,2,R8.8.29,メイショウハーブス46262,メイショウハーブス46260,メイショウハーブス46261,メイショウハーブス46256,メイショウハーブス46257,メイショウハーブス46249,メイショウハーブス46250,なし,なし,なし,なし,なし,なし,なし,なし,なし,なし,なし,なし,57.2,13,13.3,14.8,16.1,なし,なし,なし,なし,なし,なし,なし,なし,なし,なし,なし,なし,なし,なし,なし,なし,なし,なし,なし,なし,なし,なし,なし,なし,なし,×,なし,×,×,なし,×,なし,なし,×,なし,×,〇,なし,〇,なし,なし,×,×,101,差,7,2.02608E+17,23104940
20260829,中京,12,12,未勝利,ダ,1800,トラッドロア,牝,富田暁,高野友和,栗,Yaupon,1,中京ダ1800,2,R8.8.29,トラッドロア46262,トラッドロア46260,トラッドロア46261,トラッドロア46256,トラッドロア46257,トラッドロア46249,トラッドロア46250,70,16.1,17,58.3,13.6,13.5,なし,なし,なし,61.1,13.5,14.9,55.5,12.4,13.4,14.8,14.9,なし,なし,なし,なし,なし,なし,なし,なし,なし,なし,なし,なし,なし,なし,なし,なし,なし,なし,なし,なし,FALSE,なし,なし,なし,なし,×,なし,×,×,なし,×,なし,なし,×,なし,×,×,なし,×,なし,なし,なし,なし,102,追,7,2.02608E+17,23110010
20260829,中京,12,13,未勝利,ダ,1800,サマーナジュム,牡,中井裕二,角田晃一,栗,キズナ,1,中京ダ1800,2,R8.8.29,サマーナジュム46262,サマーナジュム46260,サマーナジュム46261,サマーナジュム46256,サマーナジュム46257,サマーナジュム46249,サマーナジュム46250,なし,なし,なし,なし,なし,なし,なし,なし,なし,66.2,15.8,16.1,59.2,14.1,14.3,14.3,16.5,なし,なし,なし,なし,なし,67.3,なし,なし,なし,なし,なし,なし,なし,なし,なし,なし,なし,なし,なし,なし,なし,なし,なし,なし,なし,×,なし,×,×,なし,×,67.3,×,×,なし,×,〇,なし,〇,なし,なし,×,×,91,先,8,2.02608E+17,23104379
20260829,中京,12,14,未勝利,ダ,1800,メイショウジンソウ,牡,太宰啓介,本田優,栗,ゴールドドリーム,1,中京ダ1800,2,R8.8.29,メイショウジンソウ46262,メイショウジンソウ46260,メイショウジンソウ46261,メイショウジンソウ46256,メイショウジンソウ46257,メイショウジンソウ46249,メイショウジンソウ46250,なし,なし,なし,なし,なし,なし,68.2,16,16.3,なし,なし,なし,なし,なし,なし,なし,なし,なし,なし,なし,なし,なし,なし,なし,なし,なし,なし,なし,なし,12.2,52.1,67.2,なし,なし,なし,なし,なし,なし,×,なし,×,なし,なし,なし,なし,なし,なし,なし,なし,なし,なし,なし,なし,なし,なし,なし,なし,なし,なし,なし,102,　,8,2.02608E+17,23101043
20,0,0,0,0,0,0,0,0,0,0,0,0,#N/A,000,#N/A,#VALUE!,#VALUE!,#VALUE!,#VALUE!,#VALUE!,#VALUE!,#VALUE!,#VALUE!,#VALUE!,#VALUE!,#VALUE!,#VALUE!,#VALUE!,#VALUE!,#VALUE!,#VALUE!,#VALUE!,#VALUE!,#VALUE!,#VALUE!,#VALUE!,#VALUE!,#VALUE!,#VALUE!,#VALUE!,#VALUE!,#VALUE!,#VALUE!,#VALUE!,#VALUE!,#VALUE!,#VALUE!,#VALUE!,#VALUE!,#VALUE!,#VALUE!,#VALUE!,#VALUE!,#VALUE!,#VALUE!,#VALUE!,#VALUE!,#VALUE!,#VALUE!,#VALUE!,なし,#VALUE!,#VALUE!,#VALUE!,#VALUE!,#VALUE!,#VALUE!,#VALUE!,#VALUE!,#VALUE!,#VALUE!,#VALUE!,#VALUE!,#VALUE!,#VALUE!,#VALUE!,#VALUE!,#VALUE!,#VALUE!,なし,#VALUE!,#VALUE!,#VALUE!,0,0,0,0,0
20,0,0,0,0,0,0,0,0,0,0,0,0,#N/A,000,#N/A,#VALUE!,#VALUE!,#VALUE!,#VALUE!,#VALUE!,#VALUE!,#VALUE!,#VALUE!,#VALUE!,#VALUE!,#VALUE!,#VALUE!,#VALUE!,#VALUE!,#VALUE!,#VALUE!,#VALUE!,#VALUE!,#VALUE!,#VALUE!,#VALUE!,#VALUE!,#VALUE!,#VALUE!,#VALUE!,#VALUE!,#VALUE!,#VALUE!,#VALUE!,#VALUE!,#VALUE!,#VALUE!,#VALUE!,#VALUE!,#VALUE!,#VALUE!,#VALUE!,#VALUE!,#VALUE!,#VALUE!,#VALUE!,#VALUE!,#VALUE!,#VALUE!,#VALUE!,なし,#VALUE!,#VALUE!,#VALUE!,#VALUE!,#VALUE!,#VALUE!,#VALUE!,#VALUE!,#VALUE!,#VALUE!,#VALUE!,#VALUE!,#VALUE!,#VALUE!,#VALUE!,#VALUE!,#VALUE!,#VALUE!,なし,#VALUE!,#VALUE!,#VALUE!,0,0,0,0,0
20,0,0,0,0,0,0,0,0,0,0,0,0,#N/A,000,#N/A,#VALUE!,#VALUE!,#VALUE!,#VALUE!,#VALUE!,#VALUE!,#VALUE!,#VALUE!,#VALUE!,#VALUE!,#VALUE!,#VALUE!,#VALUE!,#VALUE!,#VALUE!,#VALUE!,#VALUE!,#VALUE!,#VALUE!,#VALUE!,#VALUE!,#VALUE!,#VALUE!,#VALUE!,#VALUE!,#VALUE!,#VALUE!,#VALUE!,#VALUE!,#VALUE!,#VALUE!,#VALUE!,#VALUE!,#VALUE!,#VALUE!,#VALUE!,#VALUE!,#VALUE!,#VALUE!,#VALUE!,#VALUE!,#VALUE!,#VALUE!,#VALUE!,#VALUE!,なし,#VALUE!,#VALUE!,#VALUE!,#VALUE!,#VALUE!,#VALUE!,#VALUE!,#VALUE!,#VALUE!,#VALUE!,#VALUE!,#VALUE!,#VALUE!,#VALUE!,#VALUE!,#VALUE!,#VALUE!,#VALUE!,なし,#VALUE!,#VALUE!,#VALUE!,0,0,0,0,0
20,0,0,0,0,0,0,0,0,0,0,0,0,#N/A,000,#N/A,#VALUE!,#VALUE!,#VALUE!,#VALUE!,#VALUE!,#VALUE!,#VALUE!,#VALUE!,#VALUE!,#VALUE!,#VALUE!,#VALUE!,#VALUE!,#VALUE!,#VALUE!,#VALUE!,#VALUE!,#VALUE!,#VALUE!,#VALUE!,#VALUE!,#VALUE!,#VALUE!,#VALUE!,#VALUE!,#VALUE!,#VALUE!,#VALUE!,#VALUE!,#VALUE!,#VALUE!,#VALUE!,#VALUE!,#VALUE!,#VALUE!,#VALUE!,#VALUE!,#VALUE!,#VALUE!,#VALUE!,#VALUE!,#VALUE!,#VALUE!,#VALUE!,#VALUE!,なし,#VALUE!,#VALUE!,#VALUE!,#VALUE!,#VALUE!,#VALUE!,#VALUE!,#VALUE!,#VALUE!,#VALUE!,#VALUE!,#VALUE!,#VALUE!,#VALUE!,#VALUE!,#VALUE!,#VALUE!,#VALUE!,なし,#VALUE!,#VALUE!,#VALUE!,0,0,0,0,0
20,0,0,0,0,0,0,0,0,0,0,0,0,#N/A,000,#N/A,#VALUE!,#VALUE!,#VALUE!,#VALUE!,#VALUE!,#VALUE!,#VALUE!,#VALUE!,#VALUE!,#VALUE!,#VALUE!,#VALUE!,#VALUE!,#VALUE!,#VALUE!,#VALUE!,#VALUE!,#VALUE!,#VALUE!,#VALUE!,#VALUE!,#VALUE!,#VALUE!,#VALUE!,#VALUE!,#VALUE!,#VALUE!,#VALUE!,#VALUE!,#VALUE!,#VALUE!,#VALUE!,#VALUE!,#VALUE!,#VALUE!,#VALUE!,#VALUE!,#VALUE!,#VALUE!,#VALUE!,#VALUE!,#VALUE!,#VALUE!,#VALUE!,#VALUE!,なし,#VALUE!,#VALUE!,#VALUE!,#VALUE!,#VALUE!,#VALUE!,#VALUE!,#VALUE!,#VALUE!,#VALUE!,#VALUE!,#VALUE!,#VALUE!,#VALUE!,#VALUE!,#VALUE!,#VALUE!,#VALUE!,なし,#VALUE!,#VALUE!,#VALUE!,0,0,0,0,0
20,0,0,0,0,0,0,0,0,0,0,0,0,#N/A,000,#N/A,#VALUE!,#VALUE!,#VALUE!,#VALUE!,#VALUE!,#VALUE!,#VALUE!,#VALUE!,#VALUE!,#VALUE!,#VALUE!,#VALUE!,#VALUE!,#VALUE!,#VALUE!,#VALUE!,#VALUE!,#VALUE!,#VALUE!,#VALUE!,#VALUE!,#VALUE!,#VALUE!,#VALUE!,#VALUE!,#VALUE!,#VALUE!,#VALUE!,#VALUE!,#VALUE!,#VALUE!,#VALUE!,#VALUE!,#VALUE!,#VALUE!,#VALUE!,#VALUE!,#VALUE!,#VALUE!,#VALUE!,#VALUE!,#VALUE!,#VALUE!,#VALUE!,#VALUE!,なし,#VALUE!,#VALUE!,#VALUE!,#VALUE!,#VALUE!,#VALUE!,#VALUE!,#VALUE!,#VALUE!,#VALUE!,#VALUE!,#VALUE!,#VALUE!,#VALUE!,#VALUE!,#VALUE!,#VALUE!,#VALUE!,なし,#VALUE!,#VALUE!,#VALUE!,0,0,0,0,0
20,0,0,0,0,0,0,0,0,0,0,0,0,#N/A,000,#N/A,#VALUE!,#VALUE!,#VALUE!,#VALUE!,#VALUE!,#VALUE!,#VALUE!,#VALUE!,#VALUE!,#VALUE!,#VALUE!,#VALUE!,#VALUE!,#VALUE!,#VALUE!,#VALUE!,#VALUE!,#VALUE!,#VALUE!,#VALUE!,#VALUE!,#VALUE!,#VALUE!,#VALUE!,#VALUE!,#VALUE!,#VALUE!,#VALUE!,#VALUE!,#VALUE!,#VALUE!,#VALUE!,#VALUE!,#VALUE!,#VALUE!,#VALUE!,#VALUE!,#VALUE!,#VALUE!,#VALUE!,#VALUE!,#VALUE!,#VALUE!,#VALUE!,#VALUE!,なし,#VALUE!,#VALUE!,#VALUE!,#VALUE!,#VALUE!,#VALUE!,#VALUE!,#VALUE!,#VALUE!,#VALUE!,#VALUE!,#VALUE!,#VALUE!,#VALUE!,#VALUE!,#VALUE!,#VALUE!,#VALUE!,なし,#VALUE!,#VALUE!,#VALUE!,0,0,0,0,0
20,0,0,0,0,0,0,0,0,0,0,0,0,#N/A,000,#N/A,#VALUE!,#VALUE!,#VALUE!,#VALUE!,#VALUE!,#VALUE!,#VALUE!,#VALUE!,#VALUE!,#VALUE!,#VALUE!,#VALUE!,#VALUE!,#VALUE!,#VALUE!,#VALUE!,#VALUE!,#VALUE!,#VALUE!,#VALUE!,#VALUE!,#VALUE!,#VALUE!,#VALUE!,#VALUE!,#VALUE!,#VALUE!,#VALUE!,#VALUE!,#VALUE!,#VALUE!,#VALUE!,#VALUE!,#VALUE!,#VALUE!,#VALUE!,#VALUE!,#VALUE!,#VALUE!,#VALUE!,#VALUE!,#VALUE!,#VALUE!,#VALUE!,#VALUE!,なし,#VALUE!,#VALUE!,#VALUE!,#VALUE!,#VALUE!,#VALUE!,#VALUE!,#VALUE!,#VALUE!,#VALUE!,#VALUE!,#VALUE!,#VALUE!,#VALUE!,#VALUE!,#VALUE!,#VALUE!,#VALUE!,なし,#VALUE!,#VALUE!,#VALUE!,0,0,0,0,0
20,0,0,0,0,0,0,0,0,0,0,0,0,#N/A,000,#N/A,#VALUE!,#VALUE!,#VALUE!,#VALUE!,#VALUE!,#VALUE!,#VALUE!,#VALUE!,#VALUE!,#VALUE!,#VALUE!,#VALUE!,#VALUE!,#VALUE!,#VALUE!,#VALUE!,#VALUE!,#VALUE!,#VALUE!,#VALUE!,#VALUE!,#VALUE!,#VALUE!,#VALUE!,#VALUE!,#VALUE!,#VALUE!,#VALUE!,#VALUE!,#VALUE!,#VALUE!,#VALUE!,#VALUE!,#VALUE!,#VALUE!,#VALUE!,#VALUE!,#VALUE!,#VALUE!,#VALUE!,#VALUE!,#VALUE!,#VALUE!,#VALUE!,#VALUE!,なし,#VALUE!,#VALUE!,#VALUE!,#VALUE!,#VALUE!,#VALUE!,#VALUE!,#VALUE!,#VALUE!,#VALUE!,#VALUE!,#VALUE!,#VALUE!,#VALUE!,#VALUE!,#VALUE!,#VALUE!,#VALUE!,なし,#VALUE!,#VALUE!,#VALUE!,0,0,0,0,0
20,0,0,0,0,0,0,0,0,0,0,0,0,#N/A,000,#N/A,#VALUE!,#VALUE!,#VALUE!,#VALUE!,#VALUE!,#VALUE!,#VALUE!,#VALUE!,#VALUE!,#VALUE!,#VALUE!,#VALUE!,#VALUE!,#VALUE!,#VALUE!,#VALUE!,#VALUE!,#VALUE!,#VALUE!,#VALUE!,#VALUE!,#VALUE!,#VALUE!,#VALUE!,#VALUE!,#VALUE!,#VALUE!,#VALUE!,#VALUE!,#VALUE!,#VALUE!,#VALUE!,#VALUE!,#VALUE!,#VALUE!,#VALUE!,#VALUE!,#VALUE!,#VALUE!,#VALUE!,#VALUE!,#VALUE!,#VALUE!,#VALUE!,#VALUE!,なし,#VALUE!,#VALUE!,#VALUE!,#VALUE!,#VALUE!,#VALUE!,#VALUE!,#VALUE!,#VALUE!,#VALUE!,#VALUE!,#VALUE!,#VALUE!,#VALUE!,#VALUE!,#VALUE!,#VALUE!,#VALUE!,なし,#VALUE!,#VALUE!,#VALUE!,0,0,0,0,0
20,0,0,0,0,0,0,0,0,0,0,0,0,#N/A,000,#N/A,#VALUE!,#VALUE!,#VALUE!,#VALUE!,#VALUE!,#VALUE!,#VALUE!,#VALUE!,#VALUE!,#VALUE!,#VALUE!,#VALUE!,#VALUE!,#VALUE!,#VALUE!,#VALUE!,#VALUE!,#VALUE!,#VALUE!,#VALUE!,#VALUE!,#VALUE!,#VALUE!,#VALUE!,#VALUE!,#VALUE!,#VALUE!,#VALUE!,#VALUE!,#VALUE!,#VALUE!,#VALUE!,#VALUE!,#VALUE!,#VALUE!,#VALUE!,#VALUE!,#VALUE!,#VALUE!,#VALUE!,#VALUE!,#VALUE!,#VALUE!,#VALUE!,#VALUE!,なし,#VALUE!,#VALUE!,#VALUE!,#VALUE!,#VALUE!,#VALUE!,#VALUE!,#VALUE!,#VALUE!,#VALUE!,#VALUE!,#VALUE!,#VALUE!,#VALUE!,#VALUE!,#VALUE!,#VALUE!,#VALUE!,なし,#VALUE!,#VALUE!,#VALUE!,0,0,0,0,0
20,0,0,0,0,0,0,0,0,0,0,0,0,#N/A,000,#N/A,#VALUE!,#VALUE!,#VALUE!,#VALUE!,#VALUE!,#VALUE!,#VALUE!,#VALUE!,#VALUE!,#VALUE!,#VALUE!,#VALUE!,#VALUE!,#VALUE!,#VALUE!,#VALUE!,#VALUE!,#VALUE!,#VALUE!,#VALUE!,#VALUE!,#VALUE!,#VALUE!,#VALUE!,#VALUE!,#VALUE!,#VALUE!,#VALUE!,#VALUE!,#VALUE!,#VALUE!,#VALUE!,#VALUE!,#VALUE!,#VALUE!,#VALUE!,#VALUE!,#VALUE!,#VALUE!,#VALUE!,#VALUE!,#VALUE!,#VALUE!,#VALUE!,#VALUE!,なし,#VALUE!,#VALUE!,#VALUE!,#VALUE!,#VALUE!,#VALUE!,#VALUE!,#VALUE!,#VALUE!,#VALUE!,#VALUE!,#VALUE!,#VALUE!,#VALUE!,#VALUE!,#VALUE!,#VALUE!,#VALUE!,なし,#VALUE!,#VALUE!,#VALUE!,0,0,0,0,0
20,0,0,0,0,0,0,0,0,0,0,0,0,#N/A,000,#N/A,#VALUE!,#VALUE!,#VALUE!,#VALUE!,#VALUE!,#VALUE!,#VALUE!,#VALUE!,#VALUE!,#VALUE!,#VALUE!,#VALUE!,#VALUE!,#VALUE!,#VALUE!,#VALUE!,#VALUE!,#VALUE!,#VALUE!,#VALUE!,#VALUE!,#VALUE!,#VALUE!,#VALUE!,#VALUE!,#VALUE!,#VALUE!,#VALUE!,#VALUE!,#VALUE!,#VALUE!,#VALUE!,#VALUE!,#VALUE!,#VALUE!,#VALUE!,#VALUE!,#VALUE!,#VALUE!,#VALUE!,#VALUE!,#VALUE!,#VALUE!,#VALUE!,#VALUE!,なし,#VALUE!,#VALUE!,#VALUE!,#VALUE!,#VALUE!,#VALUE!,#VALUE!,#VALUE!,#VALUE!,#VALUE!,#VALUE!,#VALUE!,#VALUE!,#VALUE!,#VALUE!,#VALUE!,#VALUE!,#VALUE!,なし,#VALUE!,#VALUE!,#VALUE!,0,0,0,0,0
20,0,0,0,0,0,0,0,0,0,0,0,0,#N/A,000,#N/A,#VALUE!,#VALUE!,#VALUE!,#VALUE!,#VALUE!,#VALUE!,#VALUE!,#VALUE!,#VALUE!,#VALUE!,#VALUE!,#VALUE!,#VALUE!,#VALUE!,#VALUE!,#VALUE!,#VALUE!,#VALUE!,#VALUE!,#VALUE!,#VALUE!,#VALUE!,#VALUE!,#VALUE!,#VALUE!,#VALUE!,#VALUE!,#VALUE!,#VALUE!,#VALUE!,#VALUE!,#VALUE!,#VALUE!,#VALUE!,#VALUE!,#VALUE!,#VALUE!,#VALUE!,#VALUE!,#VALUE!,#VALUE!,#VALUE!,#VALUE!,#VALUE!,#VALUE!,なし,#VALUE!,#VALUE!,#VALUE!,#VALUE!,#VALUE!,#VALUE!,#VALUE!,#VALUE!,#VALUE!,#VALUE!,#VALUE!,#VALUE!,#VALUE!,#VALUE!,#VALUE!,#VALUE!,#VALUE!,#VALUE!,なし,#VALUE!,#VALUE!,#VALUE!,0,0,0,0,0
20,0,0,0,0,0,0,0,0,0,0,0,0,#N/A,000,#N/A,#VALUE!,#VALUE!,#VALUE!,#VALUE!,#VALUE!,#VALUE!,#VALUE!,#VALUE!,#VALUE!,#VALUE!,#VALUE!,#VALUE!,#VALUE!,#VALUE!,#VALUE!,#VALUE!,#VALUE!,#VALUE!,#VALUE!,#VALUE!,#VALUE!,#VALUE!,#VALUE!,#VALUE!,#VALUE!,#VALUE!,#VALUE!,#VALUE!,#VALUE!,#VALUE!,#VALUE!,#VALUE!,#VALUE!,#VALUE!,#VALUE!,#VALUE!,#VALUE!,#VALUE!,#VALUE!,#VALUE!,#VALUE!,#VALUE!,#VALUE!,#VALUE!,#VALUE!,なし,#VALUE!,#VALUE!,#VALUE!,#VALUE!,#VALUE!,#VALUE!,#VALUE!,#VALUE!,#VALUE!,#VALUE!,#VALUE!,#VALUE!,#VALUE!,#VALUE!,#VALUE!,#VALUE!,#VALUE!,#VALUE!,なし,#VALUE!,#VALUE!,#VALUE!,0,0,0,0,0
20,0,0,0,0,0,0,0,0,0,0,0,0,#N/A,000,#N/A,#VALUE!,#VALUE!,#VALUE!,#VALUE!,#VALUE!,#VALUE!,#VALUE!,#VALUE!,#VALUE!,#VALUE!,#VALUE!,#VALUE!,#VALUE!,#VALUE!,#VALUE!,#VALUE!,#VALUE!,#VALUE!,#VALUE!,#VALUE!,#VALUE!,#VALUE!,#VALUE!,#VALUE!,#VALUE!,#VALUE!,#VALUE!,#VALUE!,#VALUE!,#VALUE!,#VALUE!,#VALUE!,#VALUE!,#VALUE!,#VALUE!,#VALUE!,#VALUE!,#VALUE!,#VALUE!,#VALUE!,#VALUE!,#VALUE!,#VALUE!,#VALUE!,#VALUE!,なし,#VALUE!,#VALUE!,#VALUE!,#VALUE!,#VALUE!,#VALUE!,#VALUE!,#VALUE!,#VALUE!,#VALUE!,#VALUE!,#VALUE!,#VALUE!,#VALUE!,#VALUE!,#VALUE!,#VALUE!,#VALUE!,なし,#VALUE!,#VALUE!,#VALUE!,0,0,0,0,0
20,0,0,0,0,0,0,0,0,0,0,0,0,#N/A,000,#N/A,#VALUE!,#VALUE!,#VALUE!,#VALUE!,#VALUE!,#VALUE!,#VALUE!,#VALUE!,#VALUE!,#VALUE!,#VALUE!,#VALUE!,#VALUE!,#VALUE!,#VALUE!,#VALUE!,#VALUE!,#VALUE!,#VALUE!,#VALUE!,#VALUE!,#VALUE!,#VALUE!,#VALUE!,#VALUE!,#VALUE!,#VALUE!,#VALUE!,#VALUE!,#VALUE!,#VALUE!,#VALUE!,#VALUE!,#VALUE!,#VALUE!,#VALUE!,#VALUE!,#VALUE!,#VALUE!,#VALUE!,#VALUE!,#VALUE!,#VALUE!,#VALUE!,#VALUE!,なし,#VALUE!,#VALUE!,#VALUE!,#VALUE!,#VALUE!,#VALUE!,#VALUE!,#VALUE!,#VALUE!,#VALUE!,#VALUE!,#VALUE!,#VALUE!,#VALUE!,#VALUE!,#VALUE!,#VALUE!,#VALUE!,なし,#VALUE!,#VALUE!,#VALUE!,0,0,0,0,0
20,0,0,0,0,0,0,0,0,0,0,0,0,#N/A,000,#N/A,#VALUE!,#VALUE!,#VALUE!,#VALUE!,#VALUE!,#VALUE!,#VALUE!,#VALUE!,#VALUE!,#VALUE!,#VALUE!,#VALUE!,#VALUE!,#VALUE!,#VALUE!,#VALUE!,#VALUE!,#VALUE!,#VALUE!,#VALUE!,#VALUE!,#VALUE!,#VALUE!,#VALUE!,#VALUE!,#VALUE!,#VALUE!,#VALUE!,#VALUE!,#VALUE!,#VALUE!,#VALUE!,#VALUE!,#VALUE!,#VALUE!,#VALUE!,#VALUE!,#VALUE!,#VALUE!,#VALUE!,#VALUE!,#VALUE!,#VALUE!,#VALUE!,#VALUE!,なし,#VALUE!,#VALUE!,#VALUE!,#VALUE!,#VALUE!,#VALUE!,#VALUE!,#VALUE!,#VALUE!,#VALUE!,#VALUE!,#VALUE!,#VALUE!,#VALUE!,#VALUE!,#VALUE!,#VALUE!,#VALUE!,なし,#VALUE!,#VALUE!,#VALUE!,0,0,0,0,0
20,0,0,0,0,0,0,0,0,0,0,0,0,#N/A,000,#N/A,#VALUE!,#VALUE!,#VALUE!,#VALUE!,#VALUE!,#VALUE!,#VALUE!,#VALUE!,#VALUE!,#VALUE!,#VALUE!,#VALUE!,#VALUE!,#VALUE!,#VALUE!,#VALUE!,#VALUE!,#VALUE!,#VALUE!,#VALUE!,#VALUE!,#VALUE!,#VALUE!,#VALUE!,#VALUE!,#VALUE!,#VALUE!,#VALUE!,#VALUE!,#VALUE!,#VALUE!,#VALUE!,#VALUE!,#VALUE!,#VALUE!,#VALUE!,#VALUE!,#VALUE!,#VALUE!,#VALUE!,#VALUE!,#VALUE!,#VALUE!,#VALUE!,#VALUE!,なし,#VALUE!,#VALUE!,#VALUE!,#VALUE!,#VALUE!,#VALUE!,#VALUE!,#VALUE!,#VALUE!,#VALUE!,#VALUE!,#VALUE!,#VALUE!,#VALUE!,#VALUE!,#VALUE!,#VALUE!,#VALUE!,なし,#VALUE!,#VALUE!,#VALUE!,0,0,0,0,0
20,0,0,0,0,0,0,0,0,0,0,0,0,#N/A,000,#N/A,#VALUE!,#VALUE!,#VALUE!,#VALUE!,#VALUE!,#VALUE!,#VALUE!,#VALUE!,#VALUE!,#VALUE!,#VALUE!,#VALUE!,#VALUE!,#VALUE!,#VALUE!,#VALUE!,#VALUE!,#VALUE!,#VALUE!,#VALUE!,#VALUE!,#VALUE!,#VALUE!,#VALUE!,#VALUE!,#VALUE!,#VALUE!,#VALUE!,#VALUE!,#VALUE!,#VALUE!,#VALUE!,#VALUE!,#VALUE!,#VALUE!,#VALUE!,#VALUE!,#VALUE!,#VALUE!,#VALUE!,#VALUE!,#VALUE!,#VALUE!,#VALUE!,#VALUE!,なし,#VALUE!,#VALUE!,#VALUE!,#VALUE!,#VALUE!,#VALUE!,#VALUE!,#VALUE!,#VALUE!,#VALUE!,#VALUE!,#VALUE!,#VALUE!,#VALUE!,#VALUE!,#VALUE!,#VALUE!,#VALUE!,なし,#VALUE!,#VALUE!,#VALUE!,0,0,0,0,0
20,0,0,0,0,0,0,0,0,0,0,0,0,#N/A,000,#N/A,#VALUE!,#VALUE!,#VALUE!,#VALUE!,#VALUE!,#VALUE!,#VALUE!,#VALUE!,#VALUE!,#VALUE!,#VALUE!,#VALUE!,#VALUE!,#VALUE!,#VALUE!,#VALUE!,#VALUE!,#VALUE!,#VALUE!,#VALUE!,#VALUE!,#VALUE!,#VALUE!,#VALUE!,#VALUE!,#VALUE!,#VALUE!,#VALUE!,#VALUE!,#VALUE!,#VALUE!,#VALUE!,#VALUE!,#VALUE!,#VALUE!,#VALUE!,#VALUE!,#VALUE!,#VALUE!,#VALUE!,#VALUE!,#VALUE!,#VALUE!,#VALUE!,#VALUE!,なし,#VALUE!,#VALUE!,#VALUE!,#VALUE!,#VALUE!,#VALUE!,#VALUE!,#VALUE!,#VALUE!,#VALUE!,#VALUE!,#VALUE!,#VALUE!,#VALUE!,#VALUE!,#VALUE!,#VALUE!,#VALUE!,なし,#VALUE!,#VALUE!,#VALUE!,0,0,0,0,0
20,0,0,0,0,0,0,0,0,0,0,0,0,#N/A,000,#N/A,#VALUE!,#VALUE!,#VALUE!,#VALUE!,#VALUE!,#VALUE!,#VALUE!,#VALUE!,#VALUE!,#VALUE!,#VALUE!,#VALUE!,#VALUE!,#VALUE!,#VALUE!,#VALUE!,#VALUE!,#VALUE!,#VALUE!,#VALUE!,#VALUE!,#VALUE!,#VALUE!,#VALUE!,#VALUE!,#VALUE!,#VALUE!,#VALUE!,#VALUE!,#VALUE!,#VALUE!,#VALUE!,#VALUE!,#VALUE!,#VALUE!,#VALUE!,#VALUE!,#VALUE!,#VALUE!,#VALUE!,#VALUE!,#VALUE!,#VALUE!,#VALUE!,#VALUE!,なし,#VALUE!,#VALUE!,#VALUE!,#VALUE!,#VALUE!,#VALUE!,#VALUE!,#VALUE!,#VALUE!,#VALUE!,#VALUE!,#VALUE!,#VALUE!,#VALUE!,#VALUE!,#VALUE!,#VALUE!,#VALUE!,なし,#VALUE!,#VALUE!,#VALUE!,0,0,0,0,0
20,0,0,0,0,0,0,0,0,0,0,0,0,#N/A,000,#N/A,#VALUE!,#VALUE!,#VALUE!,#VALUE!,#VALUE!,#VALUE!,#VALUE!,#VALUE!,#VALUE!,#VALUE!,#VALUE!,#VALUE!,#VALUE!,#VALUE!,#VALUE!,#VALUE!,#VALUE!,#VALUE!,#VALUE!,#VALUE!,#VALUE!,#VALUE!,#VALUE!,#VALUE!,#VALUE!,#VALUE!,#VALUE!,#VALUE!,#VALUE!,#VALUE!,#VALUE!,#VALUE!,#VALUE!,#VALUE!,#VALUE!,#VALUE!,#VALUE!,#VALUE!,#VALUE!,#VALUE!,#VALUE!,#VALUE!,#VALUE!,#VALUE!,#VALUE!,なし,#VALUE!,#VALUE!,#VALUE!,#VALUE!,#VALUE!,#VALUE!,#VALUE!,#VALUE!,#VALUE!,#VALUE!,#VALUE!,#VALUE!,#VALUE!,#VALUE!,#VALUE!,#VALUE!,#VALUE!,#VALUE!,なし,#VALUE!,#VALUE!,#VALUE!,0,0,0,0,0
20,0,0,0,0,0,0,0,0,0,0,0,0,#N/A,000,#N/A,#VALUE!,#VALUE!,#VALUE!,#VALUE!,#VALUE!,#VALUE!,#VALUE!,#VALUE!,#VALUE!,#VALUE!,#VALUE!,#VALUE!,#VALUE!,#VALUE!,#VALUE!,#VALUE!,#VALUE!,#VALUE!,#VALUE!,#VALUE!,#VALUE!,#VALUE!,#VALUE!,#VALUE!,#VALUE!,#VALUE!,#VALUE!,#VALUE!,#VALUE!,#VALUE!,#VALUE!,#VALUE!,#VALUE!,#VALUE!,#VALUE!,#VALUE!,#VALUE!,#VALUE!,#VALUE!,#VALUE!,#VALUE!,#VALUE!,#VALUE!,#VALUE!,#VALUE!,なし,#VALUE!,#VALUE!,#VALUE!,#VALUE!,#VALUE!,#VALUE!,#VALUE!,#VALUE!,#VALUE!,#VALUE!,#VALUE!,#VALUE!,#VALUE!,#VALUE!,#VALUE!,#VALUE!,#VALUE!,#VALUE!,なし,#VALUE!,#VALUE!,#VALUE!,0,0,0,0,0
20,0,0,0,0,0,0,0,0,0,0,0,0,#N/A,000,#N/A,#VALUE!,#VALUE!,#VALUE!,#VALUE!,#VALUE!,#VALUE!,#VALUE!,#VALUE!,#VALUE!,#VALUE!,#VALUE!,#VALUE!,#VALUE!,#VALUE!,#VALUE!,#VALUE!,#VALUE!,#VALUE!,#VALUE!,#VALUE!,#VALUE!,#VALUE!,#VALUE!,#VALUE!,#VALUE!,#VALUE!,#VALUE!,#VALUE!,#VALUE!,#VALUE!,#VALUE!,#VALUE!,#VALUE!,#VALUE!,#VALUE!,#VALUE!,#VALUE!,#VALUE!,#VALUE!,#VALUE!,#VALUE!,#VALUE!,#VALUE!,#VALUE!,#VALUE!,なし,#VALUE!,#VALUE!,#VALUE!,#VALUE!,#VALUE!,#VALUE!,#VALUE!,#VALUE!,#VALUE!,#VALUE!,#VALUE!,#VALUE!,#VALUE!,#VALUE!,#VALUE!,#VALUE!,#VALUE!,#VALUE!,なし,#VALUE!,#VALUE!,#VALUE!,0,0,0,0,0
20,0,0,0,0,0,0,0,0,0,0,0,0,#N/A,000,#N/A,#VALUE!,#VALUE!,#VALUE!,#VALUE!,#VALUE!,#VALUE!,#VALUE!,#VALUE!,#VALUE!,#VALUE!,#VALUE!,#VALUE!,#VALUE!,#VALUE!,#VALUE!,#VALUE!,#VALUE!,#VALUE!,#VALUE!,#VALUE!,#VALUE!,#VALUE!,#VALUE!,#VALUE!,#VALUE!,#VALUE!,#VALUE!,#VALUE!,#VALUE!,#VALUE!,#VALUE!,#VALUE!,#VALUE!,#VALUE!,#VALUE!,#VALUE!,#VALUE!,#VALUE!,#VALUE!,#VALUE!,#VALUE!,#VALUE!,#VALUE!,#VALUE!,#VALUE!,なし,#VALUE!,#VALUE!,#VALUE!,#VALUE!,#VALUE!,#VALUE!,#VALUE!,#VALUE!,#VALUE!,#VALUE!,#VALUE!,#VALUE!,#VALUE!,#VALUE!,#VALUE!,#VALUE!,#VALUE!,#VALUE!,なし,#VALUE!,#VALUE!,#VALUE!,0,0,0,0,0
20,0,0,0,0,0,0,0,0,0,0,0,0,#N/A,000,#N/A,#VALUE!,#VALUE!,#VALUE!,#VALUE!,#VALUE!,#VALUE!,#VALUE!,#VALUE!,#VALUE!,#VALUE!,#VALUE!,#VALUE!,#VALUE!,#VALUE!,#VALUE!,#VALUE!,#VALUE!,#VALUE!,#VALUE!,#VALUE!,#VALUE!,#VALUE!,#VALUE!,#VALUE!,#VALUE!,#VALUE!,#VALUE!,#VALUE!,#VALUE!,#VALUE!,#VALUE!,#VALUE!,#VALUE!,#VALUE!,#VALUE!,#VALUE!,#VALUE!,#VALUE!,#VALUE!,#VALUE!,#VALUE!,#VALUE!,#VALUE!,#VALUE!,#VALUE!,なし,#VALUE!,#VALUE!,#VALUE!,#VALUE!,#VALUE!,#VALUE!,#VALUE!,#VALUE!,#VALUE!,#VALUE!,#VALUE!,#VALUE!,#VALUE!,#VALUE!,#VALUE!,#VALUE!,#VALUE!,#VALUE!,なし,#VALUE!,#VALUE!,#VALUE!,0,0,0,0,0
20,0,0,0,0,0,0,0,0,0,0,0,0,#N/A,000,#N/A,#VALUE!,#VALUE!,#VALUE!,#VALUE!,#VALUE!,#VALUE!,#VALUE!,#VALUE!,#VALUE!,#VALUE!,#VALUE!,#VALUE!,#VALUE!,#VALUE!,#VALUE!,#VALUE!,#VALUE!,#VALUE!,#VALUE!,#VALUE!,#VALUE!,#VALUE!,#VALUE!,#VALUE!,#VALUE!,#VALUE!,#VALUE!,#VALUE!,#VALUE!,#VALUE!,#VALUE!,#VALUE!,#VALUE!,#VALUE!,#VALUE!,#VALUE!,#VALUE!,#VALUE!,#VALUE!,#VALUE!,#VALUE!,#VALUE!,#VALUE!,#VALUE!,#VALUE!,なし,#VALUE!,#VALUE!,#VALUE!,#VALUE!,#VALUE!,#VALUE!,#VALUE!,#VALUE!,#VALUE!,#VALUE!,#VALUE!,#VALUE!,#VALUE!,#VALUE!,#VALUE!,#VALUE!,#VALUE!,#VALUE!,なし,#VALUE!,#VALUE!,#VALUE!,0,0,0,0,0
20,0,0,0,0,0,0,0,0,0,0,0,0,#N/A,000,#N/A,#VALUE!,#VALUE!,#VALUE!,#VALUE!,#VALUE!,#VALUE!,#VALUE!,#VALUE!,#VALUE!,#VALUE!,#VALUE!,#VALUE!,#VALUE!,#VALUE!,#VALUE!,#VALUE!,#VALUE!,#VALUE!,#VALUE!,#VALUE!,#VALUE!,#VALUE!,#VALUE!,#VALUE!,#VALUE!,#VALUE!,#VALUE!,#VALUE!,#VALUE!,#VALUE!,#VALUE!,#VALUE!,#VALUE!,#VALUE!,#VALUE!,#VALUE!,#VALUE!,#VALUE!,#VALUE!,#VALUE!,#VALUE!,#VALUE!,#VALUE!,#VALUE!,#VALUE!,なし,#VALUE!,#VALUE!,#VALUE!,#VALUE!,#VALUE!,#VALUE!,#VALUE!,#VALUE!,#VALUE!,#VALUE!,#VALUE!,#VALUE!,#VALUE!,#VALUE!,#VALUE!,#VALUE!,#VALUE!,#VALUE!,なし,#VALUE!,#VALUE!,#VALUE!,0,0,0,0,0
20,0,0,0,0,0,0,0,0,0,0,0,0,#N/A,000,#N/A,#VALUE!,#VALUE!,#VALUE!,#VALUE!,#VALUE!,#VALUE!,#VALUE!,#VALUE!,#VALUE!,#VALUE!,#VALUE!,#VALUE!,#VALUE!,#VALUE!,#VALUE!,#VALUE!,#VALUE!,#VALUE!,#VALUE!,#VALUE!,#VALUE!,#VALUE!,#VALUE!,#VALUE!,#VALUE!,#VALUE!,#VALUE!,#VALUE!,#VALUE!,#VALUE!,#VALUE!,#VALUE!,#VALUE!,#VALUE!,#VALUE!,#VALUE!,#VALUE!,#VALUE!,#VALUE!,#VALUE!,#VALUE!,#VALUE!,#VALUE!,#VALUE!,#VALUE!,なし,#VALUE!,#VALUE!,#VALUE!,#VALUE!,#VALUE!,#VALUE!,#VALUE!,#VALUE!,#VALUE!,#VALUE!,#VALUE!,#VALUE!,#VALUE!,#VALUE!,#VALUE!,#VALUE!,#VALUE!,#VALUE!,なし,#VALUE!,#VALUE!,#VALUE!,0,0,0,0,0
20,0,0,0,0,0,0,0,0,0,0,0,0,#N/A,000,#N/A,#VALUE!,#VALUE!,#VALUE!,#VALUE!,#VALUE!,#VALUE!,#VALUE!,#VALUE!,#VALUE!,#VALUE!,#VALUE!,#VALUE!,#VALUE!,#VALUE!,#VALUE!,#VALUE!,#VALUE!,#VALUE!,#VALUE!,#VALUE!,#VALUE!,#VALUE!,#VALUE!,#VALUE!,#VALUE!,#VALUE!,#VALUE!,#VALUE!,#VALUE!,#VALUE!,#VALUE!,#VALUE!,#VALUE!,#VALUE!,#VALUE!,#VALUE!,#VALUE!,#VALUE!,#VALUE!,#VALUE!,#VALUE!,#VALUE!,#VALUE!,#VALUE!,#VALUE!,なし,#VALUE!,#VALUE!,#VALUE!,#VALUE!,#VALUE!,#VALUE!,#VALUE!,#VALUE!,#VALUE!,#VALUE!,#VALUE!,#VALUE!,#VALUE!,#VALUE!,#VALUE!,#VALUE!,#VALUE!,#VALUE!,なし,#VALUE!,#VALUE!,#VALUE!,0,0,0,0,0
20,0,0,0,0,0,0,0,0,0,0,0,0,#N/A,000,#N/A,#VALUE!,#VALUE!,#VALUE!,#VALUE!,#VALUE!,#VALUE!,#VALUE!,#VALUE!,#VALUE!,#VALUE!,#VALUE!,#VALUE!,#VALUE!,#VALUE!,#VALUE!,#VALUE!,#VALUE!,#VALUE!,#VALUE!,#VALUE!,#VALUE!,#VALUE!,#VALUE!,#VALUE!,#VALUE!,#VALUE!,#VALUE!,#VALUE!,#VALUE!,#VALUE!,#VALUE!,#VALUE!,#VALUE!,#VALUE!,#VALUE!,#VALUE!,#VALUE!,#VALUE!,#VALUE!,#VALUE!,#VALUE!,#VALUE!,#VALUE!,#VALUE!,#VALUE!,なし,#VALUE!,#VALUE!,#VALUE!,#VALUE!,#VALUE!,#VALUE!,#VALUE!,#VALUE!,#VALUE!,#VALUE!,#VALUE!,#VALUE!,#VALUE!,#VALUE!,#VALUE!,#VALUE!,#VALUE!,#VALUE!,なし,#VALUE!,#VALUE!,#VALUE!,0,0,0,0,0
20,0,0,0,0,0,0,0,0,0,0,0,0,#N/A,000,#N/A,#VALUE!,#VALUE!,#VALUE!,#VALUE!,#VALUE!,#VALUE!,#VALUE!,#VALUE!,#VALUE!,#VALUE!,#VALUE!,#VALUE!,#VALUE!,#VALUE!,#VALUE!,#VALUE!,#VALUE!,#VALUE!,#VALUE!,#VALUE!,#VALUE!,#VALUE!,#VALUE!,#VALUE!,#VALUE!,#VALUE!,#VALUE!,#VALUE!,#VALUE!,#VALUE!,#VALUE!,#VALUE!,#VALUE!,#VALUE!,#VALUE!,#VALUE!,#VALUE!,#VALUE!,#VALUE!,#VALUE!,#VALUE!,#VALUE!,#VALUE!,#VALUE!,#VALUE!,なし,#VALUE!,#VALUE!,#VALUE!,#VALUE!,#VALUE!,#VALUE!,#VALUE!,#VALUE!,#VALUE!,#VALUE!,#VALUE!,#VALUE!,#VALUE!,#VALUE!,#VALUE!,#VALUE!,#VALUE!,#VALUE!,なし,#VALUE!,#VALUE!,#VALUE!,0,0,0,0,0
20,0,0,0,0,0,0,0,0,0,0,0,0,#N/A,000,#N/A,#VALUE!,#VALUE!,#VALUE!,#VALUE!,#VALUE!,#VALUE!,#VALUE!,#VALUE!,#VALUE!,#VALUE!,#VALUE!,#VALUE!,#VALUE!,#VALUE!,#VALUE!,#VALUE!,#VALUE!,#VALUE!,#VALUE!,#VALUE!,#VALUE!,#VALUE!,#VALUE!,#VALUE!,#VALUE!,#VALUE!,#VALUE!,#VALUE!,#VALUE!,#VALUE!,#VALUE!,#VALUE!,#VALUE!,#VALUE!,#VALUE!,#VALUE!,#VALUE!,#VALUE!,#VALUE!,#VALUE!,#VALUE!,#VALUE!,#VALUE!,#VALUE!,#VALUE!,なし,#VALUE!,#VALUE!,#VALUE!,#VALUE!,#VALUE!,#VALUE!,#VALUE!,#VALUE!,#VALUE!,#VALUE!,#VALUE!,#VALUE!,#VALUE!,#VALUE!,#VALUE!,#VALUE!,#VALUE!,#VALUE!,なし,#VALUE!,#VALUE!,#VALUE!,0,0,0,0,0
20,0,0,0,0,0,0,0,0,0,0,0,0,#N/A,000,#N/A,#VALUE!,#VALUE!,#VALUE!,#VALUE!,#VALUE!,#VALUE!,#VALUE!,#VALUE!,#VALUE!,#VALUE!,#VALUE!,#VALUE!,#VALUE!,#VALUE!,#VALUE!,#VALUE!,#VALUE!,#VALUE!,#VALUE!,#VALUE!,#VALUE!,#VALUE!,#VALUE!,#VALUE!,#VALUE!,#VALUE!,#VALUE!,#VALUE!,#VALUE!,#VALUE!,#VALUE!,#VALUE!,#VALUE!,#VALUE!,#VALUE!,#VALUE!,#VALUE!,#VALUE!,#VALUE!,#VALUE!,#VALUE!,#VALUE!,#VALUE!,#VALUE!,#VALUE!,なし,#VALUE!,#VALUE!,#VALUE!,#VALUE!,#VALUE!,#VALUE!,#VALUE!,#VALUE!,#VALUE!,#VALUE!,#VALUE!,#VALUE!,#VALUE!,#VALUE!,#VALUE!,#VALUE!,#VALUE!,#VALUE!,なし,#VALUE!,#VALUE!,#VALUE!,0,0,0,0,0
20,0,0,0,0,0,0,0,0,0,0,0,0,#N/A,000,#N/A,#VALUE!,#VALUE!,#VALUE!,#VALUE!,#VALUE!,#VALUE!,#VALUE!,#VALUE!,#VALUE!,#VALUE!,#VALUE!,#VALUE!,#VALUE!,#VALUE!,#VALUE!,#VALUE!,#VALUE!,#VALUE!,#VALUE!,#VALUE!,#VALUE!,#VALUE!,#VALUE!,#VALUE!,#VALUE!,#VALUE!,#VALUE!,#VALUE!,#VALUE!,#VALUE!,#VALUE!,#VALUE!,#VALUE!,#VALUE!,#VALUE!,#VALUE!,#VALUE!,#VALUE!,#VALUE!,#VALUE!,#VALUE!,#VALUE!,#VALUE!,#VALUE!,#VALUE!,なし,#VALUE!,#VALUE!,#VALUE!,#VALUE!,#VALUE!,#VALUE!,#VALUE!,#VALUE!,#VALUE!,#VALUE!,#VALUE!,#VALUE!,#VALUE!,#VALUE!,#VALUE!,#VALUE!,#VALUE!,#VALUE!,なし,#VALUE!,#VALUE!,#VALUE!,0,0,0,0,0
20,0,0,0,0,0,0,0,0,0,0,0,0,#N/A,000,#N/A,#VALUE!,#VALUE!,#VALUE!,#VALUE!,#VALUE!,#VALUE!,#VALUE!,#VALUE!,#VALUE!,#VALUE!,#VALUE!,#VALUE!,#VALUE!,#VALUE!,#VALUE!,#VALUE!,#VALUE!,#VALUE!,#VALUE!,#VALUE!,#VALUE!,#VALUE!,#VALUE!,#VALUE!,#VALUE!,#VALUE!,#VALUE!,#VALUE!,#VALUE!,#VALUE!,#VALUE!,#VALUE!,#VALUE!,#VALUE!,#VALUE!,#VALUE!,#VALUE!,#VALUE!,#VALUE!,#VALUE!,#VALUE!,#VALUE!,#VALUE!,#VALUE!,#VALUE!,なし,#VALUE!,#VALUE!,#VALUE!,#VALUE!,#VALUE!,#VALUE!,#VALUE!,#VALUE!,#VALUE!,#VALUE!,#VALUE!,#VALUE!,#VALUE!,#VALUE!,#VALUE!,#VALUE!,#VALUE!,#VALUE!,なし,#VALUE!,#VALUE!,#VALUE!,0,0,0,0,0
20,0,0,0,0,0,0,0,0,0,0,0,0,#N/A,000,#N/A,#VALUE!,#VALUE!,#VALUE!,#VALUE!,#VALUE!,#VALUE!,#VALUE!,#VALUE!,#VALUE!,#VALUE!,#VALUE!,#VALUE!,#VALUE!,#VALUE!,#VALUE!,#VALUE!,#VALUE!,#VALUE!,#VALUE!,#VALUE!,#VALUE!,#VALUE!,#VALUE!,#VALUE!,#VALUE!,#VALUE!,#VALUE!,#VALUE!,#VALUE!,#VALUE!,#VALUE!,#VALUE!,#VALUE!,#VALUE!,#VALUE!,#VALUE!,#VALUE!,#VALUE!,#VALUE!,#VALUE!,#VALUE!,#VALUE!,#VALUE!,#VALUE!,#VALUE!,なし,#VALUE!,#VALUE!,#VALUE!,#VALUE!,#VALUE!,#VALUE!,#VALUE!,#VALUE!,#VALUE!,#VALUE!,#VALUE!,#VALUE!,#VALUE!,#VALUE!,#VALUE!,#VALUE!,#VALUE!,#VALUE!,なし,#VALUE!,#VALUE!,#VALUE!,0,0,0,0,0
20,0,0,0,0,0,0,0,0,0,0,0,0,#N/A,000,#N/A,#VALUE!,#VALUE!,#VALUE!,#VALUE!,#VALUE!,#VALUE!,#VALUE!,#VALUE!,#VALUE!,#VALUE!,#VALUE!,#VALUE!,#VALUE!,#VALUE!,#VALUE!,#VALUE!,#VALUE!,#VALUE!,#VALUE!,#VALUE!,#VALUE!,#VALUE!,#VALUE!,#VALUE!,#VALUE!,#VALUE!,#VALUE!,#VALUE!,#VALUE!,#VALUE!,#VALUE!,#VALUE!,#VALUE!,#VALUE!,#VALUE!,#VALUE!,#VALUE!,#VALUE!,#VALUE!,#VALUE!,#VALUE!,#VALUE!,#VALUE!,#VALUE!,#VALUE!,なし,#VALUE!,#VALUE!,#VALUE!,#VALUE!,#VALUE!,#VALUE!,#VALUE!,#VALUE!,#VALUE!,#VALUE!,#VALUE!,#VALUE!,#VALUE!,#VALUE!,#VALUE!,#VALUE!,#VALUE!,#VALUE!,なし,#VALUE!,#VALUE!,#VALUE!,0,0,0,0,0
20,0,0,0,0,0,0,0,0,0,0,0,0,#N/A,000,#N/A,#VALUE!,#VALUE!,#VALUE!,#VALUE!,#VALUE!,#VALUE!,#VALUE!,#VALUE!,#VALUE!,#VALUE!,#VALUE!,#VALUE!,#VALUE!,#VALUE!,#VALUE!,#VALUE!,#VALUE!,#VALUE!,#VALUE!,#VALUE!,#VALUE!,#VALUE!,#VALUE!,#VALUE!,#VALUE!,#VALUE!,#VALUE!,#VALUE!,#VALUE!,#VALUE!,#VALUE!,#VALUE!,#VALUE!,#VALUE!,#VALUE!,#VALUE!,#VALUE!,#VALUE!,#VALUE!,#VALUE!,#VALUE!,#VALUE!,#VALUE!,#VALUE!,#VALUE!,なし,#VALUE!,#VALUE!,#VALUE!,#VALUE!,#VALUE!,#VALUE!,#VALUE!,#VALUE!,#VALUE!,#VALUE!,#VALUE!,#VALUE!,#VALUE!,#VALUE!,#VALUE!,#VALUE!,#VALUE!,#VALUE!,なし,#VALUE!,#VALUE!,#VALUE!,0,0,0,0,0
20,0,0,0,0,0,0,0,0,0,0,0,0,#N/A,000,#N/A,#VALUE!,#VALUE!,#VALUE!,#VALUE!,#VALUE!,#VALUE!,#VALUE!,#VALUE!,#VALUE!,#VALUE!,#VALUE!,#VALUE!,#VALUE!,#VALUE!,#VALUE!,#VALUE!,#VALUE!,#VALUE!,#VALUE!,#VALUE!,#VALUE!,#VALUE!,#VALUE!,#VALUE!,#VALUE!,#VALUE!,#VALUE!,#VALUE!,#VALUE!,#VALUE!,#VALUE!,#VALUE!,#VALUE!,#VALUE!,#VALUE!,#VALUE!,#VALUE!,#VALUE!,#VALUE!,#VALUE!,#VALUE!,#VALUE!,#VALUE!,#VALUE!,#VALUE!,なし,#VALUE!,#VALUE!,#VALUE!,#VALUE!,#VALUE!,#VALUE!,#VALUE!,#VALUE!,#VALUE!,#VALUE!,#VALUE!,#VALUE!,#VALUE!,#VALUE!,#VALUE!,#VALUE!,#VALUE!,#VALUE!,なし,#VALUE!,#VALUE!,#VALUE!,0,0,0,0,0
20,0,0,0,0,0,0,0,0,0,0,0,0,#N/A,000,#N/A,#VALUE!,#VALUE!,#VALUE!,#VALUE!,#VALUE!,#VALUE!,#VALUE!,#VALUE!,#VALUE!,#VALUE!,#VALUE!,#VALUE!,#VALUE!,#VALUE!,#VALUE!,#VALUE!,#VALUE!,#VALUE!,#VALUE!,#VALUE!,#VALUE!,#VALUE!,#VALUE!,#VALUE!,#VALUE!,#VALUE!,#VALUE!,#VALUE!,#VALUE!,#VALUE!,#VALUE!,#VALUE!,#VALUE!,#VALUE!,#VALUE!,#VALUE!,#VALUE!,#VALUE!,#VALUE!,#VALUE!,#VALUE!,#VALUE!,#VALUE!,#VALUE!,#VALUE!,なし,#VALUE!,#VALUE!,#VALUE!,#VALUE!,#VALUE!,#VALUE!,#VALUE!,#VALUE!,#VALUE!,#VALUE!,#VALUE!,#VALUE!,#VALUE!,#VALUE!,#VALUE!,#VALUE!,#VALUE!,#VALUE!,なし,#VALUE!,#VALUE!,#VALUE!,0,0,0,0,0
20,0,0,0,0,0,0,0,0,0,0,0,0,#N/A,000,#N/A,#VALUE!,#VALUE!,#VALUE!,#VALUE!,#VALUE!,#VALUE!,#VALUE!,#VALUE!,#VALUE!,#VALUE!,#VALUE!,#VALUE!,#VALUE!,#VALUE!,#VALUE!,#VALUE!,#VALUE!,#VALUE!,#VALUE!,#VALUE!,#VALUE!,#VALUE!,#VALUE!,#VALUE!,#VALUE!,#VALUE!,#VALUE!,#VALUE!,#VALUE!,#VALUE!,#VALUE!,#VALUE!,#VALUE!,#VALUE!,#VALUE!,#VALUE!,#VALUE!,#VALUE!,#VALUE!,#VALUE!,#VALUE!,#VALUE!,#VALUE!,#VALUE!,#VALUE!,なし,#VALUE!,#VALUE!,#VALUE!,#VALUE!,#VALUE!,#VALUE!,#VALUE!,#VALUE!,#VALUE!,#VALUE!,#VALUE!,#VALUE!,#VALUE!,#VALUE!,#VALUE!,#VALUE!,#VALUE!,#VALUE!,なし,#VALUE!,#VALUE!,#VALUE!,0,0,0,0,0
20,0,0,0,0,0,0,0,0,0,0,0,0,#N/A,000,#N/A,#VALUE!,#VALUE!,#VALUE!,#VALUE!,#VALUE!,#VALUE!,#VALUE!,#VALUE!,#VALUE!,#VALUE!,#VALUE!,#VALUE!,#VALUE!,#VALUE!,#VALUE!,#VALUE!,#VALUE!,#VALUE!,#VALUE!,#VALUE!,#VALUE!,#VALUE!,#VALUE!,#VALUE!,#VALUE!,#VALUE!,#VALUE!,#VALUE!,#VALUE!,#VALUE!,#VALUE!,#VALUE!,#VALUE!,#VALUE!,#VALUE!,#VALUE!,#VALUE!,#VALUE!,#VALUE!,#VALUE!,#VALUE!,#VALUE!,#VALUE!,#VALUE!,#VALUE!,なし,#VALUE!,#VALUE!,#VALUE!,#VALUE!,#VALUE!,#VALUE!,#VALUE!,#VALUE!,#VALUE!,#VALUE!,#VALUE!,#VALUE!,#VALUE!,#VALUE!,#VALUE!,#VALUE!,#VALUE!,#VALUE!,なし,#VALUE!,#VALUE!,#VALUE!,0,0,0,0,0
20,0,0,0,0,0,0,0,0,0,0,0,0,#N/A,000,#N/A,#VALUE!,#VALUE!,#VALUE!,#VALUE!,#VALUE!,#VALUE!,#VALUE!,#VALUE!,#VALUE!,#VALUE!,#VALUE!,#VALUE!,#VALUE!,#VALUE!,#VALUE!,#VALUE!,#VALUE!,#VALUE!,#VALUE!,#VALUE!,#VALUE!,#VALUE!,#VALUE!,#VALUE!,#VALUE!,#VALUE!,#VALUE!,#VALUE!,#VALUE!,#VALUE!,#VALUE!,#VALUE!,#VALUE!,#VALUE!,#VALUE!,#VALUE!,#VALUE!,#VALUE!,#VALUE!,#VALUE!,#VALUE!,#VALUE!,#VALUE!,#VALUE!,#VALUE!,なし,#VALUE!,#VALUE!,#VALUE!,#VALUE!,#VALUE!,#VALUE!,#VALUE!,#VALUE!,#VALUE!,#VALUE!,#VALUE!,#VALUE!,#VALUE!,#VALUE!,#VALUE!,#VALUE!,#VALUE!,#VALUE!,なし,#VALUE!,#VALUE!,#VALUE!,0,0,0,0,0
20,0,0,0,0,0,0,0,0,0,0,0,0,#N/A,000,#N/A,#VALUE!,#VALUE!,#VALUE!,#VALUE!,#VALUE!,#VALUE!,#VALUE!,#VALUE!,#VALUE!,#VALUE!,#VALUE!,#VALUE!,#VALUE!,#VALUE!,#VALUE!,#VALUE!,#VALUE!,#VALUE!,#VALUE!,#VALUE!,#VALUE!,#VALUE!,#VALUE!,#VALUE!,#VALUE!,#VALUE!,#VALUE!,#VALUE!,#VALUE!,#VALUE!,#VALUE!,#VALUE!,#VALUE!,#VALUE!,#VALUE!,#VALUE!,#VALUE!,#VALUE!,#VALUE!,#VALUE!,#VALUE!,#VALUE!,#VALUE!,#VALUE!,#VALUE!,なし,#VALUE!,#VALUE!,#VALUE!,#VALUE!,#VALUE!,#VALUE!,#VALUE!,#VALUE!,#VALUE!,#VALUE!,#VALUE!,#VALUE!,#VALUE!,#VALUE!,#VALUE!,#VALUE!,#VALUE!,#VALUE!,なし,#VALUE!,#VALUE!,#VALUE!,0,0,0,0,0
20,0,0,0,0,0,0,0,0,0,0,0,0,#N/A,000,#N/A,#VALUE!,#VALUE!,#VALUE!,#VALUE!,#VALUE!,#VALUE!,#VALUE!,#VALUE!,#VALUE!,#VALUE!,#VALUE!,#VALUE!,#VALUE!,#VALUE!,#VALUE!,#VALUE!,#VALUE!,#VALUE!,#VALUE!,#VALUE!,#VALUE!,#VALUE!,#VALUE!,#VALUE!,#VALUE!,#VALUE!,#VALUE!,#VALUE!,#VALUE!,#VALUE!,#VALUE!,#VALUE!,#VALUE!,#VALUE!,#VALUE!,#VALUE!,#VALUE!,#VALUE!,#VALUE!,#VALUE!,#VALUE!,#VALUE!,#VALUE!,#VALUE!,#VALUE!,なし,#VALUE!,#VALUE!,#VALUE!,#VALUE!,#VALUE!,#VALUE!,#VALUE!,#VALUE!,#VALUE!,#VALUE!,#VALUE!,#VALUE!,#VALUE!,#VALUE!,#VALUE!,#VALUE!,#VALUE!,#VALUE!,なし,#VALUE!,#VALUE!,#VALUE!,0,0,0,0,0
20,0,0,0,0,0,0,0,0,0,0,0,0,#N/A,000,#N/A,#VALUE!,#VALUE!,#VALUE!,#VALUE!,#VALUE!,#VALUE!,#VALUE!,#VALUE!,#VALUE!,#VALUE!,#VALUE!,#VALUE!,#VALUE!,#VALUE!,#VALUE!,#VALUE!,#VALUE!,#VALUE!,#VALUE!,#VALUE!,#VALUE!,#VALUE!,#VALUE!,#VALUE!,#VALUE!,#VALUE!,#VALUE!,#VALUE!,#VALUE!,#VALUE!,#VALUE!,#VALUE!,#VALUE!,#VALUE!,#VALUE!,#VALUE!,#VALUE!,#VALUE!,#VALUE!,#VALUE!,#VALUE!,#VALUE!,#VALUE!,#VALUE!,#VALUE!,なし,#VALUE!,#VALUE!,#VALUE!,#VALUE!,#VALUE!,#VALUE!,#VALUE!,#VALUE!,#VALUE!,#VALUE!,#VALUE!,#VALUE!,#VALUE!,#VALUE!,#VALUE!,#VALUE!,#VALUE!,#VALUE!,なし,#VALUE!,#VALUE!,#VALUE!,0,0,0,0,0
20,0,0,0,0,0,0,0,0,0,0,0,0,#N/A,000,#N/A,#VALUE!,#VALUE!,#VALUE!,#VALUE!,#VALUE!,#VALUE!,#VALUE!,#VALUE!,#VALUE!,#VALUE!,#VALUE!,#VALUE!,#VALUE!,#VALUE!,#VALUE!,#VALUE!,#VALUE!,#VALUE!,#VALUE!,#VALUE!,#VALUE!,#VALUE!,#VALUE!,#VALUE!,#VALUE!,#VALUE!,#VALUE!,#VALUE!,#VALUE!,#VALUE!,#VALUE!,#VALUE!,#VALUE!,#VALUE!,#VALUE!,#VALUE!,#VALUE!,#VALUE!,#VALUE!,#VALUE!,#VALUE!,#VALUE!,#VALUE!,#VALUE!,#VALUE!,なし,#VALUE!,#VALUE!,#VALUE!,#VALUE!,#VALUE!,#VALUE!,#VALUE!,#VALUE!,#VALUE!,#VALUE!,#VALUE!,#VALUE!,#VALUE!,#VALUE!,#VALUE!,#VALUE!,#VALUE!,#VALUE!,なし,#VALUE!,#VALUE!,#VALUE!,0,0,0,0,0
20,0,0,0,0,0,0,0,0,0,0,0,0,#N/A,000,#N/A,#VALUE!,#VALUE!,#VALUE!,#VALUE!,#VALUE!,#VALUE!,#VALUE!,#VALUE!,#VALUE!,#VALUE!,#VALUE!,#VALUE!,#VALUE!,#VALUE!,#VALUE!,#VALUE!,#VALUE!,#VALUE!,#VALUE!,#VALUE!,#VALUE!,#VALUE!,#VALUE!,#VALUE!,#VALUE!,#VALUE!,#VALUE!,#VALUE!,#VALUE!,#VALUE!,#VALUE!,#VALUE!,#VALUE!,#VALUE!,#VALUE!,#VALUE!,#VALUE!,#VALUE!,#VALUE!,#VALUE!,#VALUE!,#VALUE!,#VALUE!,#VALUE!,#VALUE!,なし,#VALUE!,#VALUE!,#VALUE!,#VALUE!,#VALUE!,#VALUE!,#VALUE!,#VALUE!,#VALUE!,#VALUE!,#VALUE!,#VALUE!,#VALUE!,#VALUE!,#VALUE!,#VALUE!,#VALUE!,#VALUE!,なし,#VALUE!,#VALUE!,#VALUE!,0,0,0,0,0
20,0,0,0,0,0,0,0,0,0,0,0,0,#N/A,000,#N/A,#VALUE!,#VALUE!,#VALUE!,#VALUE!,#VALUE!,#VALUE!,#VALUE!,#VALUE!,#VALUE!,#VALUE!,#VALUE!,#VALUE!,#VALUE!,#VALUE!,#VALUE!,#VALUE!,#VALUE!,#VALUE!,#VALUE!,#VALUE!,#VALUE!,#VALUE!,#VALUE!,#VALUE!,#VALUE!,#VALUE!,#VALUE!,#VALUE!,#VALUE!,#VALUE!,#VALUE!,#VALUE!,#VALUE!,#VALUE!,#VALUE!,#VALUE!,#VALUE!,#VALUE!,#VALUE!,#VALUE!,#VALUE!,#VALUE!,#VALUE!,#VALUE!,#VALUE!,なし,#VALUE!,#VALUE!,#VALUE!,#VALUE!,#VALUE!,#VALUE!,#VALUE!,#VALUE!,#VALUE!,#VALUE!,#VALUE!,#VALUE!,#VALUE!,#VALUE!,#VALUE!,#VALUE!,#VALUE!,#VALUE!,なし,#VALUE!,#VALUE!,#VALUE!,0,0,0,0,0
20,0,0,0,0,0,0,0,0,0,0,0,0,#N/A,000,#N/A,#VALUE!,#VALUE!,#VALUE!,#VALUE!,#VALUE!,#VALUE!,#VALUE!,#VALUE!,#VALUE!,#VALUE!,#VALUE!,#VALUE!,#VALUE!,#VALUE!,#VALUE!,#VALUE!,#VALUE!,#VALUE!,#VALUE!,#VALUE!,#VALUE!,#VALUE!,#VALUE!,#VALUE!,#VALUE!,#VALUE!,#VALUE!,#VALUE!,#VALUE!,#VALUE!,#VALUE!,#VALUE!,#VALUE!,#VALUE!,#VALUE!,#VALUE!,#VALUE!,#VALUE!,#VALUE!,#VALUE!,#VALUE!,#VALUE!,#VALUE!,#VALUE!,#VALUE!,なし,#VALUE!,#VALUE!,#VALUE!,#VALUE!,#VALUE!,#VALUE!,#VALUE!,#VALUE!,#VALUE!,#VALUE!,#VALUE!,#VALUE!,#VALUE!,#VALUE!,#VALUE!,#VALUE!,#VALUE!,#VALUE!,なし,#VALUE!,#VALUE!,#VALUE!,0,0,0,0,0
20,0,0,0,0,0,0,0,0,0,0,0,0,#N/A,000,#N/A,#VALUE!,#VALUE!,#VALUE!,#VALUE!,#VALUE!,#VALUE!,#VALUE!,#VALUE!,#VALUE!,#VALUE!,#VALUE!,#VALUE!,#VALUE!,#VALUE!,#VALUE!,#VALUE!,#VALUE!,#VALUE!,#VALUE!,#VALUE!,#VALUE!,#VALUE!,#VALUE!,#VALUE!,#VALUE!,#VALUE!,#VALUE!,#VALUE!,#VALUE!,#VALUE!,#VALUE!,#VALUE!,#VALUE!,#VALUE!,#VALUE!,#VALUE!,#VALUE!,#VALUE!,#VALUE!,#VALUE!,#VALUE!,#VALUE!,#VALUE!,#VALUE!,#VALUE!,なし,#VALUE!,#VALUE!,#VALUE!,#VALUE!,#VALUE!,#VALUE!,#VALUE!,#VALUE!,#VALUE!,#VALUE!,#VALUE!,#VALUE!,#VALUE!,#VALUE!,#VALUE!,#VALUE!,#VALUE!,#VALUE!,なし,#VALUE!,#VALUE!,#VALUE!,0,0,0,0,0
20,0,0,0,0,0,0,0,0,0,0,0,0,#N/A,000,#N/A,#VALUE!,#VALUE!,#VALUE!,#VALUE!,#VALUE!,#VALUE!,#VALUE!,#VALUE!,#VALUE!,#VALUE!,#VALUE!,#VALUE!,#VALUE!,#VALUE!,#VALUE!,#VALUE!,#VALUE!,#VALUE!,#VALUE!,#VALUE!,#VALUE!,#VALUE!,#VALUE!,#VALUE!,#VALUE!,#VALUE!,#VALUE!,#VALUE!,#VALUE!,#VALUE!,#VALUE!,#VALUE!,#VALUE!,#VALUE!,#VALUE!,#VALUE!,#VALUE!,#VALUE!,#VALUE!,#VALUE!,#VALUE!,#VALUE!,#VALUE!,#VALUE!,#VALUE!,なし,#VALUE!,#VALUE!,#VALUE!,#VALUE!,#VALUE!,#VALUE!,#VALUE!,#VALUE!,#VALUE!,#VALUE!,#VALUE!,#VALUE!,#VALUE!,#VALUE!,#VALUE!,#VALUE!,#VALUE!,#VALUE!,なし,#VALUE!,#VALUE!,#VALUE!,0,0,0,0,0
20,0,0,0,0,0,0,0,0,0,0,0,0,#N/A,000,#N/A,#VALUE!,#VALUE!,#VALUE!,#VALUE!,#VALUE!,#VALUE!,#VALUE!,#VALUE!,#VALUE!,#VALUE!,#VALUE!,#VALUE!,#VALUE!,#VALUE!,#VALUE!,#VALUE!,#VALUE!,#VALUE!,#VALUE!,#VALUE!,#VALUE!,#VALUE!,#VALUE!,#VALUE!,#VALUE!,#VALUE!,#VALUE!,#VALUE!,#VALUE!,#VALUE!,#VALUE!,#VALUE!,#VALUE!,#VALUE!,#VALUE!,#VALUE!,#VALUE!,#VALUE!,#VALUE!,#VALUE!,#VALUE!,#VALUE!,#VALUE!,#VALUE!,#VALUE!,なし,#VALUE!,#VALUE!,#VALUE!,#VALUE!,#VALUE!,#VALUE!,#VALUE!,#VALUE!,#VALUE!,#VALUE!,#VALUE!,#VALUE!,#VALUE!,#VALUE!,#VALUE!,#VALUE!,#VALUE!,#VALUE!,なし,#VALUE!,#VALUE!,#VALUE!,0,0,0,0,0
20,0,0,0,0,0,0,0,0,0,0,0,0,#N/A,000,#N/A,#VALUE!,#VALUE!,#VALUE!,#VALUE!,#VALUE!,#VALUE!,#VALUE!,#VALUE!,#VALUE!,#VALUE!,#VALUE!,#VALUE!,#VALUE!,#VALUE!,#VALUE!,#VALUE!,#VALUE!,#VALUE!,#VALUE!,#VALUE!,#VALUE!,#VALUE!,#VALUE!,#VALUE!,#VALUE!,#VALUE!,#VALUE!,#VALUE!,#VALUE!,#VALUE!,#VALUE!,#VALUE!,#VALUE!,#VALUE!,#VALUE!,#VALUE!,#VALUE!,#VALUE!,#VALUE!,#VALUE!,#VALUE!,#VALUE!,#VALUE!,#VALUE!,#VALUE!,なし,#VALUE!,#VALUE!,#VALUE!,#VALUE!,#VALUE!,#VALUE!,#VALUE!,#VALUE!,#VALUE!,#VALUE!,#VALUE!,#VALUE!,#VALUE!,#VALUE!,#VALUE!,#VALUE!,#VALUE!,#VALUE!,なし,#VALUE!,#VALUE!,#VALUE!,0,0,0,0,0
20,0,0,0,0,0,0,0,0,0,0,0,0,#N/A,000,#N/A,#VALUE!,#VALUE!,#VALUE!,#VALUE!,#VALUE!,#VALUE!,#VALUE!,#VALUE!,#VALUE!,#VALUE!,#VALUE!,#VALUE!,#VALUE!,#VALUE!,#VALUE!,#VALUE!,#VALUE!,#VALUE!,#VALUE!,#VALUE!,#VALUE!,#VALUE!,#VALUE!,#VALUE!,#VALUE!,#VALUE!,#VALUE!,#VALUE!,#VALUE!,#VALUE!,#VALUE!,#VALUE!,#VALUE!,#VALUE!,#VALUE!,#VALUE!,#VALUE!,#VALUE!,#VALUE!,#VALUE!,#VALUE!,#VALUE!,#VALUE!,#VALUE!,#VALUE!,なし,#VALUE!,#VALUE!,#VALUE!,#VALUE!,#VALUE!,#VALUE!,#VALUE!,#VALUE!,#VALUE!,#VALUE!,#VALUE!,#VALUE!,#VALUE!,#VALUE!,#VALUE!,#VALUE!,#VALUE!,#VALUE!,なし,#VALUE!,#VALUE!,#VALUE!,0,0,0,0,0
20,0,0,0,0,0,0,0,0,0,0,0,0,#N/A,000,#N/A,#VALUE!,#VALUE!,#VALUE!,#VALUE!,#VALUE!,#VALUE!,#VALUE!,#VALUE!,#VALUE!,#VALUE!,#VALUE!,#VALUE!,#VALUE!,#VALUE!,#VALUE!,#VALUE!,#VALUE!,#VALUE!,#VALUE!,#VALUE!,#VALUE!,#VALUE!,#VALUE!,#VALUE!,#VALUE!,#VALUE!,#VALUE!,#VALUE!,#VALUE!,#VALUE!,#VALUE!,#VALUE!,#VALUE!,#VALUE!,#VALUE!,#VALUE!,#VALUE!,#VALUE!,#VALUE!,#VALUE!,#VALUE!,#VALUE!,#VALUE!,#VALUE!,#VALUE!,なし,#VALUE!,#VALUE!,#VALUE!,#VALUE!,#VALUE!,#VALUE!,#VALUE!,#VALUE!,#VALUE!,#VALUE!,#VALUE!,#VALUE!,#VALUE!,#VALUE!,#VALUE!,#VALUE!,#VALUE!,#VALUE!,なし,#VALUE!,#VALUE!,#VALUE!,0,0,0,0,0
20,0,0,0,0,0,0,0,0,0,0,0,0,#N/A,000,#N/A,#VALUE!,#VALUE!,#VALUE!,#VALUE!,#VALUE!,#VALUE!,#VALUE!,#VALUE!,#VALUE!,#VALUE!,#VALUE!,#VALUE!,#VALUE!,#VALUE!,#VALUE!,#VALUE!,#VALUE!,#VALUE!,#VALUE!,#VALUE!,#VALUE!,#VALUE!,#VALUE!,#VALUE!,#VALUE!,#VALUE!,#VALUE!,#VALUE!,#VALUE!,#VALUE!,#VALUE!,#VALUE!,#VALUE!,#VALUE!,#VALUE!,#VALUE!,#VALUE!,#VALUE!,#VALUE!,#VALUE!,#VALUE!,#VALUE!,#VALUE!,#VALUE!,#VALUE!,なし,#VALUE!,#VALUE!,#VALUE!,#VALUE!,#VALUE!,#VALUE!,#VALUE!,#VALUE!,#VALUE!,#VALUE!,#VALUE!,#VALUE!,#VALUE!,#VALUE!,#VALUE!,#VALUE!,#VALUE!,#VALUE!,なし,#VALUE!,#VALUE!,#VALUE!,0,0,0,0,0
20,0,0,0,0,0,0,0,0,0,0,0,0,#N/A,000,#N/A,#VALUE!,#VALUE!,#VALUE!,#VALUE!,#VALUE!,#VALUE!,#VALUE!,#VALUE!,#VALUE!,#VALUE!,#VALUE!,#VALUE!,#VALUE!,#VALUE!,#VALUE!,#VALUE!,#VALUE!,#VALUE!,#VALUE!,#VALUE!,#VALUE!,#VALUE!,#VALUE!,#VALUE!,#VALUE!,#VALUE!,#VALUE!,#VALUE!,#VALUE!,#VALUE!,#VALUE!,#VALUE!,#VALUE!,#VALUE!,#VALUE!,#VALUE!,#VALUE!,#VALUE!,#VALUE!,#VALUE!,#VALUE!,#VALUE!,#VALUE!,#VALUE!,#VALUE!,なし,#VALUE!,#VALUE!,#VALUE!,#VALUE!,#VALUE!,#VALUE!,#VALUE!,#VALUE!,#VALUE!,#VALUE!,#VALUE!,#VALUE!,#VALUE!,#VALUE!,#VALUE!,#VALUE!,#VALUE!,#VALUE!,なし,#VALUE!,#VALUE!,#VALUE!,0,0,0,0,0
20,0,0,0,0,0,0,0,0,0,0,0,0,#N/A,000,#N/A,#VALUE!,#VALUE!,#VALUE!,#VALUE!,#VALUE!,#VALUE!,#VALUE!,#VALUE!,#VALUE!,#VALUE!,#VALUE!,#VALUE!,#VALUE!,#VALUE!,#VALUE!,#VALUE!,#VALUE!,#VALUE!,#VALUE!,#VALUE!,#VALUE!,#VALUE!,#VALUE!,#VALUE!,#VALUE!,#VALUE!,#VALUE!,#VALUE!,#VALUE!,#VALUE!,#VALUE!,#VALUE!,#VALUE!,#VALUE!,#VALUE!,#VALUE!,#VALUE!,#VALUE!,#VALUE!,#VALUE!,#VALUE!,#VALUE!,#VALUE!,#VALUE!,#VALUE!,なし,#VALUE!,#VALUE!,#VALUE!,#VALUE!,#VALUE!,#VALUE!,#VALUE!,#VALUE!,#VALUE!,#VALUE!,#VALUE!,#VALUE!,#VALUE!,#VALUE!,#VALUE!,#VALUE!,#VALUE!,#VALUE!,なし,#VALUE!,#VALUE!,#VALUE!,0,0,0,0,0
20,0,0,0,0,0,0,0,0,0,0,0,0,#N/A,000,#N/A,#VALUE!,#VALUE!,#VALUE!,#VALUE!,#VALUE!,#VALUE!,#VALUE!,#VALUE!,#VALUE!,#VALUE!,#VALUE!,#VALUE!,#VALUE!,#VALUE!,#VALUE!,#VALUE!,#VALUE!,#VALUE!,#VALUE!,#VALUE!,#VALUE!,#VALUE!,#VALUE!,#VALUE!,#VALUE!,#VALUE!,#VALUE!,#VALUE!,#VALUE!,#VALUE!,#VALUE!,#VALUE!,#VALUE!,#VALUE!,#VALUE!,#VALUE!,#VALUE!,#VALUE!,#VALUE!,#VALUE!,#VALUE!,#VALUE!,#VALUE!,#VALUE!,#VALUE!,なし,#VALUE!,#VALUE!,#VALUE!,#VALUE!,#VALUE!,#VALUE!,#VALUE!,#VALUE!,#VALUE!,#VALUE!,#VALUE!,#VALUE!,#VALUE!,#VALUE!,#VALUE!,#VALUE!,#VALUE!,#VALUE!,なし,#VALUE!,#VALUE!,#VALUE!,0,0,0,0,0
20,0,0,0,0,0,0,0,0,0,0,0,0,#N/A,000,#N/A,#VALUE!,#VALUE!,#VALUE!,#VALUE!,#VALUE!,#VALUE!,#VALUE!,#VALUE!,#VALUE!,#VALUE!,#VALUE!,#VALUE!,#VALUE!,#VALUE!,#VALUE!,#VALUE!,#VALUE!,#VALUE!,#VALUE!,#VALUE!,#VALUE!,#VALUE!,#VALUE!,#VALUE!,#VALUE!,#VALUE!,#VALUE!,#VALUE!,#VALUE!,#VALUE!,#VALUE!,#VALUE!,#VALUE!,#VALUE!,#VALUE!,#VALUE!,#VALUE!,#VALUE!,#VALUE!,#VALUE!,#VALUE!,#VALUE!,#VALUE!,#VALUE!,#VALUE!,なし,#VALUE!,#VALUE!,#VALUE!,#VALUE!,#VALUE!,#VALUE!,#VALUE!,#VALUE!,#VALUE!,#VALUE!,#VALUE!,#VALUE!,#VALUE!,#VALUE!,#VALUE!,#VALUE!,#VALUE!,#VALUE!,なし,#VALUE!,#VALUE!,#VALUE!,0,0,0,0,0
20,0,0,0,0,0,0,0,0,0,0,0,0,#N/A,000,#N/A,#VALUE!,#VALUE!,#VALUE!,#VALUE!,#VALUE!,#VALUE!,#VALUE!,#VALUE!,#VALUE!,#VALUE!,#VALUE!,#VALUE!,#VALUE!,#VALUE!,#VALUE!,#VALUE!,#VALUE!,#VALUE!,#VALUE!,#VALUE!,#VALUE!,#VALUE!,#VALUE!,#VALUE!,#VALUE!,#VALUE!,#VALUE!,#VALUE!,#VALUE!,#VALUE!,#VALUE!,#VALUE!,#VALUE!,#VALUE!,#VALUE!,#VALUE!,#VALUE!,#VALUE!,#VALUE!,#VALUE!,#VALUE!,#VALUE!,#VALUE!,#VALUE!,#VALUE!,なし,#VALUE!,#VALUE!,#VALUE!,#VALUE!,#VALUE!,#VALUE!,#VALUE!,#VALUE!,#VALUE!,#VALUE!,#VALUE!,#VALUE!,#VALUE!,#VALUE!,#VALUE!,#VALUE!,#VALUE!,#VALUE!,なし,#VALUE!,#VALUE!,#VALUE!,0,0,0,0,0
20,0,0,0,0,0,0,0,0,0,0,0,0,#N/A,000,#N/A,#VALUE!,#VALUE!,#VALUE!,#VALUE!,#VALUE!,#VALUE!,#VALUE!,#VALUE!,#VALUE!,#VALUE!,#VALUE!,#VALUE!,#VALUE!,#VALUE!,#VALUE!,#VALUE!,#VALUE!,#VALUE!,#VALUE!,#VALUE!,#VALUE!,#VALUE!,#VALUE!,#VALUE!,#VALUE!,#VALUE!,#VALUE!,#VALUE!,#VALUE!,#VALUE!,#VALUE!,#VALUE!,#VALUE!,#VALUE!,#VALUE!,#VALUE!,#VALUE!,#VALUE!,#VALUE!,#VALUE!,#VALUE!,#VALUE!,#VALUE!,#VALUE!,#VALUE!,なし,#VALUE!,#VALUE!,#VALUE!,#VALUE!,#VALUE!,#VALUE!,#VALUE!,#VALUE!,#VALUE!,#VALUE!,#VALUE!,#VALUE!,#VALUE!,#VALUE!,#VALUE!,#VALUE!,#VALUE!,#VALUE!,なし,#VALUE!,#VALUE!,#VALUE!,0,0,0,0,0
20,0,0,0,0,0,0,0,0,0,0,0,0,#N/A,000,#N/A,#VALUE!,#VALUE!,#VALUE!,#VALUE!,#VALUE!,#VALUE!,#VALUE!,#VALUE!,#VALUE!,#VALUE!,#VALUE!,#VALUE!,#VALUE!,#VALUE!,#VALUE!,#VALUE!,#VALUE!,#VALUE!,#VALUE!,#VALUE!,#VALUE!,#VALUE!,#VALUE!,#VALUE!,#VALUE!,#VALUE!,#VALUE!,#VALUE!,#VALUE!,#VALUE!,#VALUE!,#VALUE!,#VALUE!,#VALUE!,#VALUE!,#VALUE!,#VALUE!,#VALUE!,#VALUE!,#VALUE!,#VALUE!,#VALUE!,#VALUE!,#VALUE!,#VALUE!,なし,#VALUE!,#VALUE!,#VALUE!,#VALUE!,#VALUE!,#VALUE!,#VALUE!,#VALUE!,#VALUE!,#VALUE!,#VALUE!,#VALUE!,#VALUE!,#VALUE!,#VALUE!,#VALUE!,#VALUE!,#VALUE!,なし,#VALUE!,#VALUE!,#VALUE!,0,0,0,0,0
20,0,0,0,0,0,0,0,0,0,0,0,0,#N/A,000,#N/A,#VALUE!,#VALUE!,#VALUE!,#VALUE!,#VALUE!,#VALUE!,#VALUE!,#VALUE!,#VALUE!,#VALUE!,#VALUE!,#VALUE!,#VALUE!,#VALUE!,#VALUE!,#VALUE!,#VALUE!,#VALUE!,#VALUE!,#VALUE!,#VALUE!,#VALUE!,#VALUE!,#VALUE!,#VALUE!,#VALUE!,#VALUE!,#VALUE!,#VALUE!,#VALUE!,#VALUE!,#VALUE!,#VALUE!,#VALUE!,#VALUE!,#VALUE!,#VALUE!,#VALUE!,#VALUE!,#VALUE!,#VALUE!,#VALUE!,#VALUE!,#VALUE!,#VALUE!,なし,#VALUE!,#VALUE!,#VALUE!,#VALUE!,#VALUE!,#VALUE!,#VALUE!,#VALUE!,#VALUE!,#VALUE!,#VALUE!,#VALUE!,#VALUE!,#VALUE!,#VALUE!,#VALUE!,#VALUE!,#VALUE!,なし,#VALUE!,#VALUE!,#VALUE!,0,0,0,0,0
20,0,0,0,0,0,0,0,0,0,0,0,0,#N/A,000,#N/A,#VALUE!,#VALUE!,#VALUE!,#VALUE!,#VALUE!,#VALUE!,#VALUE!,#VALUE!,#VALUE!,#VALUE!,#VALUE!,#VALUE!,#VALUE!,#VALUE!,#VALUE!,#VALUE!,#VALUE!,#VALUE!,#VALUE!,#VALUE!,#VALUE!,#VALUE!,#VALUE!,#VALUE!,#VALUE!,#VALUE!,#VALUE!,#VALUE!,#VALUE!,#VALUE!,#VALUE!,#VALUE!,#VALUE!,#VALUE!,#VALUE!,#VALUE!,#VALUE!,#VALUE!,#VALUE!,#VALUE!,#VALUE!,#VALUE!,#VALUE!,#VALUE!,#VALUE!,なし,#VALUE!,#VALUE!,#VALUE!,#VALUE!,#VALUE!,#VALUE!,#VALUE!,#VALUE!,#VALUE!,#VALUE!,#VALUE!,#VALUE!,#VALUE!,#VALUE!,#VALUE!,#VALUE!,#VALUE!,#VALUE!,なし,#VALUE!,#VALUE!,#VALUE!,0,0,0,0,0
20,0,0,0,0,0,0,0,0,0,0,0,0,#N/A,000,#N/A,#VALUE!,#VALUE!,#VALUE!,#VALUE!,#VALUE!,#VALUE!,#VALUE!,#VALUE!,#VALUE!,#VALUE!,#VALUE!,#VALUE!,#VALUE!,#VALUE!,#VALUE!,#VALUE!,#VALUE!,#VALUE!,#VALUE!,#VALUE!,#VALUE!,#VALUE!,#VALUE!,#VALUE!,#VALUE!,#VALUE!,#VALUE!,#VALUE!,#VALUE!,#VALUE!,#VALUE!,#VALUE!,#VALUE!,#VALUE!,#VALUE!,#VALUE!,#VALUE!,#VALUE!,#VALUE!,#VALUE!,#VALUE!,#VALUE!,#VALUE!,#VALUE!,#VALUE!,なし,#VALUE!,#VALUE!,#VALUE!,#VALUE!,#VALUE!,#VALUE!,#VALUE!,#VALUE!,#VALUE!,#VALUE!,#VALUE!,#VALUE!,#VALUE!,#VALUE!,#VALUE!,#VALUE!,#VALUE!,#VALUE!,なし,#VALUE!,#VALUE!,#VALUE!,0,0,0,0,0
20,0,0,0,0,0,0,0,0,0,0,0,0,#N/A,000,#N/A,#VALUE!,#VALUE!,#VALUE!,#VALUE!,#VALUE!,#VALUE!,#VALUE!,#VALUE!,#VALUE!,#VALUE!,#VALUE!,#VALUE!,#VALUE!,#VALUE!,#VALUE!,#VALUE!,#VALUE!,#VALUE!,#VALUE!,#VALUE!,#VALUE!,#VALUE!,#VALUE!,#VALUE!,#VALUE!,#VALUE!,#VALUE!,#VALUE!,#VALUE!,#VALUE!,#VALUE!,#VALUE!,#VALUE!,#VALUE!,#VALUE!,#VALUE!,#VALUE!,#VALUE!,#VALUE!,#VALUE!,#VALUE!,#VALUE!,#VALUE!,#VALUE!,#VALUE!,なし,#VALUE!,#VALUE!,#VALUE!,#VALUE!,#VALUE!,#VALUE!,#VALUE!,#VALUE!,#VALUE!,#VALUE!,#VALUE!,#VALUE!,#VALUE!,#VALUE!,#VALUE!,#VALUE!,#VALUE!,#VALUE!,なし,#VALUE!,#VALUE!,#VALUE!,0,0,0,0,0
20,0,0,0,0,0,0,0,0,0,0,0,0,#N/A,000,#N/A,#VALUE!,#VALUE!,#VALUE!,#VALUE!,#VALUE!,#VALUE!,#VALUE!,#VALUE!,#VALUE!,#VALUE!,#VALUE!,#VALUE!,#VALUE!,#VALUE!,#VALUE!,#VALUE!,#VALUE!,#VALUE!,#VALUE!,#VALUE!,#VALUE!,#VALUE!,#VALUE!,#VALUE!,#VALUE!,#VALUE!,#VALUE!,#VALUE!,#VALUE!,#VALUE!,#VALUE!,#VALUE!,#VALUE!,#VALUE!,#VALUE!,#VALUE!,#VALUE!,#VALUE!,#VALUE!,#VALUE!,#VALUE!,#VALUE!,#VALUE!,#VALUE!,#VALUE!,なし,#VALUE!,#VALUE!,#VALUE!,#VALUE!,#VALUE!,#VALUE!,#VALUE!,#VALUE!,#VALUE!,#VALUE!,#VALUE!,#VALUE!,#VALUE!,#VALUE!,#VALUE!,#VALUE!,#VALUE!,#VALUE!,なし,#VALUE!,#VALUE!,#VALUE!,0,0,0,0,0
20,0,0,0,0,0,0,0,0,0,0,0,0,#N/A,000,#N/A,#VALUE!,#VALUE!,#VALUE!,#VALUE!,#VALUE!,#VALUE!,#VALUE!,#VALUE!,#VALUE!,#VALUE!,#VALUE!,#VALUE!,#VALUE!,#VALUE!,#VALUE!,#VALUE!,#VALUE!,#VALUE!,#VALUE!,#VALUE!,#VALUE!,#VALUE!,#VALUE!,#VALUE!,#VALUE!,#VALUE!,#VALUE!,#VALUE!,#VALUE!,#VALUE!,#VALUE!,#VALUE!,#VALUE!,#VALUE!,#VALUE!,#VALUE!,#VALUE!,#VALUE!,#VALUE!,#VALUE!,#VALUE!,#VALUE!,#VALUE!,#VALUE!,#VALUE!,なし,#VALUE!,#VALUE!,#VALUE!,#VALUE!,#VALUE!,#VALUE!,#VALUE!,#VALUE!,#VALUE!,#VALUE!,#VALUE!,#VALUE!,#VALUE!,#VALUE!,#VALUE!,#VALUE!,#VALUE!,#VALUE!,なし,#VALUE!,#VALUE!,#VALUE!,0,0,0,0,0
20,0,0,0,0,0,0,0,0,0,0,0,0,#N/A,000,#N/A,#VALUE!,#VALUE!,#VALUE!,#VALUE!,#VALUE!,#VALUE!,#VALUE!,#VALUE!,#VALUE!,#VALUE!,#VALUE!,#VALUE!,#VALUE!,#VALUE!,#VALUE!,#VALUE!,#VALUE!,#VALUE!,#VALUE!,#VALUE!,#VALUE!,#VALUE!,#VALUE!,#VALUE!,#VALUE!,#VALUE!,#VALUE!,#VALUE!,#VALUE!,#VALUE!,#VALUE!,#VALUE!,#VALUE!,#VALUE!,#VALUE!,#VALUE!,#VALUE!,#VALUE!,#VALUE!,#VALUE!,#VALUE!,#VALUE!,#VALUE!,#VALUE!,#VALUE!,なし,#VALUE!,#VALUE!,#VALUE!,#VALUE!,#VALUE!,#VALUE!,#VALUE!,#VALUE!,#VALUE!,#VALUE!,#VALUE!,#VALUE!,#VALUE!,#VALUE!,#VALUE!,#VALUE!,#VALUE!,#VALUE!,なし,#VALUE!,#VALUE!,#VALUE!,0,0,0,0,0
20,0,0,0,0,0,0,0,0,0,0,0,0,#N/A,000,#N/A,#VALUE!,#VALUE!,#VALUE!,#VALUE!,#VALUE!,#VALUE!,#VALUE!,#VALUE!,#VALUE!,#VALUE!,#VALUE!,#VALUE!,#VALUE!,#VALUE!,#VALUE!,#VALUE!,#VALUE!,#VALUE!,#VALUE!,#VALUE!,#VALUE!,#VALUE!,#VALUE!,#VALUE!,#VALUE!,#VALUE!,#VALUE!,#VALUE!,#VALUE!,#VALUE!,#VALUE!,#VALUE!,#VALUE!,#VALUE!,#VALUE!,#VALUE!,#VALUE!,#VALUE!,#VALUE!,#VALUE!,#VALUE!,#VALUE!,#VALUE!,#VALUE!,#VALUE!,なし,#VALUE!,#VALUE!,#VALUE!,#VALUE!,#VALUE!,#VALUE!,#VALUE!,#VALUE!,#VALUE!,#VALUE!,#VALUE!,#VALUE!,#VALUE!,#VALUE!,#VALUE!,#VALUE!,#VALUE!,#VALUE!,なし,#VALUE!,#VALUE!,#VALUE!,0,0,0,0,0
20,0,0,0,0,0,0,0,0,0,0,0,0,#N/A,000,#N/A,#VALUE!,#VALUE!,#VALUE!,#VALUE!,#VALUE!,#VALUE!,#VALUE!,#VALUE!,#VALUE!,#VALUE!,#VALUE!,#VALUE!,#VALUE!,#VALUE!,#VALUE!,#VALUE!,#VALUE!,#VALUE!,#VALUE!,#VALUE!,#VALUE!,#VALUE!,#VALUE!,#VALUE!,#VALUE!,#VALUE!,#VALUE!,#VALUE!,#VALUE!,#VALUE!,#VALUE!,#VALUE!,#VALUE!,#VALUE!,#VALUE!,#VALUE!,#VALUE!,#VALUE!,#VALUE!,#VALUE!,#VALUE!,#VALUE!,#VALUE!,#VALUE!,#VALUE!,なし,#VALUE!,#VALUE!,#VALUE!,#VALUE!,#VALUE!,#VALUE!,#VALUE!,#VALUE!,#VALUE!,#VALUE!,#VALUE!,#VALUE!,#VALUE!,#VALUE!,#VALUE!,#VALUE!,#VALUE!,#VALUE!,なし,#VALUE!,#VALUE!,#VALUE!,0,0,0,0,0
20,0,0,0,0,0,0,0,0,0,0,0,0,#N/A,000,#N/A,#VALUE!,#VALUE!,#VALUE!,#VALUE!,#VALUE!,#VALUE!,#VALUE!,#VALUE!,#VALUE!,#VALUE!,#VALUE!,#VALUE!,#VALUE!,#VALUE!,#VALUE!,#VALUE!,#VALUE!,#VALUE!,#VALUE!,#VALUE!,#VALUE!,#VALUE!,#VALUE!,#VALUE!,#VALUE!,#VALUE!,#VALUE!,#VALUE!,#VALUE!,#VALUE!,#VALUE!,#VALUE!,#VALUE!,#VALUE!,#VALUE!,#VALUE!,#VALUE!,#VALUE!,#VALUE!,#VALUE!,#VALUE!,#VALUE!,#VALUE!,#VALUE!,#VALUE!,なし,#VALUE!,#VALUE!,#VALUE!,#VALUE!,#VALUE!,#VALUE!,#VALUE!,#VALUE!,#VALUE!,#VALUE!,#VALUE!,#VALUE!,#VALUE!,#VALUE!,#VALUE!,#VALUE!,#VALUE!,#VALUE!,なし,#VALUE!,#VALUE!,#VALUE!,0,0,0,0,0
20,0,0,0,0,0,0,0,0,0,0,0,0,#N/A,000,#N/A,#VALUE!,#VALUE!,#VALUE!,#VALUE!,#VALUE!,#VALUE!,#VALUE!,#VALUE!,#VALUE!,#VALUE!,#VALUE!,#VALUE!,#VALUE!,#VALUE!,#VALUE!,#VALUE!,#VALUE!,#VALUE!,#VALUE!,#VALUE!,#VALUE!,#VALUE!,#VALUE!,#VALUE!,#VALUE!,#VALUE!,#VALUE!,#VALUE!,#VALUE!,#VALUE!,#VALUE!,#VALUE!,#VALUE!,#VALUE!,#VALUE!,#VALUE!,#VALUE!,#VALUE!,#VALUE!,#VALUE!,#VALUE!,#VALUE!,#VALUE!,#VALUE!,#VALUE!,なし,#VALUE!,#VALUE!,#VALUE!,#VALUE!,#VALUE!,#VALUE!,#VALUE!,#VALUE!,#VALUE!,#VALUE!,#VALUE!,#VALUE!,#VALUE!,#VALUE!,#VALUE!,#VALUE!,#VALUE!,#VALUE!,なし,#VALUE!,#VALUE!,#VALUE!,0,0,0,0,0
20,0,0,0,0,0,0,0,0,0,0,0,0,#N/A,000,#N/A,#VALUE!,#VALUE!,#VALUE!,#VALUE!,#VALUE!,#VALUE!,#VALUE!,#VALUE!,#VALUE!,#VALUE!,#VALUE!,#VALUE!,#VALUE!,#VALUE!,#VALUE!,#VALUE!,#VALUE!,#VALUE!,#VALUE!,#VALUE!,#VALUE!,#VALUE!,#VALUE!,#VALUE!,#VALUE!,#VALUE!,#VALUE!,#VALUE!,#VALUE!,#VALUE!,#VALUE!,#VALUE!,#VALUE!,#VALUE!,#VALUE!,#VALUE!,#VALUE!,#VALUE!,#VALUE!,#VALUE!,#VALUE!,#VALUE!,#VALUE!,#VALUE!,#VALUE!,なし,#VALUE!,#VALUE!,#VALUE!,#VALUE!,#VALUE!,#VALUE!,#VALUE!,#VALUE!,#VALUE!,#VALUE!,#VALUE!,#VALUE!,#VALUE!,#VALUE!,#VALUE!,#VALUE!,#VALUE!,#VALUE!,なし,#VALUE!,#VALUE!,#VALUE!,0,0,0,0,0
20,0,0,0,0,0,0,0,0,0,0,0,0,#N/A,000,#N/A,#VALUE!,#VALUE!,#VALUE!,#VALUE!,#VALUE!,#VALUE!,#VALUE!,#VALUE!,#VALUE!,#VALUE!,#VALUE!,#VALUE!,#VALUE!,#VALUE!,#VALUE!,#VALUE!,#VALUE!,#VALUE!,#VALUE!,#VALUE!,#VALUE!,#VALUE!,#VALUE!,#VALUE!,#VALUE!,#VALUE!,#VALUE!,#VALUE!,#VALUE!,#VALUE!,#VALUE!,#VALUE!,#VALUE!,#VALUE!,#VALUE!,#VALUE!,#VALUE!,#VALUE!,#VALUE!,#VALUE!,#VALUE!,#VALUE!,#VALUE!,#VALUE!,#VALUE!,なし,#VALUE!,#VALUE!,#VALUE!,#VALUE!,#VALUE!,#VALUE!,#VALUE!,#VALUE!,#VALUE!,#VALUE!,#VALUE!,#VALUE!,#VALUE!,#VALUE!,#VALUE!,#VALUE!,#VALUE!,#VALUE!,なし,#VALUE!,#VALUE!,#VALUE!,0,0,0,0,0
20,0,0,0,0,0,0,0,0,0,0,0,0,#N/A,000,#N/A,#VALUE!,#VALUE!,#VALUE!,#VALUE!,#VALUE!,#VALUE!,#VALUE!,#VALUE!,#VALUE!,#VALUE!,#VALUE!,#VALUE!,#VALUE!,#VALUE!,#VALUE!,#VALUE!,#VALUE!,#VALUE!,#VALUE!,#VALUE!,#VALUE!,#VALUE!,#VALUE!,#VALUE!,#VALUE!,#VALUE!,#VALUE!,#VALUE!,#VALUE!,#VALUE!,#VALUE!,#VALUE!,#VALUE!,#VALUE!,#VALUE!,#VALUE!,#VALUE!,#VALUE!,#VALUE!,#VALUE!,#VALUE!,#VALUE!,#VALUE!,#VALUE!,#VALUE!,なし,#VALUE!,#VALUE!,#VALUE!,#VALUE!,#VALUE!,#VALUE!,#VALUE!,#VALUE!,#VALUE!,#VALUE!,#VALUE!,#VALUE!,#VALUE!,#VALUE!,#VALUE!,#VALUE!,#VALUE!,#VALUE!,なし,#VALUE!,#VALUE!,#VALUE!,0,0,0,0,0
20,0,0,0,0,0,0,0,0,0,0,0,0,#N/A,000,#N/A,#VALUE!,#VALUE!,#VALUE!,#VALUE!,#VALUE!,#VALUE!,#VALUE!,#VALUE!,#VALUE!,#VALUE!,#VALUE!,#VALUE!,#VALUE!,#VALUE!,#VALUE!,#VALUE!,#VALUE!,#VALUE!,#VALUE!,#VALUE!,#VALUE!,#VALUE!,#VALUE!,#VALUE!,#VALUE!,#VALUE!,#VALUE!,#VALUE!,#VALUE!,#VALUE!,#VALUE!,#VALUE!,#VALUE!,#VALUE!,#VALUE!,#VALUE!,#VALUE!,#VALUE!,#VALUE!,#VALUE!,#VALUE!,#VALUE!,#VALUE!,#VALUE!,#VALUE!,なし,#VALUE!,#VALUE!,#VALUE!,#VALUE!,#VALUE!,#VALUE!,#VALUE!,#VALUE!,#VALUE!,#VALUE!,#VALUE!,#VALUE!,#VALUE!,#VALUE!,#VALUE!,#VALUE!,#VALUE!,#VALUE!,なし,#VALUE!,#VALUE!,#VALUE!,0,0,0,0,0
20,0,0,0,0,0,0,0,0,0,0,0,0,#N/A,000,#N/A,#VALUE!,#VALUE!,#VALUE!,#VALUE!,#VALUE!,#VALUE!,#VALUE!,#VALUE!,#VALUE!,#VALUE!,#VALUE!,#VALUE!,#VALUE!,#VALUE!,#VALUE!,#VALUE!,#VALUE!,#VALUE!,#VALUE!,#VALUE!,#VALUE!,#VALUE!,#VALUE!,#VALUE!,#VALUE!,#VALUE!,#VALUE!,#VALUE!,#VALUE!,#VALUE!,#VALUE!,#VALUE!,#VALUE!,#VALUE!,#VALUE!,#VALUE!,#VALUE!,#VALUE!,#VALUE!,#VALUE!,#VALUE!,#VALUE!,#VALUE!,#VALUE!,#VALUE!,なし,#VALUE!,#VALUE!,#VALUE!,#VALUE!,#VALUE!,#VALUE!,#VALUE!,#VALUE!,#VALUE!,#VALUE!,#VALUE!,#VALUE!,#VALUE!,#VALUE!,#VALUE!,#VALUE!,#VALUE!,#VALUE!,なし,#VALUE!,#VALUE!,#VALUE!,0,0,0,0,0
20,0,0,0,0,0,0,0,0,0,0,0,0,#N/A,000,#N/A,#VALUE!,#VALUE!,#VALUE!,#VALUE!,#VALUE!,#VALUE!,#VALUE!,#VALUE!,#VALUE!,#VALUE!,#VALUE!,#VALUE!,#VALUE!,#VALUE!,#VALUE!,#VALUE!,#VALUE!,#VALUE!,#VALUE!,#VALUE!,#VALUE!,#VALUE!,#VALUE!,#VALUE!,#VALUE!,#VALUE!,#VALUE!,#VALUE!,#VALUE!,#VALUE!,#VALUE!,#VALUE!,#VALUE!,#VALUE!,#VALUE!,#VALUE!,#VALUE!,#VALUE!,#VALUE!,#VALUE!,#VALUE!,#VALUE!,#VALUE!,#VALUE!,#VALUE!,なし,#VALUE!,#VALUE!,#VALUE!,#VALUE!,#VALUE!,#VALUE!,#VALUE!,#VALUE!,#VALUE!,#VALUE!,#VALUE!,#VALUE!,#VALUE!,#VALUE!,#VALUE!,#VALUE!,#VALUE!,#VALUE!,なし,#VALUE!,#VALUE!,#VALUE!,0,0,0,0,0
20,0,0,0,0,0,0,0,0,0,0,0,0,#N/A,000,#N/A,#VALUE!,#VALUE!,#VALUE!,#VALUE!,#VALUE!,#VALUE!,#VALUE!,#VALUE!,#VALUE!,#VALUE!,#VALUE!,#VALUE!,#VALUE!,#VALUE!,#VALUE!,#VALUE!,#VALUE!,#VALUE!,#VALUE!,#VALUE!,#VALUE!,#VALUE!,#VALUE!,#VALUE!,#VALUE!,#VALUE!,#VALUE!,#VALUE!,#VALUE!,#VALUE!,#VALUE!,#VALUE!,#VALUE!,#VALUE!,#VALUE!,#VALUE!,#VALUE!,#VALUE!,#VALUE!,#VALUE!,#VALUE!,#VALUE!,#VALUE!,#VALUE!,#VALUE!,なし,#VALUE!,#VALUE!,#VALUE!,#VALUE!,#VALUE!,#VALUE!,#VALUE!,#VALUE!,#VALUE!,#VALUE!,#VALUE!,#VALUE!,#VALUE!,#VALUE!,#VALUE!,#VALUE!,#VALUE!,#VALUE!,なし,#VALUE!,#VALUE!,#VALUE!,0,0,0,0,0
20,0,0,0,0,0,0,0,0,0,0,0,0,#N/A,000,#N/A,#VALUE!,#VALUE!,#VALUE!,#VALUE!,#VALUE!,#VALUE!,#VALUE!,#VALUE!,#VALUE!,#VALUE!,#VALUE!,#VALUE!,#VALUE!,#VALUE!,#VALUE!,#VALUE!,#VALUE!,#VALUE!,#VALUE!,#VALUE!,#VALUE!,#VALUE!,#VALUE!,#VALUE!,#VALUE!,#VALUE!,#VALUE!,#VALUE!,#VALUE!,#VALUE!,#VALUE!,#VALUE!,#VALUE!,#VALUE!,#VALUE!,#VALUE!,#VALUE!,#VALUE!,#VALUE!,#VALUE!,#VALUE!,#VALUE!,#VALUE!,#VALUE!,#VALUE!,なし,#VALUE!,#VALUE!,#VALUE!,#VALUE!,#VALUE!,#VALUE!,#VALUE!,#VALUE!,#VALUE!,#VALUE!,#VALUE!,#VALUE!,#VALUE!,#VALUE!,#VALUE!,#VALUE!,#VALUE!,#VALUE!,なし,#VALUE!,#VALUE!,#VALUE!,0,0,0,0,0
20,0,0,0,0,0,0,0,0,0,0,0,0,#N/A,000,#N/A,#VALUE!,#VALUE!,#VALUE!,#VALUE!,#VALUE!,#VALUE!,#VALUE!,#VALUE!,#VALUE!,#VALUE!,#VALUE!,#VALUE!,#VALUE!,#VALUE!,#VALUE!,#VALUE!,#VALUE!,#VALUE!,#VALUE!,#VALUE!,#VALUE!,#VALUE!,#VALUE!,#VALUE!,#VALUE!,#VALUE!,#VALUE!,#VALUE!,#VALUE!,#VALUE!,#VALUE!,#VALUE!,#VALUE!,#VALUE!,#VALUE!,#VALUE!,#VALUE!,#VALUE!,#VALUE!,#VALUE!,#VALUE!,#VALUE!,#VALUE!,#VALUE!,#VALUE!,なし,#VALUE!,#VALUE!,#VALUE!,#VALUE!,#VALUE!,#VALUE!,#VALUE!,#VALUE!,#VALUE!,#VALUE!,#VALUE!,#VALUE!,#VALUE!,#VALUE!,#VALUE!,#VALUE!,#VALUE!,#VALUE!,なし,#VALUE!,#VALUE!,#VALUE!,0,0,0,0,0
20,0,0,0,0,0,0,0,0,0,0,0,0,#N/A,000,#N/A,#VALUE!,#VALUE!,#VALUE!,#VALUE!,#VALUE!,#VALUE!,#VALUE!,#VALUE!,#VALUE!,#VALUE!,#VALUE!,#VALUE!,#VALUE!,#VALUE!,#VALUE!,#VALUE!,#VALUE!,#VALUE!,#VALUE!,#VALUE!,#VALUE!,#VALUE!,#VALUE!,#VALUE!,#VALUE!,#VALUE!,#VALUE!,#VALUE!,#VALUE!,#VALUE!,#VALUE!,#VALUE!,#VALUE!,#VALUE!,#VALUE!,#VALUE!,#VALUE!,#VALUE!,#VALUE!,#VALUE!,#VALUE!,#VALUE!,#VALUE!,#VALUE!,#VALUE!,なし,#VALUE!,#VALUE!,#VALUE!,#VALUE!,#VALUE!,#VALUE!,#VALUE!,#VALUE!,#VALUE!,#VALUE!,#VALUE!,#VALUE!,#VALUE!,#VALUE!,#VALUE!,#VALUE!,#VALUE!,#VALUE!,なし,#VALUE!,#VALUE!,#VALUE!,0,0,0,0,0
20,0,0,0,0,0,0,0,0,0,0,0,0,#N/A,000,#N/A,#VALUE!,#VALUE!,#VALUE!,#VALUE!,#VALUE!,#VALUE!,#VALUE!,#VALUE!,#VALUE!,#VALUE!,#VALUE!,#VALUE!,#VALUE!,#VALUE!,#VALUE!,#VALUE!,#VALUE!,#VALUE!,#VALUE!,#VALUE!,#VALUE!,#VALUE!,#VALUE!,#VALUE!,#VALUE!,#VALUE!,#VALUE!,#VALUE!,#VALUE!,#VALUE!,#VALUE!,#VALUE!,#VALUE!,#VALUE!,#VALUE!,#VALUE!,#VALUE!,#VALUE!,#VALUE!,#VALUE!,#VALUE!,#VALUE!,#VALUE!,#VALUE!,#VALUE!,なし,#VALUE!,#VALUE!,#VALUE!,#VALUE!,#VALUE!,#VALUE!,#VALUE!,#VALUE!,#VALUE!,#VALUE!,#VALUE!,#VALUE!,#VALUE!,#VALUE!,#VALUE!,#VALUE!,#VALUE!,#VALUE!,なし,#VALUE!,#VALUE!,#VALUE!,0,0,0,0,0
20,0,0,0,0,0,0,0,0,0,0,0,0,#N/A,000,#N/A,#VALUE!,#VALUE!,#VALUE!,#VALUE!,#VALUE!,#VALUE!,#VALUE!,#VALUE!,#VALUE!,#VALUE!,#VALUE!,#VALUE!,#VALUE!,#VALUE!,#VALUE!,#VALUE!,#VALUE!,#VALUE!,#VALUE!,#VALUE!,#VALUE!,#VALUE!,#VALUE!,#VALUE!,#VALUE!,#VALUE!,#VALUE!,#VALUE!,#VALUE!,#VALUE!,#VALUE!,#VALUE!,#VALUE!,#VALUE!,#VALUE!,#VALUE!,#VALUE!,#VALUE!,#VALUE!,#VALUE!,#VALUE!,#VALUE!,#VALUE!,#VALUE!,#VALUE!,なし,#VALUE!,#VALUE!,#VALUE!,#VALUE!,#VALUE!,#VALUE!,#VALUE!,#VALUE!,#VALUE!,#VALUE!,#VALUE!,#VALUE!,#VALUE!,#VALUE!,#VALUE!,#VALUE!,#VALUE!,#VALUE!,なし,#VALUE!,#VALUE!,#VALUE!,0,0,0,0,0
20,0,0,0,0,0,0,0,0,0,0,0,0,#N/A,000,#N/A,#VALUE!,#VALUE!,#VALUE!,#VALUE!,#VALUE!,#VALUE!,#VALUE!,#VALUE!,#VALUE!,#VALUE!,#VALUE!,#VALUE!,#VALUE!,#VALUE!,#VALUE!,#VALUE!,#VALUE!,#VALUE!,#VALUE!,#VALUE!,#VALUE!,#VALUE!,#VALUE!,#VALUE!,#VALUE!,#VALUE!,#VALUE!,#VALUE!,#VALUE!,#VALUE!,#VALUE!,#VALUE!,#VALUE!,#VALUE!,#VALUE!,#VALUE!,#VALUE!,#VALUE!,#VALUE!,#VALUE!,#VALUE!,#VALUE!,#VALUE!,#VALUE!,#VALUE!,なし,#VALUE!,#VALUE!,#VALUE!,#VALUE!,#VALUE!,#VALUE!,#VALUE!,#VALUE!,#VALUE!,#VALUE!,#VALUE!,#VALUE!,#VALUE!,#VALUE!,#VALUE!,#VALUE!,#VALUE!,#VALUE!,なし,#VALUE!,#VALUE!,#VALUE!,0,0,0,0,0
20,0,0,0,0,0,0,0,0,0,0,0,0,#N/A,000,#N/A,#VALUE!,#VALUE!,#VALUE!,#VALUE!,#VALUE!,#VALUE!,#VALUE!,#VALUE!,#VALUE!,#VALUE!,#VALUE!,#VALUE!,#VALUE!,#VALUE!,#VALUE!,#VALUE!,#VALUE!,#VALUE!,#VALUE!,#VALUE!,#VALUE!,#VALUE!,#VALUE!,#VALUE!,#VALUE!,#VALUE!,#VALUE!,#VALUE!,#VALUE!,#VALUE!,#VALUE!,#VALUE!,#VALUE!,#VALUE!,#VALUE!,#VALUE!,#VALUE!,#VALUE!,#VALUE!,#VALUE!,#VALUE!,#VALUE!,#VALUE!,#VALUE!,#VALUE!,なし,#VALUE!,#VALUE!,#VALUE!,#VALUE!,#VALUE!,#VALUE!,#VALUE!,#VALUE!,#VALUE!,#VALUE!,#VALUE!,#VALUE!,#VALUE!,#VALUE!,#VALUE!,#VALUE!,#VALUE!,#VALUE!,なし,#VALUE!,#VALUE!,#VALUE!,0,0,0,0,0
20,0,0,0,0,0,0,0,0,0,0,0,0,#N/A,000,#N/A,#VALUE!,#VALUE!,#VALUE!,#VALUE!,#VALUE!,#VALUE!,#VALUE!,#VALUE!,#VALUE!,#VALUE!,#VALUE!,#VALUE!,#VALUE!,#VALUE!,#VALUE!,#VALUE!,#VALUE!,#VALUE!,#VALUE!,#VALUE!,#VALUE!,#VALUE!,#VALUE!,#VALUE!,#VALUE!,#VALUE!,#VALUE!,#VALUE!,#VALUE!,#VALUE!,#VALUE!,#VALUE!,#VALUE!,#VALUE!,#VALUE!,#VALUE!,#VALUE!,#VALUE!,#VALUE!,#VALUE!,#VALUE!,#VALUE!,#VALUE!,#VALUE!,#VALUE!,なし,#VALUE!,#VALUE!,#VALUE!,#VALUE!,#VALUE!,#VALUE!,#VALUE!,#VALUE!,#VALUE!,#VALUE!,#VALUE!,#VALUE!,#VALUE!,#VALUE!,#VALUE!,#VALUE!,#VALUE!,#VALUE!,なし,#VALUE!,#VALUE!,#VALUE!,0,0,0,0,0
20,0,0,0,0,0,0,0,0,0,0,0,0,#N/A,000,#N/A,#VALUE!,#VALUE!,#VALUE!,#VALUE!,#VALUE!,#VALUE!,#VALUE!,#VALUE!,#VALUE!,#VALUE!,#VALUE!,#VALUE!,#VALUE!,#VALUE!,#VALUE!,#VALUE!,#VALUE!,#VALUE!,#VALUE!,#VALUE!,#VALUE!,#VALUE!,#VALUE!,#VALUE!,#VALUE!,#VALUE!,#VALUE!,#VALUE!,#VALUE!,#VALUE!,#VALUE!,#VALUE!,#VALUE!,#VALUE!,#VALUE!,#VALUE!,#VALUE!,#VALUE!,#VALUE!,#VALUE!,#VALUE!,#VALUE!,#VALUE!,#VALUE!,#VALUE!,なし,#VALUE!,#VALUE!,#VALUE!,#VALUE!,#VALUE!,#VALUE!,#VALUE!,#VALUE!,#VALUE!,#VALUE!,#VALUE!,#VALUE!,#VALUE!,#VALUE!,#VALUE!,#VALUE!,#VALUE!,#VALUE!,なし,#VALUE!,#VALUE!,#VALUE!,0,0,0,0,0
20,0,0,0,0,0,0,0,0,0,0,0,0,#N/A,000,#N/A,#VALUE!,#VALUE!,#VALUE!,#VALUE!,#VALUE!,#VALUE!,#VALUE!,#VALUE!,#VALUE!,#VALUE!,#VALUE!,#VALUE!,#VALUE!,#VALUE!,#VALUE!,#VALUE!,#VALUE!,#VALUE!,#VALUE!,#VALUE!,#VALUE!,#VALUE!,#VALUE!,#VALUE!,#VALUE!,#VALUE!,#VALUE!,#VALUE!,#VALUE!,#VALUE!,#VALUE!,#VALUE!,#VALUE!,#VALUE!,#VALUE!,#VALUE!,#VALUE!,#VALUE!,#VALUE!,#VALUE!,#VALUE!,#VALUE!,#VALUE!,#VALUE!,#VALUE!,なし,#VALUE!,#VALUE!,#VALUE!,#VALUE!,#VALUE!,#VALUE!,#VALUE!,#VALUE!,#VALUE!,#VALUE!,#VALUE!,#VALUE!,#VALUE!,#VALUE!,#VALUE!,#VALUE!,#VALUE!,#VALUE!,なし,#VALUE!,#VALUE!,#VALUE!,0,0,0,0,0
20,0,0,0,0,0,0,0,0,0,0,0,0,#N/A,000,#N/A,#VALUE!,#VALUE!,#VALUE!,#VALUE!,#VALUE!,#VALUE!,#VALUE!,#VALUE!,#VALUE!,#VALUE!,#VALUE!,#VALUE!,#VALUE!,#VALUE!,#VALUE!,#VALUE!,#VALUE!,#VALUE!,#VALUE!,#VALUE!,#VALUE!,#VALUE!,#VALUE!,#VALUE!,#VALUE!,#VALUE!,#VALUE!,#VALUE!,#VALUE!,#VALUE!,#VALUE!,#VALUE!,#VALUE!,#VALUE!,#VALUE!,#VALUE!,#VALUE!,#VALUE!,#VALUE!,#VALUE!,#VALUE!,#VALUE!,#VALUE!,#VALUE!,#VALUE!,なし,#VALUE!,#VALUE!,#VALUE!,#VALUE!,#VALUE!,#VALUE!,#VALUE!,#VALUE!,#VALUE!,#VALUE!,#VALUE!,#VALUE!,#VALUE!,#VALUE!,#VALUE!,#VALUE!,#VALUE!,#VALUE!,なし,#VALUE!,#VALUE!,#VALUE!,0,0,0,0,0
20,0,0,0,0,0,0,0,0,0,0,0,0,#N/A,000,#N/A,#VALUE!,#VALUE!,#VALUE!,#VALUE!,#VALUE!,#VALUE!,#VALUE!,#VALUE!,#VALUE!,#VALUE!,#VALUE!,#VALUE!,#VALUE!,#VALUE!,#VALUE!,#VALUE!,#VALUE!,#VALUE!,#VALUE!,#VALUE!,#VALUE!,#VALUE!,#VALUE!,#VALUE!,#VALUE!,#VALUE!,#VALUE!,#VALUE!,#VALUE!,#VALUE!,#VALUE!,#VALUE!,#VALUE!,#VALUE!,#VALUE!,#VALUE!,#VALUE!,#VALUE!,#VALUE!,#VALUE!,#VALUE!,#VALUE!,#VALUE!,#VALUE!,#VALUE!,なし,#VALUE!,#VALUE!,#VALUE!,#VALUE!,#VALUE!,#VALUE!,#VALUE!,#VALUE!,#VALUE!,#VALUE!,#VALUE!,#VALUE!,#VALUE!,#VALUE!,#VALUE!,#VALUE!,#VALUE!,#VALUE!,なし,#VALUE!,#VALUE!,#VALUE!,0,0,0,0,0
20,0,0,0,0,0,0,0,0,0,0,0,0,#N/A,000,#N/A,#VALUE!,#VALUE!,#VALUE!,#VALUE!,#VALUE!,#VALUE!,#VALUE!,#VALUE!,#VALUE!,#VALUE!,#VALUE!,#VALUE!,#VALUE!,#VALUE!,#VALUE!,#VALUE!,#VALUE!,#VALUE!,#VALUE!,#VALUE!,#VALUE!,#VALUE!,#VALUE!,#VALUE!,#VALUE!,#VALUE!,#VALUE!,#VALUE!,#VALUE!,#VALUE!,#VALUE!,#VALUE!,#VALUE!,#VALUE!,#VALUE!,#VALUE!,#VALUE!,#VALUE!,#VALUE!,#VALUE!,#VALUE!,#VALUE!,#VALUE!,#VALUE!,#VALUE!,なし,#VALUE!,#VALUE!,#VALUE!,#VALUE!,#VALUE!,#VALUE!,#VALUE!,#VALUE!,#VALUE!,#VALUE!,#VALUE!,#VALUE!,#VALUE!,#VALUE!,#VALUE!,#VALUE!,#VALUE!,#VALUE!,なし,#VALUE!,#VALUE!,#VALUE!,0,0,0,0,0
20,0,0,0,0,0,0,0,0,0,0,0,0,#N/A,000,#N/A,#VALUE!,#VALUE!,#VALUE!,#VALUE!,#VALUE!,#VALUE!,#VALUE!,#VALUE!,#VALUE!,#VALUE!,#VALUE!,#VALUE!,#VALUE!,#VALUE!,#VALUE!,#VALUE!,#VALUE!,#VALUE!,#VALUE!,#VALUE!,#VALUE!,#VALUE!,#VALUE!,#VALUE!,#VALUE!,#VALUE!,#VALUE!,#VALUE!,#VALUE!,#VALUE!,#VALUE!,#VALUE!,#VALUE!,#VALUE!,#VALUE!,#VALUE!,#VALUE!,#VALUE!,#VALUE!,#VALUE!,#VALUE!,#VALUE!,#VALUE!,#VALUE!,#VALUE!,なし,#VALUE!,#VALUE!,#VALUE!,#VALUE!,#VALUE!,#VALUE!,#VALUE!,#VALUE!,#VALUE!,#VALUE!,#VALUE!,#VALUE!,#VALUE!,#VALUE!,#VALUE!,#VALUE!,#VALUE!,#VALUE!,なし,#VALUE!,#VALUE!,#VALUE!,0,0,0,0,0
20,0,0,0,0,0,0,0,0,0,0,0,0,#N/A,000,#N/A,#VALUE!,#VALUE!,#VALUE!,#VALUE!,#VALUE!,#VALUE!,#VALUE!,#VALUE!,#VALUE!,#VALUE!,#VALUE!,#VALUE!,#VALUE!,#VALUE!,#VALUE!,#VALUE!,#VALUE!,#VALUE!,#VALUE!,#VALUE!,#VALUE!,#VALUE!,#VALUE!,#VALUE!,#VALUE!,#VALUE!,#VALUE!,#VALUE!,#VALUE!,#VALUE!,#VALUE!,#VALUE!,#VALUE!,#VALUE!,#VALUE!,#VALUE!,#VALUE!,#VALUE!,#VALUE!,#VALUE!,#VALUE!,#VALUE!,#VALUE!,#VALUE!,#VALUE!,なし,#VALUE!,#VALUE!,#VALUE!,#VALUE!,#VALUE!,#VALUE!,#VALUE!,#VALUE!,#VALUE!,#VALUE!,#VALUE!,#VALUE!,#VALUE!,#VALUE!,#VALUE!,#VALUE!,#VALUE!,#VALUE!,なし,#VALUE!,#VALUE!,#VALUE!,0,0,0,0,0
20,0,0,0,0,0,0,0,0,0,0,0,0,#N/A,000,#N/A,#VALUE!,#VALUE!,#VALUE!,#VALUE!,#VALUE!,#VALUE!,#VALUE!,#VALUE!,#VALUE!,#VALUE!,#VALUE!,#VALUE!,#VALUE!,#VALUE!,#VALUE!,#VALUE!,#VALUE!,#VALUE!,#VALUE!,#VALUE!,#VALUE!,#VALUE!,#VALUE!,#VALUE!,#VALUE!,#VALUE!,#VALUE!,#VALUE!,#VALUE!,#VALUE!,#VALUE!,#VALUE!,#VALUE!,#VALUE!,#VALUE!,#VALUE!,#VALUE!,#VALUE!,#VALUE!,#VALUE!,#VALUE!,#VALUE!,#VALUE!,#VALUE!,#VALUE!,なし,#VALUE!,#VALUE!,#VALUE!,#VALUE!,#VALUE!,#VALUE!,#VALUE!,#VALUE!,#VALUE!,#VALUE!,#VALUE!,#VALUE!,#VALUE!,#VALUE!,#VALUE!,#VALUE!,#VALUE!,#VALUE!,なし,#VALUE!,#VALUE!,#VALUE!,0,0,0,0,0
20,0,0,0,0,0,0,0,0,0,0,0,0,#N/A,000,#N/A,#VALUE!,#VALUE!,#VALUE!,#VALUE!,#VALUE!,#VALUE!,#VALUE!,#VALUE!,#VALUE!,#VALUE!,#VALUE!,#VALUE!,#VALUE!,#VALUE!,#VALUE!,#VALUE!,#VALUE!,#VALUE!,#VALUE!,#VALUE!,#VALUE!,#VALUE!,#VALUE!,#VALUE!,#VALUE!,#VALUE!,#VALUE!,#VALUE!,#VALUE!,#VALUE!,#VALUE!,#VALUE!,#VALUE!,#VALUE!,#VALUE!,#VALUE!,#VALUE!,#VALUE!,#VALUE!,#VALUE!,#VALUE!,#VALUE!,#VALUE!,#VALUE!,#VALUE!,なし,#VALUE!,#VALUE!,#VALUE!,#VALUE!,#VALUE!,#VALUE!,#VALUE!,#VALUE!,#VALUE!,#VALUE!,#VALUE!,#VALUE!,#VALUE!,#VALUE!,#VALUE!,#VALUE!,#VALUE!,#VALUE!,なし,#VALUE!,#VALUE!,#VALUE!,0,0,0,0,0
20,0,0,0,0,0,0,0,0,0,0,0,0,#N/A,000,#N/A,#VALUE!,#VALUE!,#VALUE!,#VALUE!,#VALUE!,#VALUE!,#VALUE!,#VALUE!,#VALUE!,#VALUE!,#VALUE!,#VALUE!,#VALUE!,#VALUE!,#VALUE!,#VALUE!,#VALUE!,#VALUE!,#VALUE!,#VALUE!,#VALUE!,#VALUE!,#VALUE!,#VALUE!,#VALUE!,#VALUE!,#VALUE!,#VALUE!,#VALUE!,#VALUE!,#VALUE!,#VALUE!,#VALUE!,#VALUE!,#VALUE!,#VALUE!,#VALUE!,#VALUE!,#VALUE!,#VALUE!,#VALUE!,#VALUE!,#VALUE!,#VALUE!,#VALUE!,なし,#VALUE!,#VALUE!,#VALUE!,#VALUE!,#VALUE!,#VALUE!,#VALUE!,#VALUE!,#VALUE!,#VALUE!,#VALUE!,#VALUE!,#VALUE!,#VALUE!,#VALUE!,#VALUE!,#VALUE!,#VALUE!,なし,#VALUE!,#VALUE!,#VALUE!,0,0,0,0,0
20,0,0,0,0,0,0,0,0,0,0,0,0,#N/A,000,#N/A,#VALUE!,#VALUE!,#VALUE!,#VALUE!,#VALUE!,#VALUE!,#VALUE!,#VALUE!,#VALUE!,#VALUE!,#VALUE!,#VALUE!,#VALUE!,#VALUE!,#VALUE!,#VALUE!,#VALUE!,#VALUE!,#VALUE!,#VALUE!,#VALUE!,#VALUE!,#VALUE!,#VALUE!,#VALUE!,#VALUE!,#VALUE!,#VALUE!,#VALUE!,#VALUE!,#VALUE!,#VALUE!,#VALUE!,#VALUE!,#VALUE!,#VALUE!,#VALUE!,#VALUE!,#VALUE!,#VALUE!,#VALUE!,#VALUE!,#VALUE!,#VALUE!,#VALUE!,なし,#VALUE!,#VALUE!,#VALUE!,#VALUE!,#VALUE!,#VALUE!,#VALUE!,#VALUE!,#VALUE!,#VALUE!,#VALUE!,#VALUE!,#VALUE!,#VALUE!,#VALUE!,#VALUE!,#VALUE!,#VALUE!,なし,#VALUE!,#VALUE!,#VALUE!,0,0,0,0,0
20,0,0,0,0,0,0,0,0,0,0,0,0,#N/A,000,#N/A,#VALUE!,#VALUE!,#VALUE!,#VALUE!,#VALUE!,#VALUE!,#VALUE!,#VALUE!,#VALUE!,#VALUE!,#VALUE!,#VALUE!,#VALUE!,#VALUE!,#VALUE!,#VALUE!,#VALUE!,#VALUE!,#VALUE!,#VALUE!,#VALUE!,#VALUE!,#VALUE!,#VALUE!,#VALUE!,#VALUE!,#VALUE!,#VALUE!,#VALUE!,#VALUE!,#VALUE!,#VALUE!,#VALUE!,#VALUE!,#VALUE!,#VALUE!,#VALUE!,#VALUE!,#VALUE!,#VALUE!,#VALUE!,#VALUE!,#VALUE!,#VALUE!,#VALUE!,なし,#VALUE!,#VALUE!,#VALUE!,#VALUE!,#VALUE!,#VALUE!,#VALUE!,#VALUE!,#VALUE!,#VALUE!,#VALUE!,#VALUE!,#VALUE!,#VALUE!,#VALUE!,#VALUE!,#VALUE!,#VALUE!,なし,#VALUE!,#VALUE!,#VALUE!,0,0,0,0,0
20,0,0,0,0,0,0,0,0,0,0,0,0,#N/A,000,#N/A,#VALUE!,#VALUE!,#VALUE!,#VALUE!,#VALUE!,#VALUE!,#VALUE!,#VALUE!,#VALUE!,#VALUE!,#VALUE!,#VALUE!,#VALUE!,#VALUE!,#VALUE!,#VALUE!,#VALUE!,#VALUE!,#VALUE!,#VALUE!,#VALUE!,#VALUE!,#VALUE!,#VALUE!,#VALUE!,#VALUE!,#VALUE!,#VALUE!,#VALUE!,#VALUE!,#VALUE!,#VALUE!,#VALUE!,#VALUE!,#VALUE!,#VALUE!,#VALUE!,#VALUE!,#VALUE!,#VALUE!,#VALUE!,#VALUE!,#VALUE!,#VALUE!,#VALUE!,なし,#VALUE!,#VALUE!,#VALUE!,#VALUE!,#VALUE!,#VALUE!,#VALUE!,#VALUE!,#VALUE!,#VALUE!,#VALUE!,#VALUE!,#VALUE!,#VALUE!,#VALUE!,#VALUE!,#VALUE!,#VALUE!,なし,#VALUE!,#VALUE!,#VALUE!,0,0,0,0,0
20,0,0,0,0,0,0,0,0,0,0,0,0,#N/A,000,#N/A,#VALUE!,#VALUE!,#VALUE!,#VALUE!,#VALUE!,#VALUE!,#VALUE!,#VALUE!,#VALUE!,#VALUE!,#VALUE!,#VALUE!,#VALUE!,#VALUE!,#VALUE!,#VALUE!,#VALUE!,#VALUE!,#VALUE!,#VALUE!,#VALUE!,#VALUE!,#VALUE!,#VALUE!,#VALUE!,#VALUE!,#VALUE!,#VALUE!,#VALUE!,#VALUE!,#VALUE!,#VALUE!,#VALUE!,#VALUE!,#VALUE!,#VALUE!,#VALUE!,#VALUE!,#VALUE!,#VALUE!,#VALUE!,#VALUE!,#VALUE!,#VALUE!,#VALUE!,なし,#VALUE!,#VALUE!,#VALUE!,#VALUE!,#VALUE!,#VALUE!,#VALUE!,#VALUE!,#VALUE!,#VALUE!,#VALUE!,#VALUE!,#VALUE!,#VALUE!,#VALUE!,#VALUE!,#VALUE!,#VALUE!,なし,#VALUE!,#VALUE!,#VALUE!,0,0,0,0,0
20,0,0,0,0,0,0,0,0,0,0,0,0,#N/A,000,#N/A,#VALUE!,#VALUE!,#VALUE!,#VALUE!,#VALUE!,#VALUE!,#VALUE!,#VALUE!,#VALUE!,#VALUE!,#VALUE!,#VALUE!,#VALUE!,#VALUE!,#VALUE!,#VALUE!,#VALUE!,#VALUE!,#VALUE!,#VALUE!,#VALUE!,#VALUE!,#VALUE!,#VALUE!,#VALUE!,#VALUE!,#VALUE!,#VALUE!,#VALUE!,#VALUE!,#VALUE!,#VALUE!,#VALUE!,#VALUE!,#VALUE!,#VALUE!,#VALUE!,#VALUE!,#VALUE!,#VALUE!,#VALUE!,#VALUE!,#VALUE!,#VALUE!,#VALUE!,なし,#VALUE!,#VALUE!,#VALUE!,#VALUE!,#VALUE!,#VALUE!,#VALUE!,#VALUE!,#VALUE!,#VALUE!,#VALUE!,#VALUE!,#VALUE!,#VALUE!,#VALUE!,#VALUE!,#VALUE!,#VALUE!,なし,#VALUE!,#VALUE!,#VALUE!,0,0,0,0,0
20,0,0,0,0,0,0,0,0,0,0,0,0,#N/A,000,#N/A,#VALUE!,#VALUE!,#VALUE!,#VALUE!,#VALUE!,#VALUE!,#VALUE!,#VALUE!,#VALUE!,#VALUE!,#VALUE!,#VALUE!,#VALUE!,#VALUE!,#VALUE!,#VALUE!,#VALUE!,#VALUE!,#VALUE!,#VALUE!,#VALUE!,#VALUE!,#VALUE!,#VALUE!,#VALUE!,#VALUE!,#VALUE!,#VALUE!,#VALUE!,#VALUE!,#VALUE!,#VALUE!,#VALUE!,#VALUE!,#VALUE!,#VALUE!,#VALUE!,#VALUE!,#VALUE!,#VALUE!,#VALUE!,#VALUE!,#VALUE!,#VALUE!,#VALUE!,なし,#VALUE!,#VALUE!,#VALUE!,#VALUE!,#VALUE!,#VALUE!,#VALUE!,#VALUE!,#VALUE!,#VALUE!,#VALUE!,#VALUE!,#VALUE!,#VALUE!,#VALUE!,#VALUE!,#VALUE!,#VALUE!,なし,#VALUE!,#VALUE!,#VALUE!,0,0,0,0,0
20,0,0,0,0,0,0,0,0,0,0,0,0,#N/A,000,#N/A,#VALUE!,#VALUE!,#VALUE!,#VALUE!,#VALUE!,#VALUE!,#VALUE!,#VALUE!,#VALUE!,#VALUE!,#VALUE!,#VALUE!,#VALUE!,#VALUE!,#VALUE!,#VALUE!,#VALUE!,#VALUE!,#VALUE!,#VALUE!,#VALUE!,#VALUE!,#VALUE!,#VALUE!,#VALUE!,#VALUE!,#VALUE!,#VALUE!,#VALUE!,#VALUE!,#VALUE!,#VALUE!,#VALUE!,#VALUE!,#VALUE!,#VALUE!,#VALUE!,#VALUE!,#VALUE!,#VALUE!,#VALUE!,#VALUE!,#VALUE!,#VALUE!,#VALUE!,なし,#VALUE!,#VALUE!,#VALUE!,#VALUE!,#VALUE!,#VALUE!,#VALUE!,#VALUE!,#VALUE!,#VALUE!,#VALUE!,#VALUE!,#VALUE!,#VALUE!,#VALUE!,#VALUE!,#VALUE!,#VALUE!,なし,#VALUE!,#VALUE!,#VALUE!,0,0,0,0,0
20,0,0,0,0,0,0,0,0,0,0,0,0,#N/A,000,#N/A,#VALUE!,#VALUE!,#VALUE!,#VALUE!,#VALUE!,#VALUE!,#VALUE!,#VALUE!,#VALUE!,#VALUE!,#VALUE!,#VALUE!,#VALUE!,#VALUE!,#VALUE!,#VALUE!,#VALUE!,#VALUE!,#VALUE!,#VALUE!,#VALUE!,#VALUE!,#VALUE!,#VALUE!,#VALUE!,#VALUE!,#VALUE!,#VALUE!,#VALUE!,#VALUE!,#VALUE!,#VALUE!,#VALUE!,#VALUE!,#VALUE!,#VALUE!,#VALUE!,#VALUE!,#VALUE!,#VALUE!,#VALUE!,#VALUE!,#VALUE!,#VALUE!,#VALUE!,なし,#VALUE!,#VALUE!,#VALUE!,#VALUE!,#VALUE!,#VALUE!,#VALUE!,#VALUE!,#VALUE!,#VALUE!,#VALUE!,#VALUE!,#VALUE!,#VALUE!,#VALUE!,#VALUE!,#VALUE!,#VALUE!,なし,#VALUE!,#VALUE!,#VALUE!,0,0,0,0,0
20,0,0,0,0,0,0,0,0,0,0,0,0,#N/A,000,#N/A,#VALUE!,#VALUE!,#VALUE!,#VALUE!,#VALUE!,#VALUE!,#VALUE!,#VALUE!,#VALUE!,#VALUE!,#VALUE!,#VALUE!,#VALUE!,#VALUE!,#VALUE!,#VALUE!,#VALUE!,#VALUE!,#VALUE!,#VALUE!,#VALUE!,#VALUE!,#VALUE!,#VALUE!,#VALUE!,#VALUE!,#VALUE!,#VALUE!,#VALUE!,#VALUE!,#VALUE!,#VALUE!,#VALUE!,#VALUE!,#VALUE!,#VALUE!,#VALUE!,#VALUE!,#VALUE!,#VALUE!,#VALUE!,#VALUE!,#VALUE!,#VALUE!,#VALUE!,なし,#VALUE!,#VALUE!,#VALUE!,#VALUE!,#VALUE!,#VALUE!,#VALUE!,#VALUE!,#VALUE!,#VALUE!,#VALUE!,#VALUE!,#VALUE!,#VALUE!,#VALUE!,#VALUE!,#VALUE!,#VALUE!,なし,#VALUE!,#VALUE!,#VALUE!,0,0,0,0,0
20,0,0,0,0,0,0,0,0,0,0,0,0,#N/A,000,#N/A,#VALUE!,#VALUE!,#VALUE!,#VALUE!,#VALUE!,#VALUE!,#VALUE!,#VALUE!,#VALUE!,#VALUE!,#VALUE!,#VALUE!,#VALUE!,#VALUE!,#VALUE!,#VALUE!,#VALUE!,#VALUE!,#VALUE!,#VALUE!,#VALUE!,#VALUE!,#VALUE!,#VALUE!,#VALUE!,#VALUE!,#VALUE!,#VALUE!,#VALUE!,#VALUE!,#VALUE!,#VALUE!,#VALUE!,#VALUE!,#VALUE!,#VALUE!,#VALUE!,#VALUE!,#VALUE!,#VALUE!,#VALUE!,#VALUE!,#VALUE!,#VALUE!,#VALUE!,なし,#VALUE!,#VALUE!,#VALUE!,#VALUE!,#VALUE!,#VALUE!,#VALUE!,#VALUE!,#VALUE!,#VALUE!,#VALUE!,#VALUE!,#VALUE!,#VALUE!,#VALUE!,#VALUE!,#VALUE!,#VALUE!,なし,#VALUE!,#VALUE!,#VALUE!,0,0,0,0,0
20,0,0,0,0,0,0,0,0,0,0,0,0,#N/A,000,#N/A,#VALUE!,#VALUE!,#VALUE!,#VALUE!,#VALUE!,#VALUE!,#VALUE!,#VALUE!,#VALUE!,#VALUE!,#VALUE!,#VALUE!,#VALUE!,#VALUE!,#VALUE!,#VALUE!,#VALUE!,#VALUE!,#VALUE!,#VALUE!,#VALUE!,#VALUE!,#VALUE!,#VALUE!,#VALUE!,#VALUE!,#VALUE!,#VALUE!,#VALUE!,#VALUE!,#VALUE!,#VALUE!,#VALUE!,#VALUE!,#VALUE!,#VALUE!,#VALUE!,#VALUE!,#VALUE!,#VALUE!,#VALUE!,#VALUE!,#VALUE!,#VALUE!,#VALUE!,なし,#VALUE!,#VALUE!,#VALUE!,#VALUE!,#VALUE!,#VALUE!,#VALUE!,#VALUE!,#VALUE!,#VALUE!,#VALUE!,#VALUE!,#VALUE!,#VALUE!,#VALUE!,#VALUE!,#VALUE!,#VALUE!,なし,#VALUE!,#VALUE!,#VALUE!,0,0,0,0,0
20,0,0,0,0,0,0,0,0,0,0,0,0,#N/A,000,#N/A,#VALUE!,#VALUE!,#VALUE!,#VALUE!,#VALUE!,#VALUE!,#VALUE!,#VALUE!,#VALUE!,#VALUE!,#VALUE!,#VALUE!,#VALUE!,#VALUE!,#VALUE!,#VALUE!,#VALUE!,#VALUE!,#VALUE!,#VALUE!,#VALUE!,#VALUE!,#VALUE!,#VALUE!,#VALUE!,#VALUE!,#VALUE!,#VALUE!,#VALUE!,#VALUE!,#VALUE!,#VALUE!,#VALUE!,#VALUE!,#VALUE!,#VALUE!,#VALUE!,#VALUE!,#VALUE!,#VALUE!,#VALUE!,#VALUE!,#VALUE!,#VALUE!,#VALUE!,なし,#VALUE!,#VALUE!,#VALUE!,#VALUE!,#VALUE!,#VALUE!,#VALUE!,#VALUE!,#VALUE!,#VALUE!,#VALUE!,#VALUE!,#VALUE!,#VALUE!,#VALUE!,#VALUE!,#VALUE!,#VALUE!,なし,#VALUE!,#VALUE!,#VALUE!,0,0,0,0,0
20,0,0,0,0,0,0,0,0,0,0,0,0,#N/A,000,#N/A,#VALUE!,#VALUE!,#VALUE!,#VALUE!,#VALUE!,#VALUE!,#VALUE!,#VALUE!,#VALUE!,#VALUE!,#VALUE!,#VALUE!,#VALUE!,#VALUE!,#VALUE!,#VALUE!,#VALUE!,#VALUE!,#VALUE!,#VALUE!,#VALUE!,#VALUE!,#VALUE!,#VALUE!,#VALUE!,#VALUE!,#VALUE!,#VALUE!,#VALUE!,#VALUE!,#VALUE!,#VALUE!,#VALUE!,#VALUE!,#VALUE!,#VALUE!,#VALUE!,#VALUE!,#VALUE!,#VALUE!,#VALUE!,#VALUE!,#VALUE!,#VALUE!,#VALUE!,なし,#VALUE!,#VALUE!,#VALUE!,#VALUE!,#VALUE!,#VALUE!,#VALUE!,#VALUE!,#VALUE!,#VALUE!,#VALUE!,#VALUE!,#VALUE!,#VALUE!,#VALUE!,#VALUE!,#VALUE!,#VALUE!,なし,#VALUE!,#VALUE!,#VALUE!,0,0,0,0,0
20,0,0,0,0,0,0,0,0,0,0,0,0,#N/A,000,#N/A,#VALUE!,#VALUE!,#VALUE!,#VALUE!,#VALUE!,#VALUE!,#VALUE!,#VALUE!,#VALUE!,#VALUE!,#VALUE!,#VALUE!,#VALUE!,#VALUE!,#VALUE!,#VALUE!,#VALUE!,#VALUE!,#VALUE!,#VALUE!,#VALUE!,#VALUE!,#VALUE!,#VALUE!,#VALUE!,#VALUE!,#VALUE!,#VALUE!,#VALUE!,#VALUE!,#VALUE!,#VALUE!,#VALUE!,#VALUE!,#VALUE!,#VALUE!,#VALUE!,#VALUE!,#VALUE!,#VALUE!,#VALUE!,#VALUE!,#VALUE!,#VALUE!,#VALUE!,なし,#VALUE!,#VALUE!,#VALUE!,#VALUE!,#VALUE!,#VALUE!,#VALUE!,#VALUE!,#VALUE!,#VALUE!,#VALUE!,#VALUE!,#VALUE!,#VALUE!,#VALUE!,#VALUE!,#VALUE!,#VALUE!,なし,#VALUE!,#VALUE!,#VALUE!,0,0,0,0,0
20,0,0,0,0,0,0,0,0,0,0,0,0,#N/A,000,#N/A,#VALUE!,#VALUE!,#VALUE!,#VALUE!,#VALUE!,#VALUE!,#VALUE!,#VALUE!,#VALUE!,#VALUE!,#VALUE!,#VALUE!,#VALUE!,#VALUE!,#VALUE!,#VALUE!,#VALUE!,#VALUE!,#VALUE!,#VALUE!,#VALUE!,#VALUE!,#VALUE!,#VALUE!,#VALUE!,#VALUE!,#VALUE!,#VALUE!,#VALUE!,#VALUE!,#VALUE!,#VALUE!,#VALUE!,#VALUE!,#VALUE!,#VALUE!,#VALUE!,#VALUE!,#VALUE!,#VALUE!,#VALUE!,#VALUE!,#VALUE!,#VALUE!,#VALUE!,なし,#VALUE!,#VALUE!,#VALUE!,#VALUE!,#VALUE!,#VALUE!,#VALUE!,#VALUE!,#VALUE!,#VALUE!,#VALUE!,#VALUE!,#VALUE!,#VALUE!,#VALUE!,#VALUE!,#VALUE!,#VALUE!,なし,#VALUE!,#VALUE!,#VALUE!,0,0,0,0,0
20,0,0,0,0,0,0,0,0,0,0,0,0,#N/A,000,#N/A,#VALUE!,#VALUE!,#VALUE!,#VALUE!,#VALUE!,#VALUE!,#VALUE!,#VALUE!,#VALUE!,#VALUE!,#VALUE!,#VALUE!,#VALUE!,#VALUE!,#VALUE!,#VALUE!,#VALUE!,#VALUE!,#VALUE!,#VALUE!,#VALUE!,#VALUE!,#VALUE!,#VALUE!,#VALUE!,#VALUE!,#VALUE!,#VALUE!,#VALUE!,#VALUE!,#VALUE!,#VALUE!,#VALUE!,#VALUE!,#VALUE!,#VALUE!,#VALUE!,#VALUE!,#VALUE!,#VALUE!,#VALUE!,#VALUE!,#VALUE!,#VALUE!,#VALUE!,なし,#VALUE!,#VALUE!,#VALUE!,#VALUE!,#VALUE!,#VALUE!,#VALUE!,#VALUE!,#VALUE!,#VALUE!,#VALUE!,#VALUE!,#VALUE!,#VALUE!,#VALUE!,#VALUE!,#VALUE!,#VALUE!,なし,#VALUE!,#VALUE!,#VALUE!,0,0,0,0,0
20,0,0,0,0,0,0,0,0,0,0,0,0,#N/A,000,#N/A,#VALUE!,#VALUE!,#VALUE!,#VALUE!,#VALUE!,#VALUE!,#VALUE!,#VALUE!,#VALUE!,#VALUE!,#VALUE!,#VALUE!,#VALUE!,#VALUE!,#VALUE!,#VALUE!,#VALUE!,#VALUE!,#VALUE!,#VALUE!,#VALUE!,#VALUE!,#VALUE!,#VALUE!,#VALUE!,#VALUE!,#VALUE!,#VALUE!,#VALUE!,#VALUE!,#VALUE!,#VALUE!,#VALUE!,#VALUE!,#VALUE!,#VALUE!,#VALUE!,#VALUE!,#VALUE!,#VALUE!,#VALUE!,#VALUE!,#VALUE!,#VALUE!,#VALUE!,なし,#VALUE!,#VALUE!,#VALUE!,#VALUE!,#VALUE!,#VALUE!,#VALUE!,#VALUE!,#VALUE!,#VALUE!,#VALUE!,#VALUE!,#VALUE!,#VALUE!,#VALUE!,#VALUE!,#VALUE!,#VALUE!,なし,#VALUE!,#VALUE!,#VALUE!,0,0,0,0,0
20,0,0,0,0,0,0,0,0,0,0,0,0,#N/A,000,#N/A,#VALUE!,#VALUE!,#VALUE!,#VALUE!,#VALUE!,#VALUE!,#VALUE!,#VALUE!,#VALUE!,#VALUE!,#VALUE!,#VALUE!,#VALUE!,#VALUE!,#VALUE!,#VALUE!,#VALUE!,#VALUE!,#VALUE!,#VALUE!,#VALUE!,#VALUE!,#VALUE!,#VALUE!,#VALUE!,#VALUE!,#VALUE!,#VALUE!,#VALUE!,#VALUE!,#VALUE!,#VALUE!,#VALUE!,#VALUE!,#VALUE!,#VALUE!,#VALUE!,#VALUE!,#VALUE!,#VALUE!,#VALUE!,#VALUE!,#VALUE!,#VALUE!,#VALUE!,なし,#VALUE!,#VALUE!,#VALUE!,#VALUE!,#VALUE!,#VALUE!,#VALUE!,#VALUE!,#VALUE!,#VALUE!,#VALUE!,#VALUE!,#VALUE!,#VALUE!,#VALUE!,#VALUE!,#VALUE!,#VALUE!,なし,#VALUE!,#VALUE!,#VALUE!,0,0,0,0,0
20,0,0,0,0,0,0,0,0,0,0,0,0,#N/A,000,#N/A,#VALUE!,#VALUE!,#VALUE!,#VALUE!,#VALUE!,#VALUE!,#VALUE!,#VALUE!,#VALUE!,#VALUE!,#VALUE!,#VALUE!,#VALUE!,#VALUE!,#VALUE!,#VALUE!,#VALUE!,#VALUE!,#VALUE!,#VALUE!,#VALUE!,#VALUE!,#VALUE!,#VALUE!,#VALUE!,#VALUE!,#VALUE!,#VALUE!,#VALUE!,#VALUE!,#VALUE!,#VALUE!,#VALUE!,#VALUE!,#VALUE!,#VALUE!,#VALUE!,#VALUE!,#VALUE!,#VALUE!,#VALUE!,#VALUE!,#VALUE!,#VALUE!,#VALUE!,なし,#VALUE!,#VALUE!,#VALUE!,#VALUE!,#VALUE!,#VALUE!,#VALUE!,#VALUE!,#VALUE!,#VALUE!,#VALUE!,#VALUE!,#VALUE!,#VALUE!,#VALUE!,#VALUE!,#VALUE!,#VALUE!,なし,#VALUE!,#VALUE!,#VALUE!,0,0,0,0,0
20,0,0,0,0,0,0,0,0,0,0,0,0,#N/A,000,#N/A,#VALUE!,#VALUE!,#VALUE!,#VALUE!,#VALUE!,#VALUE!,#VALUE!,#VALUE!,#VALUE!,#VALUE!,#VALUE!,#VALUE!,#VALUE!,#VALUE!,#VALUE!,#VALUE!,#VALUE!,#VALUE!,#VALUE!,#VALUE!,#VALUE!,#VALUE!,#VALUE!,#VALUE!,#VALUE!,#VALUE!,#VALUE!,#VALUE!,#VALUE!,#VALUE!,#VALUE!,#VALUE!,#VALUE!,#VALUE!,#VALUE!,#VALUE!,#VALUE!,#VALUE!,#VALUE!,#VALUE!,#VALUE!,#VALUE!,#VALUE!,#VALUE!,#VALUE!,なし,#VALUE!,#VALUE!,#VALUE!,#VALUE!,#VALUE!,#VALUE!,#VALUE!,#VALUE!,#VALUE!,#VALUE!,#VALUE!,#VALUE!,#VALUE!,#VALUE!,#VALUE!,#VALUE!,#VALUE!,#VALUE!,なし,#VALUE!,#VALUE!,#VALUE!,0,0,0,0,0
20,0,0,0,0,0,0,0,0,0,0,0,0,#N/A,000,#N/A,#VALUE!,#VALUE!,#VALUE!,#VALUE!,#VALUE!,#VALUE!,#VALUE!,#VALUE!,#VALUE!,#VALUE!,#VALUE!,#VALUE!,#VALUE!,#VALUE!,#VALUE!,#VALUE!,#VALUE!,#VALUE!,#VALUE!,#VALUE!,#VALUE!,#VALUE!,#VALUE!,#VALUE!,#VALUE!,#VALUE!,#VALUE!,#VALUE!,#VALUE!,#VALUE!,#VALUE!,#VALUE!,#VALUE!,#VALUE!,#VALUE!,#VALUE!,#VALUE!,#VALUE!,#VALUE!,#VALUE!,#VALUE!,#VALUE!,#VALUE!,#VALUE!,#VALUE!,なし,#VALUE!,#VALUE!,#VALUE!,#VALUE!,#VALUE!,#VALUE!,#VALUE!,#VALUE!,#VALUE!,#VALUE!,#VALUE!,#VALUE!,#VALUE!,#VALUE!,#VALUE!,#VALUE!,#VALUE!,#VALUE!,なし,#VALUE!,#VALUE!,#VALUE!,0,0,0,0,0
20,0,0,0,0,0,0,0,0,0,0,0,0,#N/A,000,#N/A,#VALUE!,#VALUE!,#VALUE!,#VALUE!,#VALUE!,#VALUE!,#VALUE!,#VALUE!,#VALUE!,#VALUE!,#VALUE!,#VALUE!,#VALUE!,#VALUE!,#VALUE!,#VALUE!,#VALUE!,#VALUE!,#VALUE!,#VALUE!,#VALUE!,#VALUE!,#VALUE!,#VALUE!,#VALUE!,#VALUE!,#VALUE!,#VALUE!,#VALUE!,#VALUE!,#VALUE!,#VALUE!,#VALUE!,#VALUE!,#VALUE!,#VALUE!,#VALUE!,#VALUE!,#VALUE!,#VALUE!,#VALUE!,#VALUE!,#VALUE!,#VALUE!,#VALUE!,なし,#VALUE!,#VALUE!,#VALUE!,#VALUE!,#VALUE!,#VALUE!,#VALUE!,#VALUE!,#VALUE!,#VALUE!,#VALUE!,#VALUE!,#VALUE!,#VALUE!,#VALUE!,#VALUE!,#VALUE!,#VALUE!,なし,#VALUE!,#VALUE!,#VALUE!,0,0,0,0,0
20,0,0,0,0,0,0,0,0,0,0,0,0,#N/A,000,#N/A,#VALUE!,#VALUE!,#VALUE!,#VALUE!,#VALUE!,#VALUE!,#VALUE!,#VALUE!,#VALUE!,#VALUE!,#VALUE!,#VALUE!,#VALUE!,#VALUE!,#VALUE!,#VALUE!,#VALUE!,#VALUE!,#VALUE!,#VALUE!,#VALUE!,#VALUE!,#VALUE!,#VALUE!,#VALUE!,#VALUE!,#VALUE!,#VALUE!,#VALUE!,#VALUE!,#VALUE!,#VALUE!,#VALUE!,#VALUE!,#VALUE!,#VALUE!,#VALUE!,#VALUE!,#VALUE!,#VALUE!,#VALUE!,#VALUE!,#VALUE!,#VALUE!,#VALUE!,なし,#VALUE!,#VALUE!,#VALUE!,#VALUE!,#VALUE!,#VALUE!,#VALUE!,#VALUE!,#VALUE!,#VALUE!,#VALUE!,#VALUE!,#VALUE!,#VALUE!,#VALUE!,#VALUE!,#VALUE!,#VALUE!,なし,#VALUE!,#VALUE!,#VALUE!,0,0,0,0,0
20,0,0,0,0,0,0,0,0,0,0,0,0,#N/A,000,#N/A,#VALUE!,#VALUE!,#VALUE!,#VALUE!,#VALUE!,#VALUE!,#VALUE!,#VALUE!,#VALUE!,#VALUE!,#VALUE!,#VALUE!,#VALUE!,#VALUE!,#VALUE!,#VALUE!,#VALUE!,#VALUE!,#VALUE!,#VALUE!,#VALUE!,#VALUE!,#VALUE!,#VALUE!,#VALUE!,#VALUE!,#VALUE!,#VALUE!,#VALUE!,#VALUE!,#VALUE!,#VALUE!,#VALUE!,#VALUE!,#VALUE!,#VALUE!,#VALUE!,#VALUE!,#VALUE!,#VALUE!,#VALUE!,#VALUE!,#VALUE!,#VALUE!,#VALUE!,なし,#VALUE!,#VALUE!,#VALUE!,#VALUE!,#VALUE!,#VALUE!,#VALUE!,#VALUE!,#VALUE!,#VALUE!,#VALUE!,#VALUE!,#VALUE!,#VALUE!,#VALUE!,#VALUE!,#VALUE!,#VALUE!,なし,#VALUE!,#VALUE!,#VALUE!,0,0,0,0,0
20,0,0,0,0,0,0,0,0,0,0,0,0,#N/A,000,#N/A,#VALUE!,#VALUE!,#VALUE!,#VALUE!,#VALUE!,#VALUE!,#VALUE!,#VALUE!,#VALUE!,#VALUE!,#VALUE!,#VALUE!,#VALUE!,#VALUE!,#VALUE!,#VALUE!,#VALUE!,#VALUE!,#VALUE!,#VALUE!,#VALUE!,#VALUE!,#VALUE!,#VALUE!,#VALUE!,#VALUE!,#VALUE!,#VALUE!,#VALUE!,#VALUE!,#VALUE!,#VALUE!,#VALUE!,#VALUE!,#VALUE!,#VALUE!,#VALUE!,#VALUE!,#VALUE!,#VALUE!,#VALUE!,#VALUE!,#VALUE!,#VALUE!,#VALUE!,なし,#VALUE!,#VALUE!,#VALUE!,#VALUE!,#VALUE!,#VALUE!,#VALUE!,#VALUE!,#VALUE!,#VALUE!,#VALUE!,#VALUE!,#VALUE!,#VALUE!,#VALUE!,#VALUE!,#VALUE!,#VALUE!,なし,#VALUE!,#VALUE!,#VALUE!,0,0,0,0,0
20,0,0,0,0,0,0,0,0,0,0,0,0,#N/A,000,#N/A,#VALUE!,#VALUE!,#VALUE!,#VALUE!,#VALUE!,#VALUE!,#VALUE!,#VALUE!,#VALUE!,#VALUE!,#VALUE!,#VALUE!,#VALUE!,#VALUE!,#VALUE!,#VALUE!,#VALUE!,#VALUE!,#VALUE!,#VALUE!,#VALUE!,#VALUE!,#VALUE!,#VALUE!,#VALUE!,#VALUE!,#VALUE!,#VALUE!,#VALUE!,#VALUE!,#VALUE!,#VALUE!,#VALUE!,#VALUE!,#VALUE!,#VALUE!,#VALUE!,#VALUE!,#VALUE!,#VALUE!,#VALUE!,#VALUE!,#VALUE!,#VALUE!,#VALUE!,なし,#VALUE!,#VALUE!,#VALUE!,#VALUE!,#VALUE!,#VALUE!,#VALUE!,#VALUE!,#VALUE!,#VALUE!,#VALUE!,#VALUE!,#VALUE!,#VALUE!,#VALUE!,#VALUE!,#VALUE!,#VALUE!,なし,#VALUE!,#VALUE!,#VALUE!,0,0,0,0,0
20,0,0,0,0,0,0,0,0,0,0,0,0,#N/A,000,#N/A,#VALUE!,#VALUE!,#VALUE!,#VALUE!,#VALUE!,#VALUE!,#VALUE!,#VALUE!,#VALUE!,#VALUE!,#VALUE!,#VALUE!,#VALUE!,#VALUE!,#VALUE!,#VALUE!,#VALUE!,#VALUE!,#VALUE!,#VALUE!,#VALUE!,#VALUE!,#VALUE!,#VALUE!,#VALUE!,#VALUE!,#VALUE!,#VALUE!,#VALUE!,#VALUE!,#VALUE!,#VALUE!,#VALUE!,#VALUE!,#VALUE!,#VALUE!,#VALUE!,#VALUE!,#VALUE!,#VALUE!,#VALUE!,#VALUE!,#VALUE!,#VALUE!,#VALUE!,なし,#VALUE!,#VALUE!,#VALUE!,#VALUE!,#VALUE!,#VALUE!,#VALUE!,#VALUE!,#VALUE!,#VALUE!,#VALUE!,#VALUE!,#VALUE!,#VALUE!,#VALUE!,#VALUE!,#VALUE!,#VALUE!,なし,#VALUE!,#VALUE!,#VALUE!,0,0,0,0,0
20,0,0,0,0,0,0,0,0,0,0,0,0,#N/A,000,#N/A,#VALUE!,#VALUE!,#VALUE!,#VALUE!,#VALUE!,#VALUE!,#VALUE!,#VALUE!,#VALUE!,#VALUE!,#VALUE!,#VALUE!,#VALUE!,#VALUE!,#VALUE!,#VALUE!,#VALUE!,#VALUE!,#VALUE!,#VALUE!,#VALUE!,#VALUE!,#VALUE!,#VALUE!,#VALUE!,#VALUE!,#VALUE!,#VALUE!,#VALUE!,#VALUE!,#VALUE!,#VALUE!,#VALUE!,#VALUE!,#VALUE!,#VALUE!,#VALUE!,#VALUE!,#VALUE!,#VALUE!,#VALUE!,#VALUE!,#VALUE!,#VALUE!,#VALUE!,なし,#VALUE!,#VALUE!,#VALUE!,#VALUE!,#VALUE!,#VALUE!,#VALUE!,#VALUE!,#VALUE!,#VALUE!,#VALUE!,#VALUE!,#VALUE!,#VALUE!,#VALUE!,#VALUE!,#VALUE!,#VALUE!,なし,#VALUE!,#VALUE!,#VALUE!,0,0,0,0,0
20,0,0,0,0,0,0,0,0,0,0,0,0,#N/A,000,#N/A,#VALUE!,#VALUE!,#VALUE!,#VALUE!,#VALUE!,#VALUE!,#VALUE!,#VALUE!,#VALUE!,#VALUE!,#VALUE!,#VALUE!,#VALUE!,#VALUE!,#VALUE!,#VALUE!,#VALUE!,#VALUE!,#VALUE!,#VALUE!,#VALUE!,#VALUE!,#VALUE!,#VALUE!,#VALUE!,#VALUE!,#VALUE!,#VALUE!,#VALUE!,#VALUE!,#VALUE!,#VALUE!,#VALUE!,#VALUE!,#VALUE!,#VALUE!,#VALUE!,#VALUE!,#VALUE!,#VALUE!,#VALUE!,#VALUE!,#VALUE!,#VALUE!,#VALUE!,なし,#VALUE!,#VALUE!,#VALUE!,#VALUE!,#VALUE!,#VALUE!,#VALUE!,#VALUE!,#VALUE!,#VALUE!,#VALUE!,#VALUE!,#VALUE!,#VALUE!,#VALUE!,#VALUE!,#VALUE!,#VALUE!,なし,#VALUE!,#VALUE!,#VALUE!,0,0,0,0,0
20,0,0,0,0,0,0,0,0,0,0,0,0,#N/A,000,#N/A,#VALUE!,#VALUE!,#VALUE!,#VALUE!,#VALUE!,#VALUE!,#VALUE!,#VALUE!,#VALUE!,#VALUE!,#VALUE!,#VALUE!,#VALUE!,#VALUE!,#VALUE!,#VALUE!,#VALUE!,#VALUE!,#VALUE!,#VALUE!,#VALUE!,#VALUE!,#VALUE!,#VALUE!,#VALUE!,#VALUE!,#VALUE!,#VALUE!,#VALUE!,#VALUE!,#VALUE!,#VALUE!,#VALUE!,#VALUE!,#VALUE!,#VALUE!,#VALUE!,#VALUE!,#VALUE!,#VALUE!,#VALUE!,#VALUE!,#VALUE!,#VALUE!,#VALUE!,なし,#VALUE!,#VALUE!,#VALUE!,#VALUE!,#VALUE!,#VALUE!,#VALUE!,#VALUE!,#VALUE!,#VALUE!,#VALUE!,#VALUE!,#VALUE!,#VALUE!,#VALUE!,#VALUE!,#VALUE!,#VALUE!,なし,#VALUE!,#VALUE!,#VALUE!,0,0,0,0,0
20,0,0,0,0,0,0,0,0,0,0,0,0,#N/A,000,#N/A,#VALUE!,#VALUE!,#VALUE!,#VALUE!,#VALUE!,#VALUE!,#VALUE!,#VALUE!,#VALUE!,#VALUE!,#VALUE!,#VALUE!,#VALUE!,#VALUE!,#VALUE!,#VALUE!,#VALUE!,#VALUE!,#VALUE!,#VALUE!,#VALUE!,#VALUE!,#VALUE!,#VALUE!,#VALUE!,#VALUE!,#VALUE!,#VALUE!,#VALUE!,#VALUE!,#VALUE!,#VALUE!,#VALUE!,#VALUE!,#VALUE!,#VALUE!,#VALUE!,#VALUE!,#VALUE!,#VALUE!,#VALUE!,#VALUE!,#VALUE!,#VALUE!,#VALUE!,なし,#VALUE!,#VALUE!,#VALUE!,#VALUE!,#VALUE!,#VALUE!,#VALUE!,#VALUE!,#VALUE!,#VALUE!,#VALUE!,#VALUE!,#VALUE!,#VALUE!,#VALUE!,#VALUE!,#VALUE!,#VALUE!,なし,#VALUE!,#VALUE!,#VALUE!,0,0,0,0,0
20,0,0,0,0,0,0,0,0,0,0,0,0,#N/A,000,#N/A,#VALUE!,#VALUE!,#VALUE!,#VALUE!,#VALUE!,#VALUE!,#VALUE!,#VALUE!,#VALUE!,#VALUE!,#VALUE!,#VALUE!,#VALUE!,#VALUE!,#VALUE!,#VALUE!,#VALUE!,#VALUE!,#VALUE!,#VALUE!,#VALUE!,#VALUE!,#VALUE!,#VALUE!,#VALUE!,#VALUE!,#VALUE!,#VALUE!,#VALUE!,#VALUE!,#VALUE!,#VALUE!,#VALUE!,#VALUE!,#VALUE!,#VALUE!,#VALUE!,#VALUE!,#VALUE!,#VALUE!,#VALUE!,#VALUE!,#VALUE!,#VALUE!,#VALUE!,なし,#VALUE!,#VALUE!,#VALUE!,#VALUE!,#VALUE!,#VALUE!,#VALUE!,#VALUE!,#VALUE!,#VALUE!,#VALUE!,#VALUE!,#VALUE!,#VALUE!,#VALUE!,#VALUE!,#VALUE!,#VALUE!,なし,#VALUE!,#VALUE!,#VALUE!,0,0,0,0,0
20,0,0,0,0,0,0,0,0,0,0,0,0,#N/A,000,#N/A,#VALUE!,#VALUE!,#VALUE!,#VALUE!,#VALUE!,#VALUE!,#VALUE!,#VALUE!,#VALUE!,#VALUE!,#VALUE!,#VALUE!,#VALUE!,#VALUE!,#VALUE!,#VALUE!,#VALUE!,#VALUE!,#VALUE!,#VALUE!,#VALUE!,#VALUE!,#VALUE!,#VALUE!,#VALUE!,#VALUE!,#VALUE!,#VALUE!,#VALUE!,#VALUE!,#VALUE!,#VALUE!,#VALUE!,#VALUE!,#VALUE!,#VALUE!,#VALUE!,#VALUE!,#VALUE!,#VALUE!,#VALUE!,#VALUE!,#VALUE!,#VALUE!,#VALUE!,なし,#VALUE!,#VALUE!,#VALUE!,#VALUE!,#VALUE!,#VALUE!,#VALUE!,#VALUE!,#VALUE!,#VALUE!,#VALUE!,#VALUE!,#VALUE!,#VALUE!,#VALUE!,#VALUE!,#VALUE!,#VALUE!,なし,#VALUE!,#VALUE!,#VALUE!,0,0,0,0,0
20,0,0,0,0,0,0,0,0,0,0,0,0,#N/A,000,#N/A,#VALUE!,#VALUE!,#VALUE!,#VALUE!,#VALUE!,#VALUE!,#VALUE!,#VALUE!,#VALUE!,#VALUE!,#VALUE!,#VALUE!,#VALUE!,#VALUE!,#VALUE!,#VALUE!,#VALUE!,#VALUE!,#VALUE!,#VALUE!,#VALUE!,#VALUE!,#VALUE!,#VALUE!,#VALUE!,#VALUE!,#VALUE!,#VALUE!,#VALUE!,#VALUE!,#VALUE!,#VALUE!,#VALUE!,#VALUE!,#VALUE!,#VALUE!,#VALUE!,#VALUE!,#VALUE!,#VALUE!,#VALUE!,#VALUE!,#VALUE!,#VALUE!,#VALUE!,なし,#VALUE!,#VALUE!,#VALUE!,#VALUE!,#VALUE!,#VALUE!,#VALUE!,#VALUE!,#VALUE!,#VALUE!,#VALUE!,#VALUE!,#VALUE!,#VALUE!,#VALUE!,#VALUE!,#VALUE!,#VALUE!,なし,#VALUE!,#VALUE!,#VALUE!,0,0,0,0,0
20,0,0,0,0,0,0,0,0,0,0,0,0,#N/A,000,#N/A,#VALUE!,#VALUE!,#VALUE!,#VALUE!,#VALUE!,#VALUE!,#VALUE!,#VALUE!,#VALUE!,#VALUE!,#VALUE!,#VALUE!,#VALUE!,#VALUE!,#VALUE!,#VALUE!,#VALUE!,#VALUE!,#VALUE!,#VALUE!,#VALUE!,#VALUE!,#VALUE!,#VALUE!,#VALUE!,#VALUE!,#VALUE!,#VALUE!,#VALUE!,#VALUE!,#VALUE!,#VALUE!,#VALUE!,#VALUE!,#VALUE!,#VALUE!,#VALUE!,#VALUE!,#VALUE!,#VALUE!,#VALUE!,#VALUE!,#VALUE!,#VALUE!,#VALUE!,なし,#VALUE!,#VALUE!,#VALUE!,#VALUE!,#VALUE!,#VALUE!,#VALUE!,#VALUE!,#VALUE!,#VALUE!,#VALUE!,#VALUE!,#VALUE!,#VALUE!,#VALUE!,#VALUE!,#VALUE!,#VALUE!,なし,#VALUE!,#VALUE!,#VALUE!,0,0,0,0,0
20,0,0,0,0,0,0,0,0,0,0,0,0,#N/A,000,#N/A,#VALUE!,#VALUE!,#VALUE!,#VALUE!,#VALUE!,#VALUE!,#VALUE!,#VALUE!,#VALUE!,#VALUE!,#VALUE!,#VALUE!,#VALUE!,#VALUE!,#VALUE!,#VALUE!,#VALUE!,#VALUE!,#VALUE!,#VALUE!,#VALUE!,#VALUE!,#VALUE!,#VALUE!,#VALUE!,#VALUE!,#VALUE!,#VALUE!,#VALUE!,#VALUE!,#VALUE!,#VALUE!,#VALUE!,#VALUE!,#VALUE!,#VALUE!,#VALUE!,#VALUE!,#VALUE!,#VALUE!,#VALUE!,#VALUE!,#VALUE!,#VALUE!,#VALUE!,なし,#VALUE!,#VALUE!,#VALUE!,#VALUE!,#VALUE!,#VALUE!,#VALUE!,#VALUE!,#VALUE!,#VALUE!,#VALUE!,#VALUE!,#VALUE!,#VALUE!,#VALUE!,#VALUE!,#VALUE!,#VALUE!,なし,#VALUE!,#VALUE!,#VALUE!,0,0,0,0,0
20,0,0,0,0,0,0,0,0,0,0,0,0,#N/A,000,#N/A,#VALUE!,#VALUE!,#VALUE!,#VALUE!,#VALUE!,#VALUE!,#VALUE!,#VALUE!,#VALUE!,#VALUE!,#VALUE!,#VALUE!,#VALUE!,#VALUE!,#VALUE!,#VALUE!,#VALUE!,#VALUE!,#VALUE!,#VALUE!,#VALUE!,#VALUE!,#VALUE!,#VALUE!,#VALUE!,#VALUE!,#VALUE!,#VALUE!,#VALUE!,#VALUE!,#VALUE!,#VALUE!,#VALUE!,#VALUE!,#VALUE!,#VALUE!,#VALUE!,#VALUE!,#VALUE!,#VALUE!,#VALUE!,#VALUE!,#VALUE!,#VALUE!,#VALUE!,なし,#VALUE!,#VALUE!,#VALUE!,#VALUE!,#VALUE!,#VALUE!,#VALUE!,#VALUE!,#VALUE!,#VALUE!,#VALUE!,#VALUE!,#VALUE!,#VALUE!,#VALUE!,#VALUE!,#VALUE!,#VALUE!,なし,#VALUE!,#VALUE!,#VALUE!,0,0,0,0,0
20,0,0,0,0,0,0,0,0,0,0,0,0,#N/A,000,#N/A,#VALUE!,#VALUE!,#VALUE!,#VALUE!,#VALUE!,#VALUE!,#VALUE!,#VALUE!,#VALUE!,#VALUE!,#VALUE!,#VALUE!,#VALUE!,#VALUE!,#VALUE!,#VALUE!,#VALUE!,#VALUE!,#VALUE!,#VALUE!,#VALUE!,#VALUE!,#VALUE!,#VALUE!,#VALUE!,#VALUE!,#VALUE!,#VALUE!,#VALUE!,#VALUE!,#VALUE!,#VALUE!,#VALUE!,#VALUE!,#VALUE!,#VALUE!,#VALUE!,#VALUE!,#VALUE!,#VALUE!,#VALUE!,#VALUE!,#VALUE!,#VALUE!,#VALUE!,なし,#VALUE!,#VALUE!,#VALUE!,#VALUE!,#VALUE!,#VALUE!,#VALUE!,#VALUE!,#VALUE!,#VALUE!,#VALUE!,#VALUE!,#VALUE!,#VALUE!,#VALUE!,#VALUE!,#VALUE!,#VALUE!,なし,#VALUE!,#VALUE!,#VALUE!,0,0,0,0,0
20,0,0,0,0,0,0,0,0,0,0,0,0,#N/A,000,#N/A,#VALUE!,#VALUE!,#VALUE!,#VALUE!,#VALUE!,#VALUE!,#VALUE!,#VALUE!,#VALUE!,#VALUE!,#VALUE!,#VALUE!,#VALUE!,#VALUE!,#VALUE!,#VALUE!,#VALUE!,#VALUE!,#VALUE!,#VALUE!,#VALUE!,#VALUE!,#VALUE!,#VALUE!,#VALUE!,#VALUE!,#VALUE!,#VALUE!,#VALUE!,#VALUE!,#VALUE!,#VALUE!,#VALUE!,#VALUE!,#VALUE!,#VALUE!,#VALUE!,#VALUE!,#VALUE!,#VALUE!,#VALUE!,#VALUE!,#VALUE!,#VALUE!,#VALUE!,なし,#VALUE!,#VALUE!,#VALUE!,#VALUE!,#VALUE!,#VALUE!,#VALUE!,#VALUE!,#VALUE!,#VALUE!,#VALUE!,#VALUE!,#VALUE!,#VALUE!,#VALUE!,#VALUE!,#VALUE!,#VALUE!,なし,#VALUE!,#VALUE!,#VALUE!,0,0,0,0,0
20,0,0,0,0,0,0,0,0,0,0,0,0,#N/A,000,#N/A,#VALUE!,#VALUE!,#VALUE!,#VALUE!,#VALUE!,#VALUE!,#VALUE!,#VALUE!,#VALUE!,#VALUE!,#VALUE!,#VALUE!,#VALUE!,#VALUE!,#VALUE!,#VALUE!,#VALUE!,#VALUE!,#VALUE!,#VALUE!,#VALUE!,#VALUE!,#VALUE!,#VALUE!,#VALUE!,#VALUE!,#VALUE!,#VALUE!,#VALUE!,#VALUE!,#VALUE!,#VALUE!,#VALUE!,#VALUE!,#VALUE!,#VALUE!,#VALUE!,#VALUE!,#VALUE!,#VALUE!,#VALUE!,#VALUE!,#VALUE!,#VALUE!,#VALUE!,なし,#VALUE!,#VALUE!,#VALUE!,#VALUE!,#VALUE!,#VALUE!,#VALUE!,#VALUE!,#VALUE!,#VALUE!,#VALUE!,#VALUE!,#VALUE!,#VALUE!,#VALUE!,#VALUE!,#VALUE!,#VALUE!,なし,#VALUE!,#VALUE!,#VALUE!,0,0,0,0,0
20,0,0,0,0,0,0,0,0,0,0,0,0,#N/A,000,#N/A,#VALUE!,#VALUE!,#VALUE!,#VALUE!,#VALUE!,#VALUE!,#VALUE!,#VALUE!,#VALUE!,#VALUE!,#VALUE!,#VALUE!,#VALUE!,#VALUE!,#VALUE!,#VALUE!,#VALUE!,#VALUE!,#VALUE!,#VALUE!,#VALUE!,#VALUE!,#VALUE!,#VALUE!,#VALUE!,#VALUE!,#VALUE!,#VALUE!,#VALUE!,#VALUE!,#VALUE!,#VALUE!,#VALUE!,#VALUE!,#VALUE!,#VALUE!,#VALUE!,#VALUE!,#VALUE!,#VALUE!,#VALUE!,#VALUE!,#VALUE!,#VALUE!,#VALUE!,なし,#VALUE!,#VALUE!,#VALUE!,#VALUE!,#VALUE!,#VALUE!,#VALUE!,#VALUE!,#VALUE!,#VALUE!,#VALUE!,#VALUE!,#VALUE!,#VALUE!,#VALUE!,#VALUE!,#VALUE!,#VALUE!,なし,#VALUE!,#VALUE!,#VALUE!,0,0,0,0,0
20,0,0,0,0,0,0,0,0,0,0,0,0,#N/A,000,#N/A,#VALUE!,#VALUE!,#VALUE!,#VALUE!,#VALUE!,#VALUE!,#VALUE!,#VALUE!,#VALUE!,#VALUE!,#VALUE!,#VALUE!,#VALUE!,#VALUE!,#VALUE!,#VALUE!,#VALUE!,#VALUE!,#VALUE!,#VALUE!,#VALUE!,#VALUE!,#VALUE!,#VALUE!,#VALUE!,#VALUE!,#VALUE!,#VALUE!,#VALUE!,#VALUE!,#VALUE!,#VALUE!,#VALUE!,#VALUE!,#VALUE!,#VALUE!,#VALUE!,#VALUE!,#VALUE!,#VALUE!,#VALUE!,#VALUE!,#VALUE!,#VALUE!,#VALUE!,なし,#VALUE!,#VALUE!,#VALUE!,#VALUE!,#VALUE!,#VALUE!,#VALUE!,#VALUE!,#VALUE!,#VALUE!,#VALUE!,#VALUE!,#VALUE!,#VALUE!,#VALUE!,#VALUE!,#VALUE!,#VALUE!,なし,#VALUE!,#VALUE!,#VALUE!,0,0,0,0,0
20,0,0,0,0,0,0,0,0,0,0,0,0,#N/A,000,#N/A,#VALUE!,#VALUE!,#VALUE!,#VALUE!,#VALUE!,#VALUE!,#VALUE!,#VALUE!,#VALUE!,#VALUE!,#VALUE!,#VALUE!,#VALUE!,#VALUE!,#VALUE!,#VALUE!,#VALUE!,#VALUE!,#VALUE!,#VALUE!,#VALUE!,#VALUE!,#VALUE!,#VALUE!,#VALUE!,#VALUE!,#VALUE!,#VALUE!,#VALUE!,#VALUE!,#VALUE!,#VALUE!,#VALUE!,#VALUE!,#VALUE!,#VALUE!,#VALUE!,#VALUE!,#VALUE!,#VALUE!,#VALUE!,#VALUE!,#VALUE!,#VALUE!,#VALUE!,なし,#VALUE!,#VALUE!,#VALUE!,#VALUE!,#VALUE!,#VALUE!,#VALUE!,#VALUE!,#VALUE!,#VALUE!,#VALUE!,#VALUE!,#VALUE!,#VALUE!,#VALUE!,#VALUE!,#VALUE!,#VALUE!,なし,#VALUE!,#VALUE!,#VALUE!,0,0,0,0,0
20,0,0,0,0,0,0,0,0,0,0,0,0,#N/A,000,#N/A,#VALUE!,#VALUE!,#VALUE!,#VALUE!,#VALUE!,#VALUE!,#VALUE!,#VALUE!,#VALUE!,#VALUE!,#VALUE!,#VALUE!,#VALUE!,#VALUE!,#VALUE!,#VALUE!,#VALUE!,#VALUE!,#VALUE!,#VALUE!,#VALUE!,#VALUE!,#VALUE!,#VALUE!,#VALUE!,#VALUE!,#VALUE!,#VALUE!,#VALUE!,#VALUE!,#VALUE!,#VALUE!,#VALUE!,#VALUE!,#VALUE!,#VALUE!,#VALUE!,#VALUE!,#VALUE!,#VALUE!,#VALUE!,#VALUE!,#VALUE!,#VALUE!,#VALUE!,なし,#VALUE!,#VALUE!,#VALUE!,#VALUE!,#VALUE!,#VALUE!,#VALUE!,#VALUE!,#VALUE!,#VALUE!,#VALUE!,#VALUE!,#VALUE!,#VALUE!,#VALUE!,#VALUE!,#VALUE!,#VALUE!,なし,#VALUE!,#VALUE!,#VALUE!,0,0,0,0,0
20,0,0,0,0,0,0,0,0,0,0,0,0,#N/A,000,#N/A,#VALUE!,#VALUE!,#VALUE!,#VALUE!,#VALUE!,#VALUE!,#VALUE!,#VALUE!,#VALUE!,#VALUE!,#VALUE!,#VALUE!,#VALUE!,#VALUE!,#VALUE!,#VALUE!,#VALUE!,#VALUE!,#VALUE!,#VALUE!,#VALUE!,#VALUE!,#VALUE!,#VALUE!,#VALUE!,#VALUE!,#VALUE!,#VALUE!,#VALUE!,#VALUE!,#VALUE!,#VALUE!,#VALUE!,#VALUE!,#VALUE!,#VALUE!,#VALUE!,#VALUE!,#VALUE!,#VALUE!,#VALUE!,#VALUE!,#VALUE!,#VALUE!,#VALUE!,なし,#VALUE!,#VALUE!,#VALUE!,#VALUE!,#VALUE!,#VALUE!,#VALUE!,#VALUE!,#VALUE!,#VALUE!,#VALUE!,#VALUE!,#VALUE!,#VALUE!,#VALUE!,#VALUE!,#VALUE!,#VALUE!,なし,#VALUE!,#VALUE!,#VALUE!,0,0,0,0,0
20,0,0,0,0,0,0,0,0,0,0,0,0,#N/A,000,#N/A,#VALUE!,#VALUE!,#VALUE!,#VALUE!,#VALUE!,#VALUE!,#VALUE!,#VALUE!,#VALUE!,#VALUE!,#VALUE!,#VALUE!,#VALUE!,#VALUE!,#VALUE!,#VALUE!,#VALUE!,#VALUE!,#VALUE!,#VALUE!,#VALUE!,#VALUE!,#VALUE!,#VALUE!,#VALUE!,#VALUE!,#VALUE!,#VALUE!,#VALUE!,#VALUE!,#VALUE!,#VALUE!,#VALUE!,#VALUE!,#VALUE!,#VALUE!,#VALUE!,#VALUE!,#VALUE!,#VALUE!,#VALUE!,#VALUE!,#VALUE!,#VALUE!,#VALUE!,なし,#VALUE!,#VALUE!,#VALUE!,#VALUE!,#VALUE!,#VALUE!,#VALUE!,#VALUE!,#VALUE!,#VALUE!,#VALUE!,#VALUE!,#VALUE!,#VALUE!,#VALUE!,#VALUE!,#VALUE!,#VALUE!,なし,#VALUE!,#VALUE!,#VALUE!,0,0,0,0,0
20,0,0,0,0,0,0,0,0,0,0,0,0,#N/A,000,#N/A,#VALUE!,#VALUE!,#VALUE!,#VALUE!,#VALUE!,#VALUE!,#VALUE!,#VALUE!,#VALUE!,#VALUE!,#VALUE!,#VALUE!,#VALUE!,#VALUE!,#VALUE!,#VALUE!,#VALUE!,#VALUE!,#VALUE!,#VALUE!,#VALUE!,#VALUE!,#VALUE!,#VALUE!,#VALUE!,#VALUE!,#VALUE!,#VALUE!,#VALUE!,#VALUE!,#VALUE!,#VALUE!,#VALUE!,#VALUE!,#VALUE!,#VALUE!,#VALUE!,#VALUE!,#VALUE!,#VALUE!,#VALUE!,#VALUE!,#VALUE!,#VALUE!,#VALUE!,なし,#VALUE!,#VALUE!,#VALUE!,#VALUE!,#VALUE!,#VALUE!,#VALUE!,#VALUE!,#VALUE!,#VALUE!,#VALUE!,#VALUE!,#VALUE!,#VALUE!,#VALUE!,#VALUE!,#VALUE!,#VALUE!,なし,#VALUE!,#VALUE!,#VALUE!,0,0,0,0,0
20,0,0,0,0,0,0,0,0,0,0,0,0,#N/A,000,#N/A,#VALUE!,#VALUE!,#VALUE!,#VALUE!,#VALUE!,#VALUE!,#VALUE!,#VALUE!,#VALUE!,#VALUE!,#VALUE!,#VALUE!,#VALUE!,#VALUE!,#VALUE!,#VALUE!,#VALUE!,#VALUE!,#VALUE!,#VALUE!,#VALUE!,#VALUE!,#VALUE!,#VALUE!,#VALUE!,#VALUE!,#VALUE!,#VALUE!,#VALUE!,#VALUE!,#VALUE!,#VALUE!,#VALUE!,#VALUE!,#VALUE!,#VALUE!,#VALUE!,#VALUE!,#VALUE!,#VALUE!,#VALUE!,#VALUE!,#VALUE!,#VALUE!,#VALUE!,なし,#VALUE!,#VALUE!,#VALUE!,#VALUE!,#VALUE!,#VALUE!,#VALUE!,#VALUE!,#VALUE!,#VALUE!,#VALUE!,#VALUE!,#VALUE!,#VALUE!,#VALUE!,#VALUE!,#VALUE!,#VALUE!,なし,#VALUE!,#VALUE!,#VALUE!,0,0,0,0,0
20,0,0,0,0,0,0,0,0,0,0,0,0,#N/A,000,#N/A,#VALUE!,#VALUE!,#VALUE!,#VALUE!,#VALUE!,#VALUE!,#VALUE!,#VALUE!,#VALUE!,#VALUE!,#VALUE!,#VALUE!,#VALUE!,#VALUE!,#VALUE!,#VALUE!,#VALUE!,#VALUE!,#VALUE!,#VALUE!,#VALUE!,#VALUE!,#VALUE!,#VALUE!,#VALUE!,#VALUE!,#VALUE!,#VALUE!,#VALUE!,#VALUE!,#VALUE!,#VALUE!,#VALUE!,#VALUE!,#VALUE!,#VALUE!,#VALUE!,#VALUE!,#VALUE!,#VALUE!,#VALUE!,#VALUE!,#VALUE!,#VALUE!,#VALUE!,なし,#VALUE!,#VALUE!,#VALUE!,#VALUE!,#VALUE!,#VALUE!,#VALUE!,#VALUE!,#VALUE!,#VALUE!,#VALUE!,#VALUE!,#VALUE!,#VALUE!,#VALUE!,#VALUE!,#VALUE!,#VALUE!,なし,#VALUE!,#VALUE!,#VALUE!,0,0,0,0,0
20,0,0,0,0,0,0,0,0,0,0,0,0,#N/A,000,#N/A,#VALUE!,#VALUE!,#VALUE!,#VALUE!,#VALUE!,#VALUE!,#VALUE!,#VALUE!,#VALUE!,#VALUE!,#VALUE!,#VALUE!,#VALUE!,#VALUE!,#VALUE!,#VALUE!,#VALUE!,#VALUE!,#VALUE!,#VALUE!,#VALUE!,#VALUE!,#VALUE!,#VALUE!,#VALUE!,#VALUE!,#VALUE!,#VALUE!,#VALUE!,#VALUE!,#VALUE!,#VALUE!,#VALUE!,#VALUE!,#VALUE!,#VALUE!,#VALUE!,#VALUE!,#VALUE!,#VALUE!,#VALUE!,#VALUE!,#VALUE!,#VALUE!,#VALUE!,なし,#VALUE!,#VALUE!,#VALUE!,#VALUE!,#VALUE!,#VALUE!,#VALUE!,#VALUE!,#VALUE!,#VALUE!,#VALUE!,#VALUE!,#VALUE!,#VALUE!,#VALUE!,#VALUE!,#VALUE!,#VALUE!,なし,#VALUE!,#VALUE!,#VALUE!,0,0,0,0,0
20,0,0,0,0,0,0,0,0,0,0,0,0,#N/A,000,#N/A,#VALUE!,#VALUE!,#VALUE!,#VALUE!,#VALUE!,#VALUE!,#VALUE!,#VALUE!,#VALUE!,#VALUE!,#VALUE!,#VALUE!,#VALUE!,#VALUE!,#VALUE!,#VALUE!,#VALUE!,#VALUE!,#VALUE!,#VALUE!,#VALUE!,#VALUE!,#VALUE!,#VALUE!,#VALUE!,#VALUE!,#VALUE!,#VALUE!,#VALUE!,#VALUE!,#VALUE!,#VALUE!,#VALUE!,#VALUE!,#VALUE!,#VALUE!,#VALUE!,#VALUE!,#VALUE!,#VALUE!,#VALUE!,#VALUE!,#VALUE!,#VALUE!,#VALUE!,なし,#VALUE!,#VALUE!,#VALUE!,#VALUE!,#VALUE!,#VALUE!,#VALUE!,#VALUE!,#VALUE!,#VALUE!,#VALUE!,#VALUE!,#VALUE!,#VALUE!,#VALUE!,#VALUE!,#VALUE!,#VALUE!,なし,#VALUE!,#VALUE!,#VALUE!,0,0,0,0,0
20,0,0,0,0,0,0,0,0,0,0,0,0,#N/A,000,#N/A,#VALUE!,#VALUE!,#VALUE!,#VALUE!,#VALUE!,#VALUE!,#VALUE!,#VALUE!,#VALUE!,#VALUE!,#VALUE!,#VALUE!,#VALUE!,#VALUE!,#VALUE!,#VALUE!,#VALUE!,#VALUE!,#VALUE!,#VALUE!,#VALUE!,#VALUE!,#VALUE!,#VALUE!,#VALUE!,#VALUE!,#VALUE!,#VALUE!,#VALUE!,#VALUE!,#VALUE!,#VALUE!,#VALUE!,#VALUE!,#VALUE!,#VALUE!,#VALUE!,#VALUE!,#VALUE!,#VALUE!,#VALUE!,#VALUE!,#VALUE!,#VALUE!,#VALUE!,なし,#VALUE!,#VALUE!,#VALUE!,#VALUE!,#VALUE!,#VALUE!,#VALUE!,#VALUE!,#VALUE!,#VALUE!,#VALUE!,#VALUE!,#VALUE!,#VALUE!,#VALUE!,#VALUE!,#VALUE!,#VALUE!,なし,#VALUE!,#VALUE!,#VALUE!,0,0,0,0,0
20,0,0,0,0,0,0,0,0,0,0,0,0,#N/A,000,#N/A,#VALUE!,#VALUE!,#VALUE!,#VALUE!,#VALUE!,#VALUE!,#VALUE!,#VALUE!,#VALUE!,#VALUE!,#VALUE!,#VALUE!,#VALUE!,#VALUE!,#VALUE!,#VALUE!,#VALUE!,#VALUE!,#VALUE!,#VALUE!,#VALUE!,#VALUE!,#VALUE!,#VALUE!,#VALUE!,#VALUE!,#VALUE!,#VALUE!,#VALUE!,#VALUE!,#VALUE!,#VALUE!,#VALUE!,#VALUE!,#VALUE!,#VALUE!,#VALUE!,#VALUE!,#VALUE!,#VALUE!,#VALUE!,#VALUE!,#VALUE!,#VALUE!,#VALUE!,なし,#VALUE!,#VALUE!,#VALUE!,#VALUE!,#VALUE!,#VALUE!,#VALUE!,#VALUE!,#VALUE!,#VALUE!,#VALUE!,#VALUE!,#VALUE!,#VALUE!,#VALUE!,#VALUE!,#VALUE!,#VALUE!,なし,#VALUE!,#VALUE!,#VALUE!,0,0,0,0,0
